config_id,model,feature_set,target,alpha,fold,train_n,valid_n,mape_pct,mae_cycles,rmse_cycles,nonpositive_prediction_n
ols_variance_only,ols,variance_only,raw,,1,23,6,6.493499163051972,53.41930926154871,69.62938293757543,0
ols_variance_only,ols,variance_only,raw,,2,23,6,10.996752792131934,81.34241856010128,96.61011589355834,0
ols_variance_only,ols,variance_only,raw,,3,23,6,7.643788435194161,64.62927621097418,81.84422257023785,0
ols_variance_only,ols,variance_only,raw,,4,23,6,10.473711241204175,95.5371424157313,107.2353945933898,0
ols_variance_only,ols,variance_only,raw,,5,24,5,7.476106121378942,54.51929763932412,85.07218357726072,0
ridge_variance_only_a0.1,ridge,variance_only,raw,0.1,1,23,6,6.449654980898504,53.14900169275224,69.51503004214929,0
ridge_variance_only_a0.1,ridge,variance_only,raw,0.1,2,23,6,10.985725795636975,81.24039667161098,96.44429535011898,0
ridge_variance_only_a0.1,ridge,variance_only,raw,0.1,3,23,6,7.624591841408153,64.46004225284902,81.85132527737555,0
ridge_variance_only_a0.1,ridge,variance_only,raw,0.1,4,23,6,10.491076648653513,95.72168581075704,107.50568801315495,0
ridge_variance_only_a0.1,ridge,variance_only,raw,0.1,5,24,5,7.510724216607367,54.62997136972801,84.82314083706598,0
ridge_variance_only_a10,ridge,variance_only,raw,10.0,1,23,6,8.421827633226448,64.76470496060007,71.23008108900339,0
ridge_variance_only_a10,ridge,variance_only,raw,10.0,2,23,6,10.253508922297689,74.45297015213322,87.73840717180195,0
ridge_variance_only_a10,ridge,variance_only,raw,10.0,3,23,6,7.071980881479058,59.39854501910239,88.09112130400366,0
ridge_variance_only_a10,ridge,variance_only,raw,10.0,4,23,6,11.68928976265714,108.45518006752995,126.76811219174601,0
ridge_variance_only_a10,ridge,variance_only,raw,10.0,5,24,5,10.38785206641967,65.71160887476908,82.4112451454325,0
ols_minimum_only,ols,minimum_only,raw,,1,23,6,7.089363172749638,56.12264326261417,64.57933375073544,0
ols_minimum_only,ols,minimum_only,raw,,2,23,6,11.682112642129749,85.31081543105427,99.04695497207359,0
ols_minimum_only,ols,minimum_only,raw,,3,23,6,7.157602353447752,59.352752619531294,78.32971939517664,0
ols_minimum_only,ols,minimum_only,raw,,4,23,6,10.93326475736269,99.97020850012188,114.7969395563611,0
ols_minimum_only,ols,minimum_only,raw,,5,24,5,7.5665932003274765,54.27379624716732,82.91739457090469,0
ridge_minimum_only_a0.1,ridge,minimum_only,raw,0.1,1,23,6,7.042939492718691,55.840632949224336,64.47024619478717,0
ridge_minimum_only_a0.1,ridge,minimum_only,raw,0.1,2,23,6,11.668118719877226,85.19161433533041,98.8924822226583,0
ridge_minimum_only_a0.1,ridge,minimum_only,raw,0.1,3,23,6,7.140510461314322,59.20636075487556,78.4164896920938,0
ridge_minimum_only_a0.1,ridge,minimum_only,raw,0.1,4,23,6,10.948640755651157,100.13556113287747,115.0367904490251,0
ridge_minimum_only_a0.1,ridge,minimum_only,raw,0.1,5,24,5,7.447235793971256,53.547452694274476,82.4331813874357,0
ridge_minimum_only_a10,ridge,minimum_only,raw,10.0,1,23,6,7.9596632758638615,61.34590326604789,67.43469234536262,0
ridge_minimum_only_a10,ridge,minimum_only,raw,10.0,2,23,6,10.942966952446605,79.08251276872734,90.56400826959725,0
ridge_minimum_only_a10,ridge,minimum_only,raw,10.0,3,23,6,7.29095571297721,60.50013925460316,88.64402343346734,0
ridge_minimum_only_a10,ridge,minimum_only,raw,10.0,4,23,6,12.009584637555488,111.5448927930142,132.11164693743,0
ridge_minimum_only_a10,ridge,minimum_only,raw,10.0,5,24,5,7.739803588821596,51.045485032747685,67.5556635961259,0
ols_variance_retained,ols,variance_retained,raw,,1,23,6,13.299694751859063,99.84893825741807,122.13974347636308,0
ols_variance_retained,ols,variance_retained,raw,,2,23,6,11.245121911275648,83.09404369026883,97.8784387592049,0
ols_variance_retained,ols,variance_retained,raw,,3,23,6,7.753995728506252,65.37063952442497,82.1632581657779,0
ols_variance_retained,ols,variance_retained,raw,,4,23,6,10.541397941826038,96.03662094458504,107.58716046855513,0
ols_variance_retained,ols,variance_retained,raw,,5,24,5,7.426800785374439,54.196287257073166,84.87861785071652,0
ridge_variance_retained_a0.1,ridge,variance_retained,raw,0.1,1,23,6,12.695271335985419,95.7581942679369,116.02070893049428,0
ridge_variance_retained_a0.1,ridge,variance_retained,raw,0.1,2,23,6,11.23912645440156,83.0281002959065,97.74300136739899,0
ridge_variance_retained_a0.1,ridge,variance_retained,raw,0.1,3,23,6,7.737981530820903,65.22356130753805,82.1792010541274,0
ridge_variance_retained_a0.1,ridge,variance_retained,raw,0.1,4,23,6,10.559695888108022,96.22670610050706,107.85738785224105,0
ridge_variance_retained_a0.1,ridge,variance_retained,raw,0.1,5,24,5,7.457192613150735,54.27982110835478,84.6140573480766,0
ridge_variance_retained_a10,ridge,variance_retained,raw,10.0,1,23,6,13.361417736202611,97.86800665817675,115.19182600931697,0
ridge_variance_retained_a10,ridge,variance_retained,raw,10.0,2,23,6,10.700422546014448,77.62740733851545,90.43559160620894,0
ridge_variance_retained_a10,ridge,variance_retained,raw,10.0,3,23,6,7.236612125405394,60.39918593558534,88.37333999935885,0
ridge_variance_retained_a10,ridge,variance_retained,raw,10.0,4,23,6,11.760715167710922,108.81544834314629,126.48644954649563,0
ridge_variance_retained_a10,ridge,variance_retained,raw,10.0,5,24,5,10.208644926274568,64.79793829717474,81.11849071633264,0
ols_variance_masked,ols,variance_masked,raw,,1,23,6,8.158101785442309,64.32053085947831,75.64386979480852,0
ols_variance_masked,ols,variance_masked,raw,,2,23,6,11.37683969886688,84.18330222045216,98.86198967935648,0
ols_variance_masked,ols,variance_masked,raw,,3,23,6,7.629889665858634,64.54022355534333,81.77839015880166,0
ols_variance_masked,ols,variance_masked,raw,,4,23,6,10.875262135928425,99.04163864291236,110.71727059861972,0
ols_variance_masked,ols,variance_masked,raw,,5,24,5,18.619838666490825,114.93245363890826,146.75106333374558,0
ridge_variance_masked_a0.1,ridge,variance_masked,raw,0.1,1,23,6,7.972954718267353,63.12698643950506,74.87657308414987,0
ridge_variance_masked_a0.1,ridge,variance_masked,raw,0.1,2,23,6,11.398678532028413,84.32806568746726,98.90157993802788,0
ridge_variance_masked_a0.1,ridge,variance_masked,raw,0.1,3,23,6,7.625481153309112,64.46575539236096,81.85557171410046,0
ridge_variance_masked_a0.1,ridge,variance_masked,raw,0.1,4,23,6,10.9091687758475,99.3672372556823,111.12048942640071,0
ridge_variance_masked_a0.1,ridge,variance_masked,raw,0.1,5,24,5,18.354963294269634,113.39924144705697,144.70968205806656,0
ridge_variance_masked_a10,ridge,variance_masked,raw,10.0,1,23,6,8.556237264224848,64.6642095968104,71.54076313610437,0
ridge_variance_masked_a10,ridge,variance_masked,raw,10.0,2,23,6,11.670781285731845,85.25973998002605,97.09242352240243,0
ridge_variance_masked_a10,ridge,variance_masked,raw,10.0,3,23,6,7.482712813173141,62.035173357995234,89.72439010536692,0
ridge_variance_masked_a10,ridge,variance_masked,raw,10.0,4,23,6,12.313669809225646,113.41937554152555,130.25682127956532,0
ridge_variance_masked_a10,ridge,variance_masked,raw,10.0,5,24,5,9.854825230232697,62.89967389753967,79.09812873045529,0
ols_minimum_retained,ols,minimum_retained,raw,,1,23,6,24.16204141174777,171.94057888360726,255.16428130089017,0
ols_minimum_retained,ols,minimum_retained,raw,,2,23,6,12.044295761616914,87.91417923311714,101.22355576507438,0
ols_minimum_retained,ols,minimum_retained,raw,,3,23,6,7.37535048659247,60.90248637803577,79.09532550718826,0
ols_minimum_retained,ols,minimum_retained,raw,,4,23,6,10.998515925809944,100.3708880268747,114.89282302708038,0
ols_minimum_retained,ols,minimum_retained,raw,,5,24,5,7.558027739314491,54.021957193375194,82.67313326214378,0
ridge_minimum_retained_a0.1,ridge,minimum_retained,raw,0.1,1,23,6,22.999780321420445,164.10003726110673,240.90838163836642,0
ridge_minimum_retained_a0.1,ridge,minimum_retained,raw,0.1,2,23,6,12.034074927382026,87.82270965160298,101.09426920015086,0
ridge_minimum_retained_a0.1,ridge,minimum_retained,raw,0.1,3,23,6,7.361023580819302,60.77648397833133,79.18418643651468,0
ridge_minimum_retained_a0.1,ridge,minimum_retained,raw,0.1,4,23,6,11.014184328828454,100.53599569899488,115.12527169647151,0
ridge_minimum_retained_a0.1,ridge,minimum_retained,raw,0.1,5,24,5,7.440587294851661,53.30511557489042,82.1899308754985,0
ridge_minimum_retained_a10,ridge,minimum_retained,raw,10.0,1,23,6,11.46318865053802,84.61157421851158,97.24862142399131,0
ridge_minimum_retained_a10,ridge,minimum_retained,raw,10.0,2,23,6,11.257463534729313,81.06190201792789,93.66240303812347,0
ridge_minimum_retained_a10,ridge,minimum_retained,raw,10.0,3,23,6,7.287231858765307,60.02174638784275,88.81057608535967,0
ridge_minimum_retained_a10,ridge,minimum_retained,raw,10.0,4,23,6,12.05902301025731,111.6468587901681,131.38815278412562,0
ridge_minimum_retained_a10,ridge,minimum_retained,raw,10.0,5,24,5,7.522506946376866,49.983280322784665,66.55700543001582,0
ols_minimum_masked,ols,minimum_masked,raw,,1,23,6,11.605893026806461,85.17759354366284,87.08992507784501,0
ols_minimum_masked,ols,minimum_masked,raw,,2,23,6,11.633078624795402,84.9363795813374,98.7513541248882,0
ols_minimum_masked,ols,minimum_masked,raw,,3,23,6,6.998274744187938,58.238274457069984,77.19319911855229,0
ols_minimum_masked,ols,minimum_masked,raw,,4,23,6,10.969506418767851,100.28286925676083,115.0796773018098,0
ols_minimum_masked,ols,minimum_masked,raw,,5,24,5,10.385922145281071,68.66303566860964,99.34539339042401,0
ridge_minimum_masked_a0.1,ridge,minimum_masked,raw,0.1,1,23,6,11.252758861720862,82.92811897458263,84.94557754003851,0
ridge_minimum_masked_a0.1,ridge,minimum_masked,raw,0.1,2,23,6,11.659475265627751,85.12559322297521,98.84016229697302,0
ridge_minimum_masked_a0.1,ridge,minimum_masked,raw,0.1,3,23,6,7.001747722857576,58.234442298615306,77.43112096906785,0
ridge_minimum_masked_a0.1,ridge,minimum_masked,raw,0.1,4,23,6,11.009997229760286,100.66434960030814,115.51370993722662,0
ridge_minimum_masked_a0.1,ridge,minimum_masked,raw,0.1,5,24,5,10.237457196192093,67.78489364520915,98.28078771686319,0
ridge_minimum_masked_a10,ridge,minimum_masked,raw,10.0,1,23,6,8.221285283743942,62.210021953964485,67.78584587008882,0
ridge_minimum_masked_a10,ridge,minimum_masked,raw,10.0,2,23,6,11.95551872717387,86.68858539486558,98.4958596919296,0
ridge_minimum_masked_a10,ridge,minimum_masked,raw,10.0,3,23,6,7.596342201376964,62.3857900795908,90.26599387647234,0
ridge_minimum_masked_a10,ridge,minimum_masked,raw,10.0,4,23,6,12.518028447016224,115.49229290510554,134.32403660454708,0
ridge_minimum_masked_a10,ridge,minimum_masked,raw,10.0,5,24,5,6.432565185629044,44.17810787590722,62.3014562973351,0
