batch,cell_id,barcode_key,cv_valid_fold,early_high_QD_rows,QD_slope_retained,QD_slope_masked,masked_minus_retained,slope_changed
batch1,9,EL150800460468,4,0,5.299069915599302e-06,5.299069915599302e-06,0.0,False
batch1,11,EL150800463882,5,0,4.613694855870166e-06,4.613694855870166e-06,0.0,False
batch1,14,EL150800463838,2,0,1.630952062430929e-05,1.630952062430929e-05,0.0,False
batch1,15,EL150800453113,2,0,1.673795190317282e-05,1.673795190317282e-05,0.0,False
batch1,16,EL150800460653,3,0,1.3498762541802934e-05,1.3498762541802934e-05,0.0,False
batch1,17,EL150800460522,3,0,5.362154801722931e-06,5.362154801722931e-06,0.0,False
batch1,18,EL150800453240,1,1,-0.000495888361204,-6.229287805528483e-05,0.00043359548314871515,True
batch1,19,EL150800464881,1,0,-2.0336293995851352e-05,-2.0336293995851352e-05,0.0,False
batch1,20,EL150800464002,5,0,-0.0001494513553113,-0.0001494513553113,0.0,False
batch1,21,EL150800463871,5,0,-9.035583054625644e-05,-9.035583054625644e-05,0.0,False
batch1,23,EL150800460477,4,0,-1.5297888198762094e-05,-1.5297888198762094e-05,0.0,False
batch1,24,EL150800460630,3,0,-7.558493390664127e-06,-7.558493390664127e-06,0.0,False
batch1,25,EL150800460617,3,0,-1.0512616658699724e-05,-1.0512616658699724e-05,0.0,False
batch1,26,EL150800460659,4,0,-2.466089186176011e-05,-2.466089186176011e-05,0.0,False
batch1,27,EL150800463198,4,0,-2.038187609491857e-05,-2.038187609491857e-05,0.0,False
batch1,28,EL150800460507,1,0,-1.5225352763173364e-05,-1.5225352763173364e-05,0.0,False
batch1,29,EL150800460644,1,0,-1.4454562828473085e-05,-1.4454562828473085e-05,0.0,False
batch1,30,EL150800460615,2,0,-2.5976043956036012e-05,-2.5976043956036012e-05,0.0,False
batch1,31,EL150800460481,2,0,-3.470540531931799e-05,-3.470540531931799e-05,0.0,False
batch1,32,EL150800460640,5,0,-2.147387004299617e-05,-2.147387004299617e-05,0.0,False
batch1,33,EL150800460436,5,0,-3.1796946966077e-05,-3.1796946966077e-05,0.0,False
batch1,34,EL150800460525,4,0,-1.039801560758028e-05,-1.039801560758028e-05,0.0,False
batch1,35,EL150800460622,4,0,-5.950627488450408e-06,-5.950627488450408e-06,0.0,False
batch1,36,EL150800460506,3,0,-1.628153049849124e-05,-1.628153049849124e-05,0.0,False
batch1,37,EL150800460601,3,0,-1.9236196846627564e-05,-1.9236196846627564e-05,0.0,False
batch1,42,EL150800460618,2,0,-7.099162286985007e-06,-7.099162286985007e-06,0.0,False
batch1,43,EL150800460636,2,0,-3.225106864150365e-05,-3.225106864150365e-05,0.0,False
batch1,44,EL150800460485,1,0,-4.222089504697998e-05,-4.222089504697998e-05,0.0,False
batch1,45,EL150800460656,1,0,-2.2526972447838814e-05,-2.2526972447838814e-05,0.0,False
