config_id,model,feature_set,target,alpha,fold,batch,cell_id,barcode_key,protocol_key,actual_life,predicted_life,error_cycles,absolute_error_cycles,ape_pct
ols_variance_only,ols,variance_only,raw,,1,batch1,18,EL150800453240,5.4C(70%)-3C,691.0,704.3244244539169,13.32442445391689,13.32442445391689,1.9282813970936166
ols_variance_only,ols,variance_only,raw,,1,batch1,19,EL150800464881,5.4C(70%)-3C,788.0,689.8146788983042,-98.18532110169576,98.18532110169576,12.460066129656823
ols_variance_only,ols,variance_only,raw,,1,batch1,28,EL150800460507,6C(50%)-3C,860.0,797.9174685802658,-62.08253141973421,62.08253141973421,7.218899002294675
ols_variance_only,ols,variance_only,raw,,1,batch1,29,EL150800460644,6C(50%)-3C,917.0,794.8254017515961,-122.17459824840387,122.17459824840387,13.323293156859746
ols_variance_only,ols,variance_only,raw,,1,batch1,44,EL150800460485,8C(35%)-3.6C,616.0,594.0213684283142,-21.97863157168581,21.97863157168581,3.5679596707282157
ols_variance_only,ols,variance_only,raw,,1,batch1,45,EL150800460656,8C(35%)-3.6C,599.0,596.2296512261443,-2.770348773855744,2.770348773855744,0.4624956216787553
ols_variance_only,ols,variance_only,raw,,2,batch1,14,EL150800463838,5.4C(60%)-3C,880.0,921.1266639290611,41.126663929061124,41.126663929061124,4.67348453739331
ols_variance_only,ols,variance_only,raw,,2,batch1,15,EL150800453113,5.4C(60%)-3C,719.0,907.0106254969322,188.01062549693222,188.01062549693222,26.148904797904343
ols_variance_only,ols,variance_only,raw,,2,batch1,30,EL150800460615,6C(50%)-3.6C,709.0,769.8447359130945,60.844735913094496,60.844735913094496,8.581768111861
ols_variance_only,ols,variance_only,raw,,2,batch1,31,EL150800460481,6C(50%)-3.6C,876.0,786.4268345351323,-89.57316546486766,89.57316546486766,10.225247199185805
ols_variance_only,ols,variance_only,raw,,2,batch1,42,EL150800460618,8C(25%)-3.6C,702.0,730.2669349424355,28.266934942435455,28.266934942435455,4.026628909178839
ols_variance_only,ols,variance_only,raw,,2,batch1,43,EL150800460636,8C(25%)-3.6C,651.0,731.2323856142167,80.2323856142167,80.2323856142167,12.324483197268309
ols_variance_only,ols,variance_only,raw,,3,batch1,16,EL150800460653,5.4C(60%)-3.6C,862.0,929.1219053368332,67.12190533683315,67.12190533683315,7.786763960189461
ols_variance_only,ols,variance_only,raw,,3,batch1,17,EL150800460522,5.4C(60%)-3.6C,857.0,868.3916339098673,11.391633909867323,11.391633909867323,1.3292454970673657
ols_variance_only,ols,variance_only,raw,,3,batch1,24,EL150800460630,6C(40%)-3C,1017.0,853.5927600843102,-163.40723991568984,163.40723991568984,16.067575212948853
ols_variance_only,ols,variance_only,raw,,3,batch1,25,EL150800460617,6C(40%)-3C,854.0,895.5158558926437,41.515855892643685,41.515855892643685,4.861341439419635
ols_variance_only,ols,variance_only,raw,,3,batch1,36,EL150800460506,7C(40%)-3C,704.0,727.1270165133434,23.127016513343392,23.127016513343392,3.2850875729180955
ols_variance_only,ols,variance_only,raw,,3,batch1,37,EL150800460601,7C(40%)-3C,648.0,729.2120056974677,81.2120056974677,81.2120056974677,12.532716928621559
ols_variance_only,ols,variance_only,raw,,4,batch1,9,EL150800460468,5.4C(40%)-3.6C,1054.0,879.0259065126012,-174.97409348739882,174.97409348739882,16.6009576363756
ols_variance_only,ols,variance_only,raw,,4,batch1,23,EL150800460477,6C(30%)-3.6C,1014.0,871.4249168855586,-142.57508311444144,142.57508311444144,14.060659084264442
ols_variance_only,ols,variance_only,raw,,4,batch1,26,EL150800460659,6C(40%)-3.6C,870.0,771.0161335719715,-98.98386642802848,98.98386642802848,11.377455911267642
ols_variance_only,ols,variance_only,raw,,4,batch1,27,EL150800463198,6C(40%)-3.6C,842.0,794.9284196309952,-47.07158036900478,47.07158036900478,5.590448974941185
ols_variance_only,ols,variance_only,raw,,4,batch1,34,EL150800460525,7C(30%)-3.6C,742.0,792.848457834638,50.848457834638,50.848457834638,6.852891891460646
ols_variance_only,ols,variance_only,raw,,4,batch1,35,EL150800460622,7C(30%)-3.6C,703.0,761.7697732608763,58.76977326087626,58.76977326087626,8.359853948915543
ols_variance_only,ols,variance_only,raw,,5,batch1,11,EL150800463882,5.4C(50%)-3C,788.0,970.9752626625373,182.97526266253726,182.97526266253726,23.22021099778392
ols_variance_only,ols,variance_only,raw,,5,batch1,20,EL150800464002,5.4C(80%)-5.4C,534.0,571.4566932895613,37.45669328956126,37.45669328956126,7.014362039243681
ols_variance_only,ols,variance_only,raw,,5,batch1,21,EL150800463871,5.4C(80%)-5.4C,559.0,562.7970016188319,3.7970016188319278,3.7970016188319278,0.6792489479126883
ols_variance_only,ols,variance_only,raw,,5,batch1,32,EL150800460640,6C(60%)-3C,731.0,714.5397456664966,-16.46025433350337,16.46025433350337,2.25174477886503
ols_variance_only,ols,variance_only,raw,,5,batch1,33,EL150800460436,6C(60%)-3C,757.0,725.0927237078132,-31.907276292186793,31.907276292186793,4.2149638430894045
ridge_variance_only_a0.1,ridge,variance_only,raw,0.1,1,batch1,18,EL150800453240,5.4C(70%)-3C,691.0,704.6770572861321,13.67705728613214,13.67705728613214,1.979313644881641
ridge_variance_only_a0.1,ridge,variance_only,raw,0.1,1,batch1,19,EL150800464881,5.4C(70%)-3C,788.0,690.2301244818426,-97.76987551815739,97.76987551815739,12.407344608903221
ridge_variance_only_a0.1,ridge,variance_only,raw,0.1,1,batch1,28,EL150800460507,6C(50%)-3C,860.0,797.8649367192934,-62.13506328070662,62.13506328070662,7.2250073582217
ridge_variance_only_a0.1,ridge,variance_only,raw,0.1,1,batch1,29,EL150800460644,6C(50%)-3C,917.0,794.7862554613106,-122.21374453868941,122.21374453868941,13.327562108908332
ridge_variance_only_a0.1,ridge,variance_only,raw,0.1,1,batch1,44,EL150800460485,8C(35%)-3.6C,616.0,594.8515036675668,-21.148496332433183,21.148496332433183,3.4331974565638284
ridge_variance_only_a0.1,ridge,variance_only,raw,0.1,1,batch1,45,EL150800460656,8C(35%)-3.6C,599.0,597.0502267996053,-1.9497732003947021,1.9497732003947021,0.3255047079123042
ridge_variance_only_a0.1,ridge,variance_only,raw,0.1,2,batch1,14,EL150800463838,5.4C(60%)-3C,880.0,920.5283365678024,40.5283365678024,40.5283365678024,4.605492791795727
ridge_variance_only_a0.1,ridge,variance_only,raw,0.1,2,batch1,15,EL150800453113,5.4C(60%)-3C,719.0,906.4734065271545,187.47340652715445,187.47340652715445,26.07418727776835
ridge_variance_only_a0.1,ridge,variance_only,raw,0.1,2,batch1,30,EL150800460615,6C(50%)-3.6C,709.0,769.9013086731168,60.90130867311677,60.90130867311677,8.589747344586288
ridge_variance_only_a0.1,ridge,variance_only,raw,0.1,2,batch1,31,EL150800460481,6C(50%)-3.6C,876.0,786.411623318436,-89.588376681564,89.588376681564,10.226983639447946
ridge_variance_only_a0.1,ridge,variance_only,raw,0.1,2,batch1,42,EL150800460618,8C(25%)-3.6C,702.0,730.4948401741923,28.49484017419229,28.49484017419229,4.059094041907734
ridge_variance_only_a0.1,ridge,variance_only,raw,0.1,2,batch1,43,EL150800460636,8C(25%)-3.6C,651.0,731.4561114058359,80.45611140583594,80.45611140583594,12.358849678315813
ridge_variance_only_a0.1,ridge,variance_only,raw,0.1,3,batch1,16,EL150800460653,5.4C(60%)-3.6C,862.0,928.4127384212022,66.41273842120222,66.41273842120222,7.704494016380768
ridge_variance_only_a0.1,ridge,variance_only,raw,0.1,3,batch1,17,EL150800460522,5.4C(60%)-3.6C,857.0,867.9453686021453,10.945368602145322,10.945368602145322,1.2771725323390108
ridge_variance_only_a0.1,ridge,variance_only,raw,0.1,3,batch1,24,EL150800460630,6C(40%)-3C,1017.0,853.2105591654433,-163.78944083455667,163.78944083455667,16.105156424243525
ridge_variance_only_a0.1,ridge,variance_only,raw,0.1,3,batch1,25,EL150800460617,6C(40%)-3C,854.0,894.9521697105373,40.952169710537305,40.952169710537305,4.795336031678842
ridge_variance_only_a0.1,ridge,variance_only,raw,0.1,3,batch1,36,EL150800460506,7C(40%)-3C,704.0,727.2922863458662,23.29228634586616,23.29228634586616,3.308563401401443
ridge_variance_only_a0.1,ridge,variance_only,raw,0.1,3,batch1,37,EL150800460601,7C(40%)-3C,648.0,729.3682496027865,81.36824960278648,81.36824960278648,12.55682864240532
ridge_variance_only_a0.1,ridge,variance_only,raw,0.1,4,batch1,9,EL150800460468,5.4C(40%)-3.6C,1054.0,878.4803398177414,-175.51966018225858,175.51966018225858,16.652719182377474
ridge_variance_only_a0.1,ridge,variance_only,raw,0.1,4,batch1,23,EL150800460477,6C(30%)-3.6C,1014.0,870.9122549076989,-143.08774509230113,143.08774509230113,14.111217464723978
ridge_variance_only_a0.1,ridge,variance_only,raw,0.1,4,batch1,26,EL150800460659,6C(40%)-3.6C,870.0,770.9381416517466,-99.0618583482534,99.0618583482534,11.38642049979924
ridge_variance_only_a0.1,ridge,variance_only,raw,0.1,4,batch1,27,EL150800463198,6C(40%)-3.6C,842.0,794.7469113209042,-47.253088679095754,47.253088679095754,5.6120057813652915
ridge_variance_only_a0.1,ridge,variance_only,raw,0.1,4,batch1,34,EL150800460525,7C(30%)-3.6C,742.0,792.6759536881677,50.67595368816774,50.67595368816774,6.8296433542005035
ridge_variance_only_a0.1,ridge,variance_only,raw,0.1,4,batch1,35,EL150800460622,7C(30%)-3.6C,703.0,761.7318088744656,58.73180887446563,58.73180887446563,8.35445360945457
ridge_variance_only_a0.1,ridge,variance_only,raw,0.1,5,batch1,11,EL150800463882,5.4C(50%)-3C,788.0,970.2614994702999,182.2614994702999,182.2614994702999,23.129631912474608
ridge_variance_only_a0.1,ridge,variance_only,raw,0.1,5,batch1,20,EL150800464002,5.4C(80%)-5.4C,534.0,572.4006834972117,38.40068349721173,38.40068349721173,7.19113923168759
ridge_variance_only_a0.1,ridge,variance_only,raw,0.1,5,batch1,21,EL150800463871,5.4C(80%)-5.4C,559.0,563.7769241570663,4.7769241570663326,4.7769241570663326,0.85454814974353
ridge_variance_only_a0.1,ridge,variance_only,raw,0.1,5,batch1,32,EL150800460640,6C(60%)-3C,731.0,714.8900302626246,-16.109969737375422,16.109969737375422,2.203826229463122
ridge_variance_only_a0.1,ridge,variance_only,raw,0.1,5,batch1,33,EL150800460436,6C(60%)-3C,757.0,725.3992200133133,-31.60077998668669,31.60077998668669,4.17447555966799
ridge_variance_only_a10,ridge,variance_only,raw,10.0,1,batch1,18,EL150800453240,5.4C(70%)-3C,691.0,729.0087227089881,38.0087227089881,38.0087227089881,5.500538742255876
ridge_variance_only_a10,ridge,variance_only,raw,10.0,1,batch1,19,EL150800464881,5.4C(70%)-3C,788.0,718.8958697459854,-69.10413025401465,69.10413025401465,8.769559676905413
ridge_variance_only_a10,ridge,variance_only,raw,10.0,1,batch1,28,EL150800460507,6C(50%)-3C,860.0,794.240238312201,-65.75976168779903,65.75976168779903,7.646483917185933
ridge_variance_only_a10,ridge,variance_only,raw,10.0,1,batch1,29,EL150800460644,6C(50%)-3C,917.0,792.0851614316131,-124.91483856838693,124.91483856838693,13.622119800260299
ridge_variance_only_a10,ridge,variance_only,raw,10.0,1,batch1,44,EL150800460485,8C(35%)-3.6C,616.0,652.1308351759924,36.13083517599239,36.13083517599239,5.865395320777985
ridge_variance_only_a10,ridge,variance_only,raw,10.0,1,batch1,45,EL150800460656,8C(35%)-3.6C,599.0,653.6699413684194,54.66994136841936,54.66994136841936,9.126868341973182
ridge_variance_only_a10,ridge,variance_only,raw,10.0,2,batch1,14,EL150800463838,5.4C(60%)-3C,880.0,879.2437486409399,-0.7562513590601156,0.7562513590601156,0.08593765443864951
ridge_variance_only_a10,ridge,variance_only,raw,10.0,2,batch1,15,EL150800453113,5.4C(60%)-3C,719.0,869.4052976124864,150.40529761248638,150.40529761248638,20.918678388384752
ridge_variance_only_a10,ridge,variance_only,raw,10.0,2,batch1,30,EL150800460615,6C(50%)-3.6C,709.0,773.80482911466,64.80482911466004,64.80482911466004,9.140314402631882
ridge_variance_only_a10,ridge,variance_only,raw,10.0,2,batch1,31,EL150800460481,6C(50%)-3.6C,876.0,785.3620493663834,-90.63795063361658,90.63795063361658,10.34679801753614
ridge_variance_only_a10,ridge,variance_only,raw,10.0,2,batch1,42,EL150800460618,8C(25%)-3.6C,702.0,746.2203011654128,44.22030116541282,44.22030116541282,6.2991882002012565
ridge_variance_only_a10,ridge,variance_only,raw,10.0,2,batch1,43,EL150800460636,8C(25%)-3.6C,651.0,746.8931910275634,95.89319102756338,95.89319102756338,14.730136870593451
ridge_variance_only_a10,ridge,variance_only,raw,10.0,3,batch1,16,EL150800460653,5.4C(60%)-3.6C,862.0,879.4802212426675,17.48022124266754,17.48022124266754,2.027867893580921
ridge_variance_only_a10,ridge,variance_only,raw,10.0,3,batch1,17,EL150800460522,5.4C(60%)-3.6C,857.0,837.1530623693278,-19.846937630672187,19.846937630672187,2.315862033917408
ridge_variance_only_a10,ridge,variance_only,raw,10.0,3,batch1,24,EL150800460630,6C(40%)-3C,1017.0,826.8386957636365,-190.16130423636355,190.16130423636355,18.69826000357557
ridge_variance_only_a10,ridge,variance_only,raw,10.0,3,batch1,25,EL150800460617,6C(40%)-3C,854.0,856.0578231452022,2.0578231452021782,2.0578231452021782,0.24096289756465789
ridge_variance_only_a10,ridge,variance_only,raw,10.0,3,batch1,36,EL150800460506,7C(40%)-3C,704.0,738.6959047899323,34.69590478993234,34.69590478993234,4.928395566751753
ridge_variance_only_a10,ridge,variance_only,raw,10.0,3,batch1,37,EL150800460601,7C(40%)-3C,648.0,740.1490790697766,92.14907906977658,92.14907906977658,14.22053689348404
ridge_variance_only_a10,ridge,variance_only,raw,10.0,4,batch1,9,EL150800460468,5.4C(40%)-3.6C,1054.0,840.8362378724189,-213.1637621275811,213.1637621275811,20.224265856506747
ridge_variance_only_a10,ridge,variance_only,raw,10.0,4,batch1,23,EL150800460477,6C(30%)-3.6C,1014.0,835.5385784353892,-178.46142156461076,178.46142156461076,17.59974571643104
ridge_variance_only_a10,ridge,variance_only,raw,10.0,4,batch1,26,EL150800460659,6C(40%)-3.6C,870.0,765.5566991562225,-104.44330084377748,104.44330084377748,12.004977108480169
ridge_variance_only_a10,ridge,variance_only,raw,10.0,4,batch1,27,EL150800463198,6C(40%)-3.6C,842.0,782.2228379246329,-59.77716207536707,59.77716207536707,7.099425424627918
ridge_variance_only_a10,ridge,variance_only,raw,10.0,4,batch1,34,EL150800460525,7C(30%)-3.6C,742.0,780.7731675817174,38.773167581717416,38.773167581717416,5.225494283250326
ridge_variance_only_a10,ridge,variance_only,raw,10.0,4,batch1,35,EL150800460622,7C(30%)-3.6C,703.0,759.1122662121259,56.11226621212586,56.11226621212586,7.981830186646637
ridge_variance_only_a10,ridge,variance_only,raw,10.0,5,batch1,11,EL150800463882,5.4C(50%)-3C,788.0,920.382048153948,132.38204815394795,132.38204815394795,16.7997523038005
ridge_variance_only_a10,ridge,variance_only,raw,10.0,5,batch1,20,EL150800464002,5.4C(80%)-5.4C,534.0,638.3689403612591,104.36894036125909,104.36894036125909,19.544745386003573
ridge_variance_only_a10,ridge,variance_only,raw,10.0,5,batch1,21,EL150800463871,5.4C(80%)-5.4C,559.0,632.2562168289794,73.2562168289794,73.2562168289794,13.104868842393453
ridge_variance_only_a10,ridge,variance_only,raw,10.0,5,batch1,32,EL150800460640,6C(60%)-3C,731.0,739.3687420390958,8.368742039095764,8.368742039095764,1.1448347522702824
ridge_variance_only_a10,ridge,variance_only,raw,10.0,5,batch1,33,EL150800460436,6C(60%)-3C,757.0,746.8179030094368,-10.182096990563196,10.182096990563196,1.345059047630541
ols_minimum_only,ols,minimum_only,raw,,1,batch1,18,EL150800453240,5.4C(70%)-3C,691.0,731.2004165472833,40.20041654728334,40.20041654728334,5.8177158534418725
ols_minimum_only,ols,minimum_only,raw,,1,batch1,19,EL150800464881,5.4C(70%)-3C,788.0,713.8622612043889,-74.13773879561109,74.13773879561109,9.408342486752677
ols_minimum_only,ols,minimum_only,raw,,1,batch1,28,EL150800460507,6C(50%)-3C,860.0,799.3885045217706,-60.61149547822936,60.61149547822936,7.047848311422018
ols_minimum_only,ols,minimum_only,raw,,1,batch1,29,EL150800460644,6C(50%)-3C,917.0,802.7884852359447,-114.21151476405532,114.21151476405532,12.454908916472771
ols_minimum_only,ols,minimum_only,raw,,1,batch1,44,EL150800460485,8C(35%)-3.6C,616.0,586.7006189482786,-29.29938105172141,29.29938105172141,4.756393027876853
ols_minimum_only,ols,minimum_only,raw,,1,batch1,45,EL150800460656,8C(35%)-3.6C,599.0,580.7246870612155,-18.27531293878451,18.27531293878451,3.050970440531638
ols_minimum_only,ols,minimum_only,raw,,2,batch1,14,EL150800463838,5.4C(60%)-3C,880.0,913.1046928444064,33.10469284440637,33.10469284440637,3.761896914137088
ols_minimum_only,ols,minimum_only,raw,,2,batch1,15,EL150800453113,5.4C(60%)-3C,719.0,906.4412816284093,187.44128162840934,187.44128162840934,26.069719280724527
ols_minimum_only,ols,minimum_only,raw,,2,batch1,30,EL150800460615,6C(50%)-3.6C,709.0,784.8606713074976,75.86067130749757,75.86067130749757,10.699671552538444
ols_minimum_only,ols,minimum_only,raw,,2,batch1,31,EL150800460481,6C(50%)-3.6C,876.0,798.5560050400696,-77.44399495993036,77.44399495993036,8.840638694055977
ols_minimum_only,ols,minimum_only,raw,,2,batch1,42,EL150800460618,8C(25%)-3.6C,702.0,744.9757955140713,42.97579551407125,42.97579551407125,6.121908192887642
ols_minimum_only,ols,minimum_only,raw,,2,batch1,43,EL150800460636,8C(25%)-3.6C,651.0,746.0384563320107,95.0384563320107,95.0384563320107,14.598841218434824
ols_minimum_only,ols,minimum_only,raw,,3,batch1,16,EL150800460653,5.4C(60%)-3.6C,862.0,898.0075824242351,36.007582424235125,36.007582424235125,4.177213738310339
ols_minimum_only,ols,minimum_only,raw,,3,batch1,17,EL150800460522,5.4C(60%)-3.6C,857.0,865.5910524703215,8.591052470321529,8.591052470321529,1.0024565309593383
ols_minimum_only,ols,minimum_only,raw,,3,batch1,24,EL150800460630,6C(40%)-3C,1017.0,858.340636887291,-158.659363112709,158.659363112709,15.600724003216223
ols_minimum_only,ols,minimum_only,raw,,3,batch1,25,EL150800460617,6C(40%)-3C,854.0,880.826698422012,26.826698422011987,26.826698422011987,3.1412995810318485
ols_minimum_only,ols,minimum_only,raw,,3,batch1,36,EL150800460506,7C(40%)-3C,704.0,738.6571148836825,34.65711488368254,34.65711488368254,4.922885636886725
ols_minimum_only,ols,minimum_only,raw,,3,batch1,37,EL150800460601,7C(40%)-3C,648.0,739.3747044042276,91.3747044042276,91.3747044042276,14.101034630282037
ols_minimum_only,ols,minimum_only,raw,,4,batch1,9,EL150800460468,5.4C(40%)-3.6C,1054.0,863.5453947713719,-190.4546052286281,190.4546052286281,18.06969689076168
ols_minimum_only,ols,minimum_only,raw,,4,batch1,23,EL150800460477,6C(30%)-3.6C,1014.0,853.1317808142849,-160.86821918571513,160.86821918571513,15.864715896027134
ols_minimum_only,ols,minimum_only,raw,,4,batch1,26,EL150800460659,6C(40%)-3.6C,870.0,781.9510025375932,-88.04899746240676,88.04899746240676,10.120574420966296
ols_minimum_only,ols,minimum_only,raw,,4,batch1,27,EL150800463198,6C(40%)-3.6C,842.0,803.3226307978093,-38.677369202190675,38.677369202190675,4.593511781732859
ols_minimum_only,ols,minimum_only,raw,,4,batch1,34,EL150800460525,7C(30%)-3.6C,742.0,791.5789246520746,49.57892465207465,49.57892465207465,6.681795775212216
ols_minimum_only,ols,minimum_only,raw,,4,batch1,35,EL150800460622,7C(30%)-3.6C,703.0,775.193135269716,72.19313526971598,72.19313526971598,10.269293779475959
ols_minimum_only,ols,minimum_only,raw,,5,batch1,11,EL150800463882,5.4C(50%)-3C,788.0,964.3560469933038,176.35604699330383,176.35604699330383,22.380209009302515
ols_minimum_only,ols,minimum_only,raw,,5,batch1,20,EL150800464002,5.4C(80%)-5.4C,534.0,523.1952055682611,-10.804794431738856,10.804794431738856,2.023369743771321
ols_minimum_only,ols,minimum_only,raw,,5,batch1,21,EL150800463871,5.4C(80%)-5.4C,559.0,510.58892220720713,-48.41107779279287,48.41107779279287,8.660300141823411
ols_minimum_only,ols,minimum_only,raw,,5,batch1,32,EL150800460640,6C(60%)-3C,731.0,722.4268494309281,-8.573150569071913,8.573150569071913,1.172797615468114
ols_minimum_only,ols,minimum_only,raw,,5,batch1,33,EL150800460436,6C(60%)-3C,757.0,729.7760885510709,-27.22391144892913,27.22391144892913,3.596289491272012
ridge_minimum_only_a0.1,ridge,minimum_only,raw,0.1,1,batch1,18,EL150800453240,5.4C(70%)-3C,691.0,731.4367030933802,40.436703093380174,40.436703093380174,5.851910722630995
ridge_minimum_only_a0.1,ridge,minimum_only,raw,0.1,1,batch1,19,EL150800464881,5.4C(70%)-3C,788.0,714.1736047000221,-73.82639529997789,73.82639529997789,9.368831890860138
ridge_minimum_only_a0.1,ridge,minimum_only,raw,0.1,1,batch1,28,EL150800460507,6C(50%)-3C,860.0,799.3296045398394,-60.67039546016065,60.67039546016065,7.054697146530309
ridge_minimum_only_a0.1,ridge,minimum_only,raw,0.1,1,batch1,29,EL150800460644,6C(50%)-3C,917.0,802.7148667227832,-114.2851332772168,114.2851332772168,12.46293710765723
ridge_minimum_only_a0.1,ridge,minimum_only,raw,0.1,1,batch1,44,EL150800460485,8C(35%)-3.6C,616.0,587.5624457437218,-28.43755425627819,28.43755425627819,4.616486080564641
ridge_minimum_only_a0.1,ridge,minimum_only,raw,0.1,1,batch1,45,EL150800460656,8C(35%)-3.6C,599.0,581.6123836916677,-17.387616308332326,17.387616308332326,2.902774008068836
ridge_minimum_only_a0.1,ridge,minimum_only,raw,0.1,2,batch1,14,EL150800463838,5.4C(60%)-3C,880.0,912.5410926307002,32.54109263070018,32.54109263070018,3.697851435306838
ridge_minimum_only_a0.1,ridge,minimum_only,raw,0.1,2,batch1,15,EL150800453113,5.4C(60%)-3C,719.0,905.9065273507031,186.90652735070307,186.90652735070307,25.9953445550352
ridge_minimum_only_a0.1,ridge,minimum_only,raw,0.1,2,batch1,30,EL150800460615,6C(50%)-3.6C,709.0,784.8522400181935,75.85224001819347,75.85224001819347,10.69848237210063
ridge_minimum_only_a0.1,ridge,minimum_only,raw,0.1,2,batch1,31,EL150800460481,6C(50%)-3.6C,876.0,798.4882865917501,-77.51171340824988,77.51171340824988,8.848369110530808
ridge_minimum_only_a0.1,ridge,minimum_only,raw,0.1,2,batch1,42,EL150800460618,8C(25%)-3.6C,702.0,745.1400260247387,43.140026024738745,43.140026024738745,6.1453028525268865
ridge_minimum_only_a0.1,ridge,minimum_only,raw,0.1,2,batch1,43,EL150800460636,8C(25%)-3.6C,651.0,746.1980865793971,95.19808657939711,95.19808657939711,14.623361993762998
ridge_minimum_only_a0.1,ridge,minimum_only,raw,0.1,3,batch1,16,EL150800460653,5.4C(60%)-3.6C,862.0,897.4331095471869,35.43310954718686,35.43310954718686,4.1105695530379185
ridge_minimum_only_a0.1,ridge,minimum_only,raw,0.1,3,batch1,17,EL150800460522,5.4C(60%)-3.6C,857.0,865.156910891775,8.156910891775055,8.156910891775055,0.9517982370799365
ridge_minimum_only_a0.1,ridge,minimum_only,raw,0.1,3,batch1,24,EL150800460630,6C(40%)-3C,1017.0,857.9378823891906,-159.06211761080942,159.06211761080942,15.640326215418822
ridge_minimum_only_a0.1,ridge,minimum_only,raw,0.1,3,batch1,25,EL150800460617,6C(40%)-3C,854.0,880.3266016661854,26.32660166618541,26.32660166618541,3.0827402419420857
ridge_minimum_only_a0.1,ridge,minimum_only,raw,0.1,3,batch1,36,EL150800460506,7C(40%)-3C,704.0,738.7724708704462,34.77247087044623,34.77247087044623,4.939271430461112
ridge_minimum_only_a0.1,ridge,minimum_only,raw,0.1,3,batch1,37,EL150800460601,7C(40%)-3C,648.0,739.4869539428504,91.48695394285039,91.48695394285039,14.118357089946048
ridge_minimum_only_a0.1,ridge,minimum_only,raw,0.1,4,batch1,9,EL150800460468,5.4C(40%)-3.6C,1054.0,863.0668432788552,-190.93315672114477,190.93315672114477,18.11510025817313
ridge_minimum_only_a0.1,ridge,minimum_only,raw,0.1,4,batch1,23,EL150800460477,6C(30%)-3.6C,1014.0,852.698309901669,-161.30169009833105,161.30169009833105,15.907464506738762
ridge_minimum_only_a0.1,ridge,minimum_only,raw,0.1,4,batch1,26,EL150800460659,6C(40%)-3.6C,870.0,781.825673522279,-88.17432647772102,88.17432647772102,10.134980054910462
ridge_minimum_only_a0.1,ridge,minimum_only,raw,0.1,4,batch1,27,EL150800463198,6C(40%)-3.6C,842.0,803.1047839112387,-38.895216088761345,38.895216088761345,4.619384333582107
ridge_minimum_only_a0.1,ridge,minimum_only,raw,0.1,4,batch1,34,EL150800460525,7C(30%)-3.6C,742.0,791.4119163202475,49.41191632024754,49.41191632024754,6.659287913779993
ridge_minimum_only_a0.1,ridge,minimum_only,raw,0.1,4,batch1,35,EL150800460622,7C(30%)-3.6C,703.0,775.0970610910591,72.09706109105912,72.09706109105912,10.25562746672249
ridge_minimum_only_a0.1,ridge,minimum_only,raw,0.1,5,batch1,11,EL150800463882,5.4C(50%)-3C,788.0,963.66974942625,175.66974942624995,175.66974942624995,22.293115409422583
ridge_minimum_only_a0.1,ridge,minimum_only,raw,0.1,5,batch1,20,EL150800464002,5.4C(80%)-5.4C,534.0,524.3394509116847,-9.660549088315292,9.660549088315292,1.8090915895721522
ridge_minimum_only_a0.1,ridge,minimum_only,raw,0.1,5,batch1,21,EL150800463871,5.4C(80%)-5.4C,559.0,511.7854757803446,-47.2145242196554,47.2145242196554,8.446247624267514
ridge_minimum_only_a0.1,ridge,minimum_only,raw,0.1,5,batch1,32,EL150800460640,6C(60%)-3C,731.0,722.7444074554195,-8.255592544580509,8.255592544580509,1.1293560252504116
ridge_minimum_only_a0.1,ridge,minimum_only,raw,0.1,5,batch1,33,EL150800460436,6C(60%)-3C,757.0,730.0631518074288,-26.936848192571233,26.936848192571233,3.558368321343624
ridge_minimum_only_a10,ridge,minimum_only,raw,10.0,1,batch1,18,EL150800453240,5.4C(70%)-3C,691.0,747.7404747740618,56.740474774061795,56.740474774061795,8.211356696680433
ridge_minimum_only_a10,ridge,minimum_only,raw,10.0,1,batch1,19,EL150800464881,5.4C(70%)-3C,788.0,735.6563058987111,-52.34369410128886,52.34369410128886,6.642600774275236
ridge_minimum_only_a10,ridge,minimum_only,raw,10.0,1,batch1,28,EL150800460507,6C(50%)-3C,860.0,795.2655057865833,-64.73449421341672,64.73449421341672,7.527266769001945
ridge_minimum_only_a10,ridge,minimum_only,raw,10.0,1,batch1,29,EL150800460644,6C(50%)-3C,917.0,797.635189314644,-119.36481068535602,119.36481068535602,13.016882299384518
ridge_minimum_only_a10,ridge,minimum_only,raw,10.0,1,batch1,44,EL150800460485,8C(35%)-3.6C,616.0,647.0284946293009,31.028494629300894,31.028494629300894,5.037093283977418
ridge_minimum_only_a10,ridge,minimum_only,raw,10.0,1,batch1,45,EL150800460656,8C(35%)-3.6C,599.0,642.8634511928631,43.86345119286307,43.86345119286307,7.322779831863617
ridge_minimum_only_a10,ridge,minimum_only,raw,10.0,2,batch1,14,EL150800463838,5.4C(60%)-3C,880.0,873.6526778849684,-6.347322115031602,6.347322115031602,0.7212866039808639
ridge_minimum_only_a10,ridge,minimum_only,raw,10.0,2,batch1,15,EL150800453113,5.4C(60%)-3C,719.0,869.0084821889704,150.00848218897045,150.00848218897045,20.86348848247155
ridge_minimum_only_a10,ridge,minimum_only,raw,10.0,2,batch1,30,EL150800460615,6C(50%)-3.6C,709.0,784.2704810562137,75.27048105621373,75.27048105621373,10.616428921891922
ridge_minimum_only_a10,ridge,minimum_only,raw,10.0,2,batch1,31,EL150800460481,6C(50%)-3.6C,876.0,793.8157136577033,-82.18428634229667,82.18428634229667,9.38176784729414
ridge_minimum_only_a10,ridge,minimum_only,raw,10.0,2,batch1,42,EL150800460618,8C(25%)-3.6C,702.0,756.4719312607954,54.47193126079537,54.47193126079537,7.759534367634669
ridge_minimum_only_a10,ridge,minimum_only,raw,10.0,2,batch1,43,EL150800460636,8C(25%)-3.6C,651.0,757.2125736490563,106.21257364905625,106.21257364905625,16.31529549140649
ridge_minimum_only_a10,ridge,minimum_only,raw,10.0,3,batch1,16,EL150800460653,5.4C(60%)-3.6C,862.0,857.7944810308569,-4.2055189691431,4.2055189691431,0.48787923075906026
ridge_minimum_only_a10,ridge,minimum_only,raw,10.0,3,batch1,17,EL150800460522,5.4C(60%)-3.6C,857.0,835.2011419720686,-21.798858027931374,21.798858027931374,2.5436240405987602
ridge_minimum_only_a10,ridge,minimum_only,raw,10.0,3,batch1,24,EL150800460630,6C(40%)-3C,1017.0,830.1478220202595,-186.85217797974053,186.85217797974053,18.37287885739828
ridge_minimum_only_a10,ridge,minimum_only,raw,10.0,3,batch1,25,EL150800460617,6C(40%)-3C,854.0,845.8199255141559,-8.180074485844102,8.180074485844102,0.9578541552510659
ridge_minimum_only_a10,ridge,minimum_only,raw,10.0,3,batch1,36,EL150800460506,7C(40%)-3C,704.0,746.7320339571385,42.73203395713847,42.73203395713847,6.069891187093532
ridge_minimum_only_a10,ridge,minimum_only,raw,10.0,3,batch1,37,EL150800460601,7C(40%)-3C,648.0,747.2321721078214,99.23217210782138,99.23217210782138,15.31360680676256
ridge_minimum_only_a10,ridge,minimum_only,raw,10.0,4,batch1,9,EL150800460468,5.4C(40%)-3.6C,1054.0,830.0467902951987,-223.95320970480134,223.95320970480134,21.247932609563694
ridge_minimum_only_a10,ridge,minimum_only,raw,10.0,4,batch1,23,EL150800460477,6C(30%)-3.6C,1014.0,822.7888169311684,-191.2111830688316,191.2111830688316,18.857118645841382
ridge_minimum_only_a10,ridge,minimum_only,raw,10.0,4,batch1,26,EL150800460659,6C(40%)-3.6C,870.0,773.1779714655954,-96.82202853440458,96.82202853440458,11.128968797057997
ridge_minimum_only_a10,ridge,minimum_only,raw,10.0,4,batch1,27,EL150800463198,6C(40%)-3.6C,842.0,788.0733487378671,-53.92665126213285,53.92665126213285,6.404590411179674
ridge_minimum_only_a10,ridge,minimum_only,raw,10.0,4,batch1,34,EL150800460525,7C(30%)-3.6C,742.0,779.8883414241734,37.888341424173404,37.888341424173404,5.106245474955984
ridge_minimum_only_a10,ridge,minimum_only,raw,10.0,4,batch1,35,EL150800460622,7C(30%)-3.6C,703.0,768.4679427637415,65.46794276374146,65.46794276374146,9.312651886734205
ridge_minimum_only_a10,ridge,minimum_only,raw,10.0,5,batch1,11,EL150800463882,5.4C(50%)-3C,788.0,915.7096606227243,127.7096606227243,127.7096606227243,16.206809723695976
ridge_minimum_only_a10,ridge,minimum_only,raw,10.0,5,batch1,20,EL150800464002,5.4C(80%)-5.4C,534.0,604.3020078521059,70.30200785210593,70.30200785210593,13.165170009757665
ridge_minimum_only_a10,ridge,minimum_only,raw,10.0,5,batch1,21,EL150800463871,5.4C(80%)-5.4C,559.0,595.4034548913619,36.40345489136189,36.40345489136189,6.5122459555209105
ridge_minimum_only_a10,ridge,minimum_only,raw,10.0,5,batch1,32,EL150800460640,6C(60%)-3C,731.0,744.9361094022238,13.936109402223792,13.936109402223792,1.9064445146680975
ridge_minimum_only_a10,ridge,minimum_only,raw,10.0,5,batch1,33,EL150800460436,6C(60%)-3C,757.0,750.1238076046775,-6.876192395322505,6.876192395322505,0.9083477404653243
ols_variance_retained,ols,variance_retained,raw,,1,batch1,18,EL150800453240,5.4C(70%)-3C,691.0,927.0045034457999,236.00450344579986,236.00450344579986,34.15405259707668
ols_variance_retained,ols,variance_retained,raw,,1,batch1,19,EL150800464881,5.4C(70%)-3C,788.0,676.693194660551,-111.30680533944906,111.30680533944906,14.125229103990996
ols_variance_retained,ols,variance_retained,raw,,1,batch1,28,EL150800460507,6C(50%)-3C,860.0,797.212443984618,-62.78755601538205,62.78755601538205,7.300878606439773
ols_variance_retained,ols,variance_retained,raw,,1,batch1,29,EL150800460644,6C(50%)-3C,917.0,793.3144107852396,-123.6855892147604,123.6855892147604,13.488068616658714
ols_variance_retained,ols,variance_retained,raw,,1,batch1,44,EL150800460485,8C(35%)-3.6C,616.0,578.4298917480273,-37.57010825197267,37.57010825197267,6.099043547398161
ols_variance_retained,ols,variance_retained,raw,,1,batch1,45,EL150800460656,8C(35%)-3.6C,599.0,571.2609327228556,-27.739067277144386,27.739067277144386,4.630896039590048
ols_variance_retained,ols,variance_retained,raw,,2,batch1,14,EL150800463838,5.4C(60%)-3C,880.0,922.5161330569211,42.51613305692115,42.51613305692115,4.831378756468313
ols_variance_retained,ols,variance_retained,raw,,2,batch1,15,EL150800453113,5.4C(60%)-3C,719.0,908.7726424900167,189.77264249001666,189.77264249001666,26.393969748263792
ols_variance_retained,ols,variance_retained,raw,,2,batch1,30,EL150800460615,6C(50%)-3.6C,709.0,771.5493891661228,62.54938916612275,62.54938916612275,8.822198754037059
ols_variance_retained,ols,variance_retained,raw,,2,batch1,31,EL150800460481,6C(50%)-3.6C,876.0,787.0485349529383,-88.95146504706167,88.95146504706167,10.154276831856357
ols_variance_retained,ols,variance_retained,raw,,2,batch1,42,EL150800460618,8C(25%)-3.6C,702.0,734.4027419733192,32.402741973319166,32.402741973319166,4.615775209874525
ols_variance_retained,ols,variance_retained,raw,,2,batch1,43,EL150800460636,8C(25%)-3.6C,651.0,733.3718904081716,82.37189040817157,82.37189040817157,12.653132167153851
ols_variance_retained,ols,variance_retained,raw,,3,batch1,16,EL150800460653,5.4C(60%)-3.6C,862.0,929.3184768463822,67.31847684638217,67.31847684638217,7.809568079626701
ols_variance_retained,ols,variance_retained,raw,,3,batch1,17,EL150800460522,5.4C(60%)-3.6C,857.0,869.2516277928875,12.251627792887462,12.251627792887462,1.4295948416438111
ols_variance_retained,ols,variance_retained,raw,,3,batch1,24,EL150800460630,6C(40%)-3C,1017.0,854.0218176630951,-162.97818233690487,162.97818233690487,16.025386660462623
ols_variance_retained,ols,variance_retained,raw,,3,batch1,25,EL150800460617,6C(40%)-3C,854.0,895.0225797134151,41.0225797134151,41.0225797134151,4.803580762694977
ols_variance_retained,ols,variance_retained,raw,,3,batch1,36,EL150800460506,7C(40%)-3C,704.0,729.3829860683938,25.382986068393848,25.382986068393848,3.605537793805944
ols_variance_retained,ols,variance_retained,raw,,3,batch1,37,EL150800460601,7C(40%)-3C,648.0,731.2699843885664,83.2699843885664,83.2699843885664,12.850306232803458
ols_variance_retained,ols,variance_retained,raw,,4,batch1,9,EL150800460468,5.4C(40%)-3.6C,1054.0,879.0803210765893,-174.91967892341074,174.91967892341074,16.59579496427047
ols_variance_retained,ols,variance_retained,raw,,4,batch1,23,EL150800460477,6C(30%)-3.6C,1014.0,870.3948624768041,-143.60513752319594,143.60513752319594,14.16224235928954
ols_variance_retained,ols,variance_retained,raw,,4,batch1,26,EL150800460659,6C(40%)-3.6C,870.0,771.7512367697908,-98.24876323020919,98.24876323020919,11.292961290828643
ols_variance_retained,ols,variance_retained,raw,,4,batch1,27,EL150800463198,6C(40%)-3.6C,842.0,795.3686605540545,-46.631339445945514,46.631339445945514,5.53816382968474
ols_variance_retained,ols,variance_retained,raw,,4,batch1,34,EL150800460525,7C(30%)-3.6C,742.0,793.9486250909999,51.94862509099994,51.94862509099994,7.001162411185976
ols_variance_retained,ols,variance_retained,raw,,4,batch1,35,EL150800460622,7C(30%)-3.6C,703.0,763.8661814537489,60.866181453748936,60.866181453748936,8.658062795696862
ols_variance_retained,ols,variance_retained,raw,,5,batch1,11,EL150800463882,5.4C(50%)-3C,788.0,970.7744180127922,182.77441801279224,182.77441801279224,23.19472309807008
ols_variance_retained,ols,variance_retained,raw,,5,batch1,20,EL150800464002,5.4C(80%)-5.4C,534.0,570.7292931023832,36.72929310238317,36.72929310238317,6.8781447757271845
ols_variance_retained,ols,variance_retained,raw,,5,batch1,21,EL150800463871,5.4C(80%)-5.4C,559.0,562.9766586970838,3.976658697083849,3.976658697083849,0.7113879601223343
ols_variance_retained,ols,variance_retained,raw,,5,batch1,32,EL150800460640,6C(60%)-3C,731.0,715.0718870119965,-15.928112988003477,15.928112988003477,2.178948425171474
ols_variance_retained,ols,variance_retained,raw,,5,batch1,33,EL150800460436,6C(60%)-3C,757.0,725.4270465148969,-31.572953485103085,31.572953485103085,4.170799667781121
ridge_variance_retained_a0.1,ridge,variance_retained,raw,0.1,1,batch1,18,EL150800453240,5.4C(70%)-3C,691.0,909.2431941356488,218.24319413564876,218.24319413564876,31.583674983451342
ridge_variance_retained_a0.1,ridge,variance_retained,raw,0.1,1,batch1,19,EL150800464881,5.4C(70%)-3C,788.0,678.2313399443667,-109.76866005563329,109.76866005563329,13.93003300198392
ridge_variance_retained_a0.1,ridge,variance_retained,raw,0.1,1,batch1,28,EL150800460507,6C(50%)-3C,860.0,797.2107409184154,-62.789259081584646,62.789259081584646,7.301076637393563
ridge_variance_retained_a0.1,ridge,variance_retained,raw,0.1,1,batch1,29,EL150800460644,6C(50%)-3C,917.0,793.3935144507493,-123.60648554925069,123.60648554925069,13.479442262731808
ridge_variance_retained_a0.1,ridge,variance_retained,raw,0.1,1,batch1,44,EL150800460485,8C(35%)-3.6C,616.0,580.6367439380657,-35.363256061934294,35.363256061934294,5.74078832174258
ridge_variance_retained_a0.1,ridge,variance_retained,raw,0.1,1,batch1,45,EL150800460656,8C(35%)-3.6C,599.0,574.2216892764303,-24.77831072356969,24.77831072356969,4.136612808609297
ridge_variance_retained_a0.1,ridge,variance_retained,raw,0.1,2,batch1,14,EL150800463838,5.4C(60%)-3C,880.0,921.9590861753263,41.95908617532632,41.95908617532632,4.7680779744689
ridge_variance_retained_a0.1,ridge,variance_retained,raw,0.1,2,batch1,15,EL150800453113,5.4C(60%)-3C,719.0,908.2823510370571,189.28235103705708,189.28235103705708,26.325779003763156
ridge_variance_retained_a0.1,ridge,variance_retained,raw,0.1,2,batch1,30,EL150800460615,6C(50%)-3.6C,709.0,771.6372588822882,62.637258882288165,62.637258882288165,8.83459222599269
ridge_variance_retained_a0.1,ridge,variance_retained,raw,0.1,2,batch1,31,EL150800460481,6C(50%)-3.6C,876.0,787.0456151209386,-88.95438487906142,88.95438487906142,10.154610146011578
ridge_variance_retained_a0.1,ridge,variance_retained,raw,0.1,2,batch1,42,EL150800460618,8C(25%)-3.6C,702.0,734.7043611705735,32.70436117057352,32.70436117057352,4.658740907489105
ridge_variance_retained_a0.1,ridge,variance_retained,raw,0.1,2,batch1,43,EL150800460636,8C(25%)-3.6C,651.0,733.6311596311325,82.6311596311325,82.6311596311325,12.692958468683948
ridge_variance_retained_a0.1,ridge,variance_retained,raw,0.1,3,batch1,16,EL150800460653,5.4C(60%)-3.6C,862.0,928.6275728582176,66.6275728582176,66.6275728582176,7.729416804897634
ridge_variance_retained_a0.1,ridge,variance_retained,raw,0.1,3,batch1,17,EL150800460522,5.4C(60%)-3.6C,857.0,868.8357248276297,11.835724827629747,11.835724827629747,1.3810647406802505
ridge_variance_retained_a0.1,ridge,variance_retained,raw,0.1,3,batch1,24,EL150800460630,6C(40%)-3C,1017.0,853.6577402884485,-163.3422597115515,163.3422597115515,16.06118581234528
ridge_variance_retained_a0.1,ridge,variance_retained,raw,0.1,3,batch1,25,EL150800460617,6C(40%)-3C,854.0,894.4567639352192,40.456763935219215,40.456763935219215,4.737325987730587
ridge_variance_retained_a0.1,ridge,variance_retained,raw,0.1,3,batch1,36,EL150800460506,7C(40%)-3C,704.0,729.6029899604903,25.602989960490277,25.602989960490277,3.6367883466605506
ridge_variance_retained_a0.1,ridge,variance_retained,raw,0.1,3,batch1,37,EL150800460601,7C(40%)-3C,648.0,731.47605655212,83.47605655211999,83.47605655211999,12.882107492611109
ridge_variance_retained_a0.1,ridge,variance_retained,raw,0.1,4,batch1,9,EL150800460468,5.4C(40%)-3.6C,1054.0,878.5487949354971,-175.45120506450291,175.45120506450291,16.646224389421526
ridge_variance_retained_a0.1,ridge,variance_retained,raw,0.1,4,batch1,23,EL150800460477,6C(30%)-3.6C,1014.0,869.8739094777752,-144.12609052222479,144.12609052222479,14.213618394696724
ridge_variance_retained_a0.1,ridge,variance_retained,raw,0.1,4,batch1,26,EL150800460659,6C(40%)-3.6C,870.0,771.6897050125066,-98.31029498749342,98.31029498749342,11.300033906608439
ridge_variance_retained_a0.1,ridge,variance_retained,raw,0.1,4,batch1,27,EL150800463198,6C(40%)-3.6C,842.0,795.2002119707598,-46.799788029240176,46.799788029240176,5.55816959967223
ridge_variance_retained_a0.1,ridge,variance_retained,raw,0.1,4,batch1,34,EL150800460525,7C(30%)-3.6C,742.0,793.8020804777273,51.80208047772726,51.80208047772726,6.981412463305561
ridge_variance_retained_a0.1,ridge,variance_retained,raw,0.1,4,batch1,35,EL150800460622,7C(30%)-3.6C,703.0,763.8707775218538,60.870777521853825,60.870777521853825,8.658716574943645
ridge_variance_retained_a0.1,ridge,variance_retained,raw,0.1,5,batch1,11,EL150800463882,5.4C(50%)-3C,788.0,970.0474684291853,182.0474684291853,182.0474684291853,23.102470612840776
ridge_variance_retained_a0.1,ridge,variance_retained,raw,0.1,5,batch1,20,EL150800464002,5.4C(80%)-5.4C,534.0,571.6088909617322,37.608890961732186,37.608890961732186,7.04286347597981
ridge_variance_retained_a0.1,ridge,variance_retained,raw,0.1,5,batch1,21,EL150800463871,5.4C(80%)-5.4C,559.0,563.9667670107845,4.9667670107844515,4.9667670107844515,0.8885093042548213
ridge_variance_retained_a0.1,ridge,variance_retained,raw,0.1,5,batch1,32,EL150800460640,6C(60%)-3C,731.0,715.4643723955023,-15.535627604497677,15.535627604497677,2.1252568542404484
ridge_variance_retained_a0.1,ridge,variance_retained,raw,0.1,5,batch1,33,EL150800460436,6C(60%)-3C,757.0,725.7596484644257,-31.24035153557429,31.24035153557429,4.126862818437819
ridge_variance_retained_a10,ridge,variance_retained,raw,10.0,1,batch1,18,EL150800453240,5.4C(70%)-3C,691.0,468.6454783510332,-222.3545216489668,222.3545216489668,32.178657257448165
ridge_variance_retained_a10,ridge,variance_retained,raw,10.0,1,batch1,19,EL150800464881,5.4C(70%)-3C,788.0,729.3815253563797,-58.61847464362029,58.61847464362029,7.43889272127161
ridge_variance_retained_a10,ridge,variance_retained,raw,10.0,1,batch1,28,EL150800460507,6C(50%)-3C,860.0,795.6369588043699,-64.3630411956301,64.3630411956301,7.484074557631407
ridge_variance_retained_a10,ridge,variance_retained,raw,10.0,1,batch1,29,EL150800460644,6C(50%)-3C,917.0,794.2610133043063,-122.73898669569371,122.73898669569371,13.384840424830285
ridge_variance_retained_a10,ridge,variance_retained,raw,10.0,1,batch1,44,EL150800460485,8C(35%)-3.6C,616.0,660.844345011699,44.84434501169903,44.84434501169903,7.27992613826283
ridge_variance_retained_a10,ridge,variance_retained,raw,10.0,1,batch1,45,EL150800460656,8C(35%)-3.6C,599.0,673.2886707534506,74.28867075345056,74.28867075345056,12.40211531777138
ridge_variance_retained_a10,ridge,variance_retained,raw,10.0,2,batch1,14,EL150800463838,5.4C(60%)-3C,880.0,883.5112908481782,3.5112908481781915,3.5112908481781915,0.39901032365661265
ridge_variance_retained_a10,ridge,variance_retained,raw,10.0,2,batch1,15,EL150800453113,5.4C(60%)-3C,719.0,874.1536314228229,155.15363142282285,155.15363142282285,21.579086428765347
ridge_variance_retained_a10,ridge,variance_retained,raw,10.0,2,batch1,30,EL150800460615,6C(50%)-3.6C,709.0,776.6727091543913,67.67270915439133,67.67270915439133,9.544810882142642
ridge_variance_retained_a10,ridge,variance_retained,raw,10.0,2,batch1,31,EL150800460481,6C(50%)-3.6C,876.0,786.5153299950605,-89.48467000493952,89.48467000493952,10.215144977732821
ridge_variance_retained_a10,ridge,variance_retained,raw,10.0,2,batch1,42,EL150800460618,8C(25%)-3.6C,702.0,752.9068439718416,50.90684397184157,50.90684397184157,7.2516871754760075
ridge_variance_retained_a10,ridge,variance_retained,raw,10.0,2,batch1,43,EL150800460636,8C(25%)-3.6C,651.0,750.0352986289192,99.03529862891924,99.03529862891924,15.212795488313246
ridge_variance_retained_a10,ridge,variance_retained,raw,10.0,3,batch1,16,EL150800460653,5.4C(60%)-3.6C,862.0,881.7680490681611,19.768049068161076,19.768049068161076,2.293277154079011
ridge_variance_retained_a10,ridge,variance_retained,raw,10.0,3,batch1,17,EL150800460522,5.4C(60%)-3.6C,857.0,840.1252404939138,-16.874759506086207,16.874759506086207,1.9690501173962902
ridge_variance_retained_a10,ridge,variance_retained,raw,10.0,3,batch1,24,EL150800460630,6C(40%)-3C,1017.0,828.7442261018415,-188.2557738981585,188.2557738981585,18.51089222204115
ridge_variance_retained_a10,ridge,variance_retained,raw,10.0,3,batch1,25,EL150800460617,6C(40%)-3C,854.0,856.5244322657755,2.5244322657755447,2.5244322657755447,0.29560096788940804
ridge_variance_retained_a10,ridge,variance_retained,raw,10.0,3,batch1,36,EL150800460506,7C(40%)-3C,704.0,742.9535523705936,38.95355237059357,38.95355237059357,5.533175052641132
ridge_variance_retained_a10,ridge,variance_retained,raw,10.0,3,batch1,37,EL150800460601,7C(40%)-3C,648.0,744.0185485047372,96.01854850473717,96.01854850473717,14.817677238385366
ridge_variance_retained_a10,ridge,variance_retained,raw,10.0,4,batch1,9,EL150800460468,5.4C(40%)-3.6C,1054.0,842.5484406207203,-211.45155937927973,211.45155937927973,20.061817777920275
ridge_variance_retained_a10,ridge,variance_retained,raw,10.0,4,batch1,23,EL150800460477,6C(30%)-3.6C,1014.0,835.1862504089409,-178.81374959105915,178.81374959105915,17.63449207012418
ridge_variance_retained_a10,ridge,variance_retained,raw,10.0,4,batch1,26,EL150800460659,6C(40%)-3.6C,870.0,767.1208277074209,-102.87917229257914,102.87917229257914,11.82519221753783
ridge_variance_retained_a10,ridge,variance_retained,raw,10.0,4,batch1,27,EL150800463198,6C(40%)-3.6C,842.0,783.55823543757,-58.44176456242997,58.44176456242997,6.940827145181705
ridge_variance_retained_a10,ridge,variance_retained,raw,10.0,4,batch1,34,EL150800460525,7C(30%)-3.6C,742.0,783.279035535287,41.279035535286994,41.279035535286994,5.563212336292048
ridge_variance_retained_a10,ridge,variance_retained,raw,10.0,4,batch1,35,EL150800460622,7C(30%)-3.6C,703.0,763.0274086982428,60.027408698242766,60.027408698242766,8.538749459209496
ridge_variance_retained_a10,ridge,variance_retained,raw,10.0,5,batch1,11,EL150800463882,5.4C(50%)-3C,788.0,920.4769607346665,132.47696073466648,132.47696073466648,16.81179704754651
ridge_variance_retained_a10,ridge,variance_retained,raw,10.0,5,batch1,20,EL150800464002,5.4C(80%)-5.4C,534.0,633.4062495554961,99.40624955549606,99.40624955549606,18.61540253848241
ridge_variance_retained_a10,ridge,variance_retained,raw,10.0,5,batch1,21,EL150800463871,5.4C(80%)-5.4C,559.0,631.6578856999645,72.65788569996448,72.65788569996448,12.997832862247671
ridge_variance_retained_a10,ridge,variance_retained,raw,10.0,5,batch1,32,EL150800460640,6C(60%)-3C,731.0,741.4341627093643,10.434162709364273,10.434162709364273,1.4273820395847159
ridge_variance_retained_a10,ridge,variance_retained,raw,10.0,5,batch1,33,EL150800460436,6C(60%)-3C,757.0,747.9855672136176,-9.014432786382372,9.014432786382372,1.190810143511542
ols_variance_masked,ols,variance_masked,raw,,1,batch1,18,EL150800453240,5.4C(70%)-3C,691.0,713.8340590581613,22.8340590581613,22.8340590581613,3.3044947985761652
ols_variance_masked,ols,variance_masked,raw,,1,batch1,19,EL150800464881,5.4C(70%)-3C,788.0,676.693194660551,-111.30680533944906,111.30680533944906,14.125229103990996
ols_variance_masked,ols,variance_masked,raw,,1,batch1,28,EL150800460507,6C(50%)-3C,860.0,797.212443984618,-62.78755601538205,62.78755601538205,7.300878606439773
ols_variance_masked,ols,variance_masked,raw,,1,batch1,29,EL150800460644,6C(50%)-3C,917.0,793.3144107852396,-123.6855892147604,123.6855892147604,13.488068616658714
ols_variance_masked,ols,variance_masked,raw,,1,batch1,44,EL150800460485,8C(35%)-3.6C,616.0,578.4298917480273,-37.57010825197267,37.57010825197267,6.099043547398161
ols_variance_masked,ols,variance_masked,raw,,1,batch1,45,EL150800460656,8C(35%)-3.6C,599.0,571.2609327228556,-27.739067277144386,27.739067277144386,4.630896039590048
ols_variance_masked,ols,variance_masked,raw,,2,batch1,14,EL150800463838,5.4C(60%)-3C,880.0,923.6847566901223,43.6847566901223,43.6847566901223,4.964176896604807
ols_variance_masked,ols,variance_masked,raw,,2,batch1,15,EL150800453113,5.4C(60%)-3C,719.0,910.4264929063067,191.42649290630675,191.42649290630675,26.623990668471034
ols_variance_masked,ols,variance_masked,raw,,2,batch1,30,EL150800460615,6C(50%)-3.6C,709.0,770.271964689802,61.27196468980196,61.27196468980196,8.642026049337371
ols_variance_masked,ols,variance_masked,raw,,2,batch1,31,EL150800460481,6C(50%)-3.6C,876.0,783.8593381444211,-92.14066185557886,92.14066185557886,10.518340394472473
ols_variance_masked,ols,variance_masked,raw,,2,batch1,42,EL150800460618,8C(25%)-3.6C,702.0,737.3688927174126,35.368892717412564,35.368892717412564,5.0383038058992256
ols_variance_masked,ols,variance_masked,raw,,2,batch1,43,EL150800460636,8C(25%)-3.6C,651.0,732.2070444634905,81.20704446349055,81.20704446349055,12.474200378416366
ols_variance_masked,ols,variance_masked,raw,,3,batch1,16,EL150800460653,5.4C(60%)-3.6C,862.0,929.1543065664089,67.15430656640888,67.15430656640888,7.790522803527712
ols_variance_masked,ols,variance_masked,raw,,3,batch1,17,EL150800460522,5.4C(60%)-3.6C,857.0,868.2774780489221,11.277478048922148,11.277478048922148,1.3159250932231212
ols_variance_masked,ols,variance_masked,raw,,3,batch1,24,EL150800460630,6C(40%)-3C,1017.0,853.6658213214458,-163.33417867855417,163.33417867855417,16.060391217163634
ols_variance_masked,ols,variance_masked,raw,,3,batch1,25,EL150800460617,6C(40%)-3C,854.0,895.864776463549,41.86477646354899,41.86477646354899,4.9021986491275165
ols_variance_masked,ols,variance_masked,raw,,3,batch1,36,EL150800460506,7C(40%)-3C,704.0,726.7273334583947,22.727333458394696,22.727333458394696,3.228314411703792
ols_variance_masked,ols,variance_masked,raw,,3,batch1,37,EL150800460601,7C(40%)-3C,648.0,728.8832681162311,80.88326811623108,80.88326811623108,12.481985820406031
ols_variance_masked,ols,variance_masked,raw,,4,batch1,9,EL150800460468,5.4C(40%)-3.6C,1054.0,876.7944454756745,-177.20555452432552,177.20555452432552,16.81267120724151
ols_variance_masked,ols,variance_masked,raw,,4,batch1,23,EL150800460477,6C(30%)-3.6C,1014.0,863.1499303666963,-150.85006963330375,150.85006963330375,14.87673270545402
ols_variance_masked,ols,variance_masked,raw,,4,batch1,26,EL150800460659,6C(40%)-3.6C,870.0,769.2893038125603,-100.71069618743968,100.71069618743968,11.575942090510308
ols_variance_masked,ols,variance_masked,raw,,4,batch1,27,EL150800463198,6C(40%)-3.6C,842.0,792.3159341867856,-49.684065813214374,49.684065813214374,5.900720405369878
ols_variance_masked,ols,variance_masked,raw,,4,batch1,34,EL150800460525,7C(30%)-3.6C,742.0,793.7180784166355,51.718078416635535,51.718078416635535,6.970091430813414
ols_variance_masked,ols,variance_masked,raw,,4,batch1,35,EL150800460622,7C(30%)-3.6C,703.0,767.0813672825553,64.08136728255533,64.08136728255533,9.115414976181412
ols_variance_masked,ols,variance_masked,raw,,5,batch1,11,EL150800463882,5.4C(50%)-3C,788.0,978.6995893316888,190.6995893316888,190.6995893316888,24.20045549894528
ols_variance_masked,ols,variance_masked,raw,,5,batch1,20,EL150800464002,5.4C(80%)-5.4C,534.0,782.4408486485928,248.4408486485928,248.4408486485928,46.52450349224584
ols_variance_masked,ols,variance_masked,raw,,5,batch1,21,EL150800463871,5.4C(80%)-5.4C,559.0,652.0205622995454,93.02056229954542,93.02056229954542,16.64052992836233
ols_variance_masked,ols,variance_masked,raw,,5,batch1,32,EL150800460640,6C(60%)-3C,731.0,705.615336427697,-25.384663572302998,25.384663572302998,3.4725941959374826
ols_variance_masked,ols,variance_masked,raw,,5,batch1,33,EL150800460436,6C(60%)-3C,757.0,739.8833956575887,-17.11660434241128,17.11660434241128,2.2611102169631807
ridge_variance_masked_a0.1,ridge,variance_masked,raw,0.1,1,batch1,18,EL150800453240,5.4C(70%)-3C,691.0,713.4559471650578,22.45594716505775,22.45594716505775,3.249775277142945
ridge_variance_masked_a0.1,ridge,variance_masked,raw,0.1,1,batch1,19,EL150800464881,5.4C(70%)-3C,788.0,678.2313399443667,-109.76866005563329,109.76866005563329,13.93003300198392
ridge_variance_masked_a0.1,ridge,variance_masked,raw,0.1,1,batch1,28,EL150800460507,6C(50%)-3C,860.0,797.2107409184154,-62.789259081584646,62.789259081584646,7.301076637393563
ridge_variance_masked_a0.1,ridge,variance_masked,raw,0.1,1,batch1,29,EL150800460644,6C(50%)-3C,917.0,793.3935144507493,-123.60648554925069,123.60648554925069,13.479442262731808
ridge_variance_masked_a0.1,ridge,variance_masked,raw,0.1,1,batch1,44,EL150800460485,8C(35%)-3.6C,616.0,580.6367439380657,-35.363256061934294,35.363256061934294,5.74078832174258
ridge_variance_masked_a0.1,ridge,variance_masked,raw,0.1,1,batch1,45,EL150800460656,8C(35%)-3.6C,599.0,574.2216892764303,-24.77831072356969,24.77831072356969,4.136612808609297
ridge_variance_masked_a0.1,ridge,variance_masked,raw,0.1,2,batch1,14,EL150800463838,5.4C(60%)-3C,880.0,923.3380058793969,43.33800587939686,43.33800587939686,4.924773395386007
ridge_variance_masked_a0.1,ridge,variance_masked,raw,0.1,2,batch1,15,EL150800453113,5.4C(60%)-3C,719.0,910.2100369767228,191.2100369767228,191.2100369767228,26.593885532228484
ridge_variance_masked_a0.1,ridge,variance_masked,raw,0.1,2,batch1,30,EL150800460615,6C(50%)-3.6C,709.0,770.3614819040964,61.36148190409642,61.36148190409642,8.65465189056367
ridge_variance_masked_a0.1,ridge,variance_masked,raw,0.1,2,batch1,31,EL150800460481,6C(50%)-3.6C,876.0,783.6273168357858,-92.37268316421421,92.37268316421421,10.544826845229933
ridge_variance_masked_a0.1,ridge,variance_masked,raw,0.1,2,batch1,42,EL150800460618,8C(25%)-3.6C,702.0,738.1857452460264,36.185745246026386,36.185745246026386,5.154664564961023
ridge_variance_masked_a0.1,ridge,variance_masked,raw,0.1,2,batch1,43,EL150800460636,8C(25%)-3.6C,651.0,732.5004409543469,81.50044095434691,81.50044095434691,12.51926896380137
ridge_variance_masked_a0.1,ridge,variance_masked,raw,0.1,3,batch1,16,EL150800460653,5.4C(60%)-3.6C,862.0,928.4109116208763,66.41091162087628,66.41091162087628,7.704282090588896
ridge_variance_masked_a0.1,ridge,variance_masked,raw,0.1,3,batch1,17,EL150800460522,5.4C(60%)-3.6C,857.0,867.9527671749271,10.95276717492709,10.95276717492709,1.2780358430486685
ridge_variance_masked_a0.1,ridge,variance_masked,raw,0.1,3,batch1,24,EL150800460630,6C(40%)-3C,1017.0,853.2060422336303,-163.79395776636966,163.79395776636966,16.105600566998
ridge_variance_masked_a0.1,ridge,variance_masked,raw,0.1,3,batch1,25,EL150800460617,6C(40%)-3C,854.0,894.9301857667078,40.93018576670784,40.93018576670784,4.792761799380309
ridge_variance_masked_a0.1,ridge,variance_masked,raw,0.1,3,batch1,36,EL150800460506,7C(40%)-3C,704.0,727.3176256183134,23.3176256183134,23.3176256183134,3.3121627298740624
ridge_variance_masked_a0.1,ridge,variance_masked,raw,0.1,3,batch1,37,EL150800460601,7C(40%)-3C,648.0,729.3890844069715,81.3890844069715,81.3890844069715,12.560043889964739
ridge_variance_masked_a0.1,ridge,variance_masked,raw,0.1,4,batch1,9,EL150800460468,5.4C(40%)-3.6C,1054.0,876.201971786366,-177.79802821363398,177.79802821363398,16.86888313222334
ridge_variance_masked_a0.1,ridge,variance_masked,raw,0.1,4,batch1,23,EL150800460477,6C(30%)-3.6C,1014.0,862.3119113548338,-151.6880886451662,151.6880886451662,14.959377578418758
ridge_variance_masked_a0.1,ridge,variance_masked,raw,0.1,4,batch1,26,EL150800460659,6C(40%)-3.6C,870.0,769.1405101311037,-100.85948986889628,100.85948986889628,11.593044812516812
ridge_variance_masked_a0.1,ridge,variance_masked,raw,0.1,4,batch1,27,EL150800463198,6C(40%)-3.6C,842.0,792.0336781888545,-49.96632181114546,49.96632181114546,5.934242495385447
ridge_variance_masked_a0.1,ridge,variance_masked,raw,0.1,4,batch1,34,EL150800460525,7C(30%)-3.6C,742.0,793.602458499369,51.60245849936905,51.60245849936905,6.9545092317208965
ridge_variance_masked_a0.1,ridge,variance_masked,raw,0.1,4,batch1,35,EL150800460622,7C(30%)-3.6C,703.0,767.2890364958828,64.28903649588278,64.28903649588278,9.144955404819742
ridge_variance_masked_a0.1,ridge,variance_masked,raw,0.1,5,batch1,11,EL150800463882,5.4C(50%)-3C,788.0,977.5841942607459,189.5841942607459,189.5841942607459,24.058907901109887
ridge_variance_masked_a0.1,ridge,variance_masked,raw,0.1,5,batch1,20,EL150800464002,5.4C(80%)-5.4C,534.0,777.7904279101346,243.79042791013455,243.79042791013455,45.65363818541846
ridge_variance_masked_a0.1,ridge,variance_masked,raw,0.1,5,batch1,21,EL150800463871,5.4C(80%)-5.4C,559.0,650.7873851118436,91.7873851118436,91.7873851118436,16.419925780294026
ridge_variance_masked_a0.1,ridge,variance_masked,raw,0.1,5,batch1,32,EL150800460640,6C(60%)-3C,731.0,706.3048883690585,-24.695111630941483,24.695111630941483,3.3782642449988347
ridge_variance_masked_a0.1,ridge,variance_masked,raw,0.1,5,batch1,33,EL150800460436,6C(60%)-3C,757.0,739.8609116783807,-17.139088321619283,17.139088321619283,2.264080359526986
ridge_variance_masked_a10,ridge,variance_masked,raw,10.0,1,batch1,18,EL150800453240,5.4C(70%)-3C,691.0,714.1317392807687,23.13173928076867,23.13173928076867,3.347574425581573
ridge_variance_masked_a10,ridge,variance_masked,raw,10.0,1,batch1,19,EL150800464881,5.4C(70%)-3C,788.0,729.3815253563797,-58.61847464362029,58.61847464362029,7.43889272127161
ridge_variance_masked_a10,ridge,variance_masked,raw,10.0,1,batch1,28,EL150800460507,6C(50%)-3C,860.0,795.6369588043699,-64.3630411956301,64.3630411956301,7.484074557631407
ridge_variance_masked_a10,ridge,variance_masked,raw,10.0,1,batch1,29,EL150800460644,6C(50%)-3C,917.0,794.2610133043063,-122.73898669569371,122.73898669569371,13.384840424830285
ridge_variance_masked_a10,ridge,variance_masked,raw,10.0,1,batch1,44,EL150800460485,8C(35%)-3.6C,616.0,660.844345011699,44.84434501169903,44.84434501169903,7.27992613826283
ridge_variance_masked_a10,ridge,variance_masked,raw,10.0,1,batch1,45,EL150800460656,8C(35%)-3.6C,599.0,673.2886707534506,74.28867075345056,74.28867075345056,12.40211531777138
ridge_variance_masked_a10,ridge,variance_masked,raw,10.0,2,batch1,14,EL150800463838,5.4C(60%)-3C,880.0,895.7028279452495,15.70282794524951,15.70282794524951,1.7844122665056261
ridge_variance_masked_a10,ridge,variance_masked,raw,10.0,2,batch1,15,EL150800453113,5.4C(60%)-3C,719.0,888.0236645079227,169.02366450792272,169.02366450792272,23.508159180517765
ridge_variance_masked_a10,ridge,variance_masked,raw,10.0,2,batch1,30,EL150800460615,6C(50%)-3.6C,709.0,774.5448003792427,65.5448003792427,65.5448003792427,9.244682705111805
ridge_variance_masked_a10,ridge,variance_masked,raw,10.0,2,batch1,31,EL150800460481,6C(50%)-3.6C,876.0,776.7462328388093,-99.2537671611907,99.2537671611907,11.330338717030902
ridge_variance_masked_a10,ridge,variance_masked,raw,10.0,2,batch1,42,EL150800460618,8C(25%)-3.6C,702.0,767.667178348697,65.667178348697,65.667178348697,9.3542989100708
ridge_variance_masked_a10,ridge,variance_masked,raw,10.0,2,batch1,43,EL150800460636,8C(25%)-3.6C,651.0,747.3662015378537,96.36620153785373,96.36620153785373,14.802795935154181
ridge_variance_masked_a10,ridge,variance_masked,raw,10.0,3,batch1,16,EL150800460653,5.4C(60%)-3.6C,862.0,886.4017510828884,24.40175108288838,24.40175108288838,2.8308295919824107
ridge_variance_masked_a10,ridge,variance_masked,raw,10.0,3,batch1,17,EL150800460522,5.4C(60%)-3.6C,857.0,845.685587234529,-11.314412765471047,11.314412765471047,1.320234861781919
ridge_variance_masked_a10,ridge,variance_masked,raw,10.0,3,batch1,24,EL150800460630,6C(40%)-3C,1017.0,828.8429540458792,-188.1570459541208,188.1570459541208,18.5011844595989
ridge_variance_masked_a10,ridge,variance_masked,raw,10.0,3,batch1,25,EL150800460617,6C(40%)-3C,854.0,851.5268078489436,-2.4731921510564234,2.4731921510564234,0.28960095445625567
ridge_variance_masked_a10,ridge,variance_masked,raw,10.0,3,batch1,36,EL150800460506,7C(40%)-3C,704.0,749.2565288903611,45.256528890361096,45.256528890361096,6.428484217380838
ridge_variance_masked_a10,ridge,variance_masked,raw,10.0,3,batch1,37,EL150800460601,7C(40%)-3C,648.0,748.6081093040737,100.60810930407365,100.60810930407365,15.525942793838528
ridge_variance_masked_a10,ridge,variance_masked,raw,10.0,4,batch1,9,EL150800460468,5.4C(40%)-3.6C,1054.0,843.9689696493542,-210.03103035064578,210.03103035064578,19.927042727765254
ridge_variance_masked_a10,ridge,variance_masked,raw,10.0,4,batch1,23,EL150800460477,6C(30%)-3.6C,1014.0,824.9476525777233,-189.05234742227674,189.05234742227674,18.64421572211802
ridge_variance_masked_a10,ridge,variance_masked,raw,10.0,4,batch1,26,EL150800460659,6C(40%)-3.6C,870.0,762.9203352703275,-107.07966472967246,107.07966472967246,12.308007440192236
ridge_variance_masked_a10,ridge,variance_masked,raw,10.0,4,batch1,27,EL150800463198,6C(40%)-3.6C,842.0,779.168193385847,-62.83180661415304,62.83180661415304,7.4622098116571305
ridge_variance_masked_a10,ridge,variance_masked,raw,10.0,4,batch1,34,EL150800460525,7C(30%)-3.6C,742.0,785.2145701470897,43.21457014708972,43.21457014708972,5.824066057559261
ridge_variance_masked_a10,ridge,variance_masked,raw,10.0,4,batch1,35,EL150800460622,7C(30%)-3.6C,703.0,771.3068339853156,68.30683398531562,68.30683398531562,9.716477096061967
ridge_variance_masked_a10,ridge,variance_masked,raw,10.0,5,batch1,11,EL150800463882,5.4C(50%)-3C,788.0,920.6539327330256,132.6539327330256,132.6539327330256,16.834255422972795
ridge_variance_masked_a10,ridge,variance_masked,raw,10.0,5,batch1,20,EL150800464002,5.4C(80%)-5.4C,534.0,627.92045532629,93.92045532629004,93.92045532629004,17.58810024836892
ridge_variance_masked_a10,ridge,variance_masked,raw,10.0,5,batch1,21,EL150800463871,5.4C(80%)-5.4C,559.0,627.3297937317236,68.32979373172361,68.32979373172361,12.223576696193849
ridge_variance_masked_a10,ridge,variance_masked,raw,10.0,5,batch1,32,EL150800460640,6C(60%)-3C,731.0,739.4694572457904,8.469457245790409,8.469457245790409,1.1586124823242694
ridge_variance_masked_a10,ridge,variance_masked,raw,10.0,5,batch1,33,EL150800460436,6C(60%)-3C,757.0,745.8752695491313,-11.124730450868697,11.124730450868697,1.4695813013036587
ols_minimum_retained,ols,minimum_retained,raw,,1,batch1,18,EL150800453240,5.4C(70%)-3C,691.0,1282.7906625157016,591.7906625157016,591.7906625157016,85.64264291110008
ols_minimum_retained,ols,minimum_retained,raw,,1,batch1,19,EL150800464881,5.4C(70%)-3C,788.0,688.2488562829409,-99.75114371705911,99.75114371705911,12.658774583383137
ols_minimum_retained,ols,minimum_retained,raw,,1,batch1,28,EL150800460507,6C(50%)-3C,860.0,798.4807047696099,-61.51929523039007,61.51929523039007,7.153406422138381
ols_minimum_retained,ols,minimum_retained,raw,,1,batch1,29,EL150800460644,6C(50%)-3C,917.0,802.1813452366655,-114.81865476333451,114.81865476333451,12.521118294802019
ols_minimum_retained,ols,minimum_retained,raw,,1,batch1,44,EL150800460485,8C(35%)-3.6C,616.0,541.5059393319691,-74.4940606680309,74.4940606680309,12.093191666888133
ols_minimum_retained,ols,minimum_retained,raw,,1,batch1,45,EL150800460656,8C(35%)-3.6C,599.0,509.7303435928727,-89.26965640712729,89.26965640712729,14.903114592174841
ols_minimum_retained,ols,minimum_retained,raw,,2,batch1,14,EL150800463838,5.4C(60%)-3C,880.0,915.9796360999544,35.979636099954405,35.979636099954405,4.088595011358455
ols_minimum_retained,ols,minimum_retained,raw,,2,batch1,15,EL150800453113,5.4C(60%)-3C,719.0,909.58358910535,190.58358910535003,190.58358910535003,26.5067578727886
ols_minimum_retained,ols,minimum_retained,raw,,2,batch1,30,EL150800460615,6C(50%)-3.6C,709.0,786.8970463937412,77.89704639374122,77.89704639374122,10.986889477255462
ols_minimum_retained,ols,minimum_retained,raw,,2,batch1,31,EL150800460481,6C(50%)-3.6C,876.0,799.1133538734797,-76.8866461265203,76.8866461265203,8.777014398004601
ols_minimum_retained,ols,minimum_retained,raw,,2,batch1,42,EL150800460618,8C(25%)-3.6C,702.0,750.5443561400123,48.54435614001227,48.54435614001227,6.915150447295195
ols_minimum_retained,ols,minimum_retained,raw,,2,batch1,43,EL150800460636,8C(25%)-3.6C,651.0,748.5938015331246,97.59380153312463,97.59380153312463,14.991367362999178
ols_minimum_retained,ols,minimum_retained,raw,,3,batch1,16,EL150800460653,5.4C(60%)-3.6C,862.0,899.7257676475964,37.7257676475964,37.7257676475964,4.376539170254802
ols_minimum_retained,ols,minimum_retained,raw,,3,batch1,17,EL150800460522,5.4C(60%)-3.6C,857.0,867.4684516376165,10.468451637616454,10.468451637616454,1.2215229448793996
ols_minimum_retained,ols,minimum_retained,raw,,3,batch1,24,EL150800460630,6C(40%)-3C,1017.0,859.213720563685,-157.786279436315,157.786279436315,15.514875067484267
ols_minimum_retained,ols,minimum_retained,raw,,3,batch1,25,EL150800460617,6C(40%)-3C,854.0,880.7838618399948,26.783861839994756,26.783861839994756,3.1362835878214
ols_minimum_retained,ols,minimum_retained,raw,,3,batch1,36,EL150800460506,7C(40%)-3C,704.0,742.1150802110834,38.11508021108341,38.11508021108341,5.414073893619802
ols_minimum_retained,ols,minimum_retained,raw,,3,batch1,37,EL150800460601,7C(40%)-3C,648.0,742.5354774956086,94.53547749560857,94.53547749560857,14.58880825549515
ols_minimum_retained,ols,minimum_retained,raw,,4,batch1,9,EL150800460468,5.4C(40%)-3.6C,1054.0,864.5565494089935,-189.44345059100647,189.44345059100647,17.973761915655263
ols_minimum_retained,ols,minimum_retained,raw,,4,batch1,23,EL150800460477,6C(30%)-3.6C,1014.0,852.6856629754986,-161.31433702450136,161.31433702450136,15.908711738116505
ols_minimum_retained,ols,minimum_retained,raw,,4,batch1,26,EL150800460659,6C(40%)-3.6C,870.0,782.7325386917083,-87.26746130829167,87.26746130829167,10.030742679113986
ols_minimum_retained,ols,minimum_retained,raw,,4,batch1,27,EL150800463198,6C(40%)-3.6C,842.0,803.8605319471417,-38.13946805285832,38.13946805285832,4.529628034781273
ols_minimum_retained,ols,minimum_retained,raw,,4,batch1,34,EL150800460525,7C(30%)-3.6C,742.0,793.3008400323231,51.300840032323094,51.300840032323094,6.913859842631145
ols_minimum_retained,ols,minimum_retained,raw,,4,batch1,35,EL150800460622,7C(30%)-3.6C,703.0,777.7597711522673,74.75977115226726,74.75977115226726,10.634391344561488
ols_minimum_retained,ols,minimum_retained,raw,,5,batch1,11,EL150800463882,5.4C(50%)-3C,788.0,964.0866103927018,176.0866103927018,176.0866103927018,22.346016547297182
ols_minimum_retained,ols,minimum_retained,raw,,5,batch1,20,EL150800464002,5.4C(80%)-5.4C,534.0,519.9992266489269,-14.000773351073121,14.000773351073121,2.621867668740285
ols_minimum_retained,ols,minimum_retained,raw,,5,batch1,21,EL150800463871,5.4C(80%)-5.4C,559.0,511.5442687806242,-47.45573121937582,47.45573121937582,8.489397355881184
ols_minimum_retained,ols,minimum_retained,raw,,5,batch1,32,EL150800460640,6C(60%)-3C,731.0,724.4475007207745,-6.552499279225458,6.552499279225458,0.8963747304001994
ols_minimum_retained,ols,minimum_retained,raw,,5,batch1,33,EL150800460436,6C(60%)-3C,757.0,730.9858282755002,-26.01417172449976,26.01417172449976,3.436482394253601
ridge_minimum_retained_a0.1,ridge,minimum_retained,raw,0.1,1,batch1,18,EL150800453240,5.4C(70%)-3C,691.0,1247.561807440316,556.561807440316,556.561807440316,80.54440049787496
ridge_minimum_retained_a0.1,ridge,minimum_retained,raw,0.1,1,batch1,19,EL150800464881,5.4C(70%)-3C,788.0,690.3157847264642,-97.68421527353576,97.68421527353576,12.396474019484232
ridge_minimum_retained_a0.1,ridge,minimum_retained,raw,0.1,1,batch1,28,EL150800460507,6C(50%)-3C,860.0,798.4604326855056,-61.539567314494434,61.539567314494434,7.155763641220283
ridge_minimum_retained_a0.1,ridge,minimum_retained,raw,0.1,1,batch1,29,EL150800460644,6C(50%)-3C,917.0,802.1220142416244,-114.87798575837564,114.87798575837564,12.527588414217629
ridge_minimum_retained_a0.1,ridge,minimum_retained,raw,0.1,1,batch1,44,EL150800460485,8C(35%)-3.6C,616.0,545.5709010200305,-70.42909897996947,70.42909897996947,11.433295288956081
ridge_minimum_retained_a0.1,ridge,minimum_retained,raw,0.1,1,batch1,45,EL150800460656,8C(35%)-3.6C,599.0,515.4924512000509,-83.50754879994906,83.50754879994906,13.941160066769461
ridge_minimum_retained_a0.1,ridge,minimum_retained,raw,0.1,2,batch1,14,EL150800463838,5.4C(60%)-3C,880.0,915.4608318905522,35.460831890552186,35.460831890552186,4.029639987562748
ridge_minimum_retained_a0.1,ridge,minimum_retained,raw,0.1,2,batch1,15,EL150800453113,5.4C(60%)-3C,719.0,909.0951308648266,190.09513086482661,190.09513086482661,26.438822095247094
ridge_minimum_retained_a0.1,ridge,minimum_retained,raw,0.1,2,batch1,30,EL150800460615,6C(50%)-3.6C,709.0,786.9075245993793,77.90752459937926,77.90752459937926,10.988367362394818
ridge_minimum_retained_a0.1,ridge,minimum_retained,raw,0.1,2,batch1,31,EL150800460481,6C(50%)-3.6C,876.0,799.0529568408526,-76.94704315914737,76.94704315914737,8.783909036432348
ridge_minimum_retained_a0.1,ridge,minimum_retained,raw,0.1,2,batch1,42,EL150800460618,8C(25%)-3.6C,702.0,750.7541511732258,48.75415117322575,48.75415117322575,6.945035779661787
ridge_minimum_retained_a0.1,ridge,minimum_retained,raw,0.1,2,batch1,43,EL150800460636,8C(25%)-3.6C,651.0,748.7715762224867,97.77157622248671,97.77157622248671,15.01867530299335
ridge_minimum_retained_a0.1,ridge,minimum_retained,raw,0.1,3,batch1,16,EL150800460653,5.4C(60%)-3.6C,862.0,899.1857389523973,37.18573895239729,37.18573895239729,4.313890829744465
ridge_minimum_retained_a0.1,ridge,minimum_retained,raw,0.1,3,batch1,17,EL150800460522,5.4C(60%)-3.6C,857.0,867.0663863612276,10.066386361227615,10.066386361227615,1.1746075100615654
ridge_minimum_retained_a0.1,ridge,minimum_retained,raw,0.1,3,batch1,24,EL150800460630,6C(40%)-3C,1017.0,858.8316522205558,-158.16834777944416,158.16834777944416,15.552443242816535
ridge_minimum_retained_a0.1,ridge,minimum_retained,raw,0.1,3,batch1,25,EL150800460617,6C(40%)-3C,854.0,880.2976816596482,26.29768165964822,26.29768165964822,3.0793538243147798
ridge_minimum_retained_a0.1,ridge,minimum_retained,raw,0.1,3,batch1,36,EL150800460506,7C(40%)-3C,704.0,742.2632364019116,38.26323640191163,38.26323640191163,5.43511880708972
ridge_minimum_retained_a0.1,ridge,minimum_retained,raw,0.1,3,batch1,37,EL150800460601,7C(40%)-3C,648.0,742.6775127153591,94.67751271535906,94.67751271535906,14.610727270888745
ridge_minimum_retained_a0.1,ridge,minimum_retained,raw,0.1,4,batch1,9,EL150800460468,5.4C(40%)-3.6C,1054.0,864.103148966907,-189.89685103309296,189.89685103309296,18.016779035397814
ridge_minimum_retained_a0.1,ridge,minimum_retained,raw,0.1,4,batch1,23,EL150800460477,6C(30%)-3.6C,1014.0,852.2596379856998,-161.74036201430022,161.74036201430022,15.950726036913236
ridge_minimum_retained_a0.1,ridge,minimum_retained,raw,0.1,4,batch1,26,EL150800460659,6C(40%)-3.6C,870.0,782.6196146525498,-87.38038534745021,87.38038534745021,10.04372245372991
ridge_minimum_retained_a0.1,ridge,minimum_retained,raw,0.1,4,batch1,27,EL150800463198,6C(40%)-3.6C,842.0,803.655008126526,-38.34499187347399,38.34499187347399,4.554037039604987
ridge_minimum_retained_a0.1,ridge,minimum_retained,raw,0.1,4,batch1,34,EL150800460525,7C(30%)-3.6C,742.0,793.1580239349166,51.15802393491663,51.15802393491663,6.894612390150489
ridge_minimum_retained_a0.1,ridge,minimum_retained,raw,0.1,4,batch1,35,EL150800460622,7C(30%)-3.6C,703.0,777.6953599907353,74.69535999073526,74.69535999073526,10.62522901717429
ridge_minimum_retained_a0.1,ridge,minimum_retained,raw,0.1,5,batch1,11,EL150800463882,5.4C(50%)-3C,788.0,963.4089498137153,175.40894981371525,175.40894981371525,22.2600190118928
ridge_minimum_retained_a0.1,ridge,minimum_retained,raw,0.1,5,batch1,20,EL150800464002,5.4C(80%)-5.4C,534.0,521.0895808069106,-12.91041919308941,12.91041919308941,2.417681496833223
ridge_minimum_retained_a0.1,ridge,minimum_retained,raw,0.1,5,batch1,21,EL150800463871,5.4C(80%)-5.4C,559.0,512.7310245306716,-46.26897546932844,46.26897546932844,8.277097579486304
ridge_minimum_retained_a0.1,ridge,minimum_retained,raw,0.1,5,batch1,32,EL150800460640,6C(60%)-3C,731.0,724.7816027484653,-6.218397251534725,6.218397251534725,0.8506699386504412
ridge_minimum_retained_a0.1,ridge,minimum_retained,raw,0.1,5,batch1,33,EL150800460436,6C(60%)-3C,757.0,731.2811638532157,-25.71883614678427,25.71883614678427,3.397468447395544
ridge_minimum_retained_a10,ridge,minimum_retained,raw,10.0,1,batch1,18,EL150800453240,5.4C(70%)-3C,691.0,515.2677418347657,-175.73225816523427,175.73225816523427,25.431585841567912
ridge_minimum_retained_a10,ridge,minimum_retained,raw,10.0,1,batch1,19,EL150800464881,5.4C(70%)-3C,788.0,743.0589271834097,-44.94107281659035,44.94107281659035,5.7031818295165415
ridge_minimum_retained_a10,ridge,minimum_retained,raw,10.0,1,batch1,28,EL150800460507,6C(50%)-3C,860.0,796.2639374281938,-63.7360625718062,63.7360625718062,7.411170066489093
ridge_minimum_retained_a10,ridge,minimum_retained,raw,10.0,1,batch1,29,EL150800460644,6C(50%)-3C,917.0,798.6631737239793,-118.3368262760207,118.3368262760207,12.904779310362125
ridge_minimum_retained_a10,ridge,minimum_retained,raw,10.0,1,batch1,44,EL150800460485,8C(35%)-3.6C,616.0,656.8016839353616,40.80168393536155,40.80168393536155,6.623649989506745
ridge_minimum_retained_a10,ridge,minimum_retained,raw,10.0,1,batch1,45,EL150800460656,8C(35%)-3.6C,599.0,663.1215415460564,64.12154154605639,64.12154154605639,10.704764865785709
ridge_minimum_retained_a10,ridge,minimum_retained,raw,10.0,2,batch1,14,EL150800463838,5.4C(60%)-3C,880.0,879.180230483274,-0.8197695167259553,0.8197695167259553,0.09315562690067675
ridge_minimum_retained_a10,ridge,minimum_retained,raw,10.0,2,batch1,15,EL150800453113,5.4C(60%)-3C,719.0,874.8042275775671,155.80422757756708,155.80422757756708,21.66957268116371
ridge_minimum_retained_a10,ridge,minimum_retained,raw,10.0,2,batch1,30,EL150800460615,6C(50%)-3.6C,709.0,787.00341410765,78.00341410764997,78.00341410764997,11.00189197569111
ridge_minimum_retained_a10,ridge,minimum_retained,raw,10.0,2,batch1,31,EL150800460481,6C(50%)-3.6C,876.0,794.7616148142885,-81.23838518571154,81.23838518571154,9.27378826320908
ridge_minimum_retained_a10,ridge,minimum_retained,raw,10.0,2,batch1,42,EL150800460618,8C(25%)-3.6C,702.0,763.3786087309011,61.37860873090108,61.37860873090108,8.743391557108415
ridge_minimum_retained_a10,ridge,minimum_retained,raw,10.0,2,batch1,43,EL150800460636,8C(25%)-3.6C,651.0,760.1270069890118,109.12700698901176,109.12700698901176,16.76298110430288
ridge_minimum_retained_a10,ridge,minimum_retained,raw,10.0,3,batch1,16,EL150800460653,5.4C(60%)-3.6C,862.0,861.7747678551619,-0.22523214483805987,0.22523214483805987,0.026129019122744766
ridge_minimum_retained_a10,ridge,minimum_retained,raw,10.0,3,batch1,17,EL150800460522,5.4C(60%)-3.6C,857.0,839.0144767738677,-17.985523226132273,17.985523226132273,2.098660819852074
ridge_minimum_retained_a10,ridge,minimum_retained,raw,10.0,3,batch1,24,EL150800460630,6C(40%)-3C,1017.0,832.4771796433184,-184.52282035668156,184.52282035668156,18.143836809899856
ridge_minimum_retained_a10,ridge,minimum_retained,raw,10.0,3,batch1,25,EL150800460617,6C(40%)-3C,854.0,847.1445919632927,-6.855408036707331,6.855408036707331,0.8027409879048397
ridge_minimum_retained_a10,ridge,minimum_retained,raw,10.0,3,batch1,36,EL150800460506,7C(40%)-3C,704.0,751.2230902657911,47.22309026579114,47.22309026579114,6.707825321845333
ridge_minimum_retained_a10,ridge,minimum_retained,raw,10.0,3,batch1,37,EL150800460601,7C(40%)-3C,648.0,751.3184042969061,103.31840429690612,103.31840429690612,15.944198193966994
ridge_minimum_retained_a10,ridge,minimum_retained,raw,10.0,4,batch1,9,EL150800460468,5.4C(40%)-3.6C,1054.0,832.8502785138045,-221.14972148619552,221.14972148619552,20.981947010075476
ridge_minimum_retained_a10,ridge,minimum_retained,raw,10.0,4,batch1,23,EL150800460477,6C(30%)-3.6C,1014.0,823.3840445331462,-190.61595546685385,190.61595546685385,18.798417698900774
ridge_minimum_retained_a10,ridge,minimum_retained,raw,10.0,4,batch1,26,EL150800460659,6C(40%)-3.6C,870.0,774.6497607068846,-95.35023929311535,95.35023929311535,10.959797619898318
ridge_minimum_retained_a10,ridge,minimum_retained,raw,10.0,4,batch1,27,EL150800463198,6C(40%)-3.6C,842.0,789.4603266675327,-52.53967333246726,52.53967333246726,6.239866191504426
ridge_minimum_retained_a10,ridge,minimum_retained,raw,10.0,4,batch1,34,EL150800460525,7C(30%)-3.6C,742.0,782.8209033663294,40.82090336632939,40.82090336632939,5.501469456378624
ridge_minimum_retained_a10,ridge,minimum_retained,raw,10.0,4,batch1,35,EL150800460622,7C(30%)-3.6C,703.0,772.4046597960472,69.40465979604721,69.40465979604721,9.872640084786234
ridge_minimum_retained_a10,ridge,minimum_retained,raw,10.0,5,batch1,11,EL150800463882,5.4C(50%)-3C,788.0,916.4884540786621,128.48845407866213,128.48845407866213,16.30564138054088
ridge_minimum_retained_a10,ridge,minimum_retained,raw,10.0,5,batch1,20,EL150800464002,5.4C(80%)-5.4C,534.0,597.7551392078648,63.75513920786477,63.75513920786477,11.939164645667562
ridge_minimum_retained_a10,ridge,minimum_retained,raw,10.0,5,batch1,21,EL150800463871,5.4C(80%)-5.4C,559.0,594.7447885706789,35.74478857067891,35.74478857067891,6.394416560049894
ridge_minimum_retained_a10,ridge,minimum_retained,raw,10.0,5,batch1,32,EL150800460640,6C(60%)-3C,731.0,747.3056068740647,16.305606874064665,16.305606874064665,2.230589175658641
ridge_minimum_retained_a10,ridge,minimum_retained,raw,10.0,5,batch1,33,EL150800460436,6C(60%)-3C,757.0,751.3775871173472,-5.622412882652839,5.622412882652839,0.7427229699673499
ols_minimum_masked,ols,minimum_masked,raw,,1,batch1,18,EL150800453240,5.4C(70%)-3C,691.0,762.2127504760351,71.21275047603513,71.21275047603513,10.30575260145226
ols_minimum_masked,ols,minimum_masked,raw,,1,batch1,19,EL150800464881,5.4C(70%)-3C,788.0,688.2488562829409,-99.75114371705911,99.75114371705911,12.658774583383137
ols_minimum_masked,ols,minimum_masked,raw,,1,batch1,28,EL150800460507,6C(50%)-3C,860.0,798.4807047696099,-61.51929523039007,61.51929523039007,7.153406422138381
ols_minimum_masked,ols,minimum_masked,raw,,1,batch1,29,EL150800460644,6C(50%)-3C,917.0,802.1813452366655,-114.81865476333451,114.81865476333451,12.521118294802019
ols_minimum_masked,ols,minimum_masked,raw,,1,batch1,44,EL150800460485,8C(35%)-3.6C,616.0,541.5059393319691,-74.4940606680309,74.4940606680309,12.093191666888133
ols_minimum_masked,ols,minimum_masked,raw,,1,batch1,45,EL150800460656,8C(35%)-3.6C,599.0,509.7303435928727,-89.26965640712729,89.26965640712729,14.903114592174841
ols_minimum_masked,ols,minimum_masked,raw,,2,batch1,14,EL150800463838,5.4C(60%)-3C,880.0,912.7098608320175,32.70986083201751,32.70986083201751,3.7170296400019898
ols_minimum_masked,ols,minimum_masked,raw,,2,batch1,15,EL150800453113,5.4C(60%)-3C,719.0,905.9774456687355,186.97744566873553,186.97744566873553,26.005208020686442
ols_minimum_masked,ols,minimum_masked,raw,,2,batch1,30,EL150800460615,6C(50%)-3.6C,709.0,784.9159211084537,75.91592110845374,75.91592110845374,10.707464190190938
ols_minimum_masked,ols,minimum_masked,raw,,2,batch1,31,EL150800460481,6C(50%)-3.6C,876.0,799.0292691274149,-76.97073087258514,76.97073087258514,8.786613113308805
ols_minimum_masked,ols,minimum_masked,raw,,2,batch1,42,EL150800460618,8C(25%)-3.6C,702.0,744.0439959546975,42.04399595469749,42.04399595469749,5.989173212919871
ols_minimum_masked,ols,minimum_masked,raw,,2,batch1,43,EL150800460636,8C(25%)-3.6C,651.0,746.000323051535,95.00032305153502,95.00032305153502,14.592983571664364
ols_minimum_masked,ols,minimum_masked,raw,,3,batch1,16,EL150800460653,5.4C(60%)-3.6C,862.0,897.0185417376359,35.01854173763593,35.01854173763593,4.062475839632938
ols_minimum_masked,ols,minimum_masked,raw,,3,batch1,17,EL150800460522,5.4C(60%)-3.6C,857.0,864.5127761099939,7.512776109993865,7.512776109993865,0.8766366522746634
ols_minimum_masked,ols,minimum_masked,raw,,3,batch1,24,EL150800460630,6C(40%)-3C,1017.0,859.5746185742025,-157.42538142579747,157.42538142579747,15.479388537443212
ols_minimum_masked,ols,minimum_masked,raw,,3,batch1,25,EL150800460617,6C(40%)-3C,854.0,883.9290096391198,29.92900963911984,29.92900963911984,3.5045678734332366
ols_minimum_masked,ols,minimum_masked,raw,,3,batch1,36,EL150800460506,7C(40%)-3C,704.0,735.0828856282859,31.082885628285908,31.082885628285908,4.415182617654248
ols_minimum_masked,ols,minimum_masked,raw,,3,batch1,37,EL150800460601,7C(40%)-3C,648.0,736.4610522015869,88.46105220158688,88.46105220158688,13.651396944689333
ols_minimum_masked,ols,minimum_masked,raw,,4,batch1,9,EL150800460468,5.4C(40%)-3.6C,1054.0,863.4632570757506,-190.53674292424944,190.53674292424944,18.077489841010383
ols_minimum_masked,ols,minimum_masked,raw,,4,batch1,23,EL150800460477,6C(30%)-3.6C,1014.0,852.4684960442597,-161.53150395574028,161.53150395574028,15.930128595240658
ols_minimum_masked,ols,minimum_masked,raw,,4,batch1,26,EL150800460659,6C(40%)-3.6C,870.0,781.6695723875536,-88.33042761244644,88.33042761244644,10.152922714074304
ols_minimum_masked,ols,minimum_masked,raw,,4,batch1,27,EL150800463198,6C(40%)-3.6C,842.0,802.9751812320588,-39.024818767941156,39.024818767941156,4.634776575764983
ols_minimum_masked,ols,minimum_masked,raw,,4,batch1,34,EL150800460525,7C(30%)-3.6C,742.0,791.676427231365,49.67642723136498,49.67642723136498,6.694936284550536
ols_minimum_masked,ols,minimum_masked,raw,,4,batch1,35,EL150800460622,7C(30%)-3.6C,703.0,775.5972950488227,72.59729504882273,72.59729504882273,10.326784501966248
ols_minimum_masked,ols,minimum_masked,raw,,5,batch1,11,EL150800463882,5.4C(50%)-3C,788.0,967.1679543876015,179.16795438760153,179.16795438760153,22.73705004918801
ols_minimum_masked,ols,minimum_masked,raw,,5,batch1,20,EL150800464002,5.4C(80%)-5.4C,534.0,663.6375448250558,129.63754482505578,129.63754482505578,24.27669378746363
ols_minimum_masked,ols,minimum_masked,raw,,5,batch1,21,EL150800463871,5.4C(80%)-5.4C,559.0,565.3572141767121,6.357214176712091,6.357214176712091,1.1372476165853473
ols_minimum_masked,ols,minimum_masked,raw,,5,batch1,32,EL150800460640,6C(60%)-3C,731.0,718.3007602994426,-12.699239700557428,12.699239700557428,1.7372420930995114
ols_minimum_masked,ols,minimum_masked,raw,,5,batch1,33,EL150800460436,6C(60%)-3C,757.0,741.5467747468787,-15.453225253121332,15.453225253121332,2.041377180068868
ridge_minimum_masked_a0.1,ridge,minimum_masked,raw,0.1,1,batch1,18,EL150800453240,5.4C(70%)-3C,691.0,760.5302977211715,69.53029772117145,69.53029772117145,10.062271739677488
ridge_minimum_masked_a0.1,ridge,minimum_masked,raw,0.1,1,batch1,19,EL150800464881,5.4C(70%)-3C,788.0,690.3157847264642,-97.68421527353576,97.68421527353576,12.396474019484232
ridge_minimum_masked_a0.1,ridge,minimum_masked,raw,0.1,1,batch1,28,EL150800460507,6C(50%)-3C,860.0,798.4604326855056,-61.539567314494434,61.539567314494434,7.155763641220283
ridge_minimum_masked_a0.1,ridge,minimum_masked,raw,0.1,1,batch1,29,EL150800460644,6C(50%)-3C,917.0,802.1220142416244,-114.87798575837564,114.87798575837564,12.527588414217629
ridge_minimum_masked_a0.1,ridge,minimum_masked,raw,0.1,1,batch1,44,EL150800460485,8C(35%)-3.6C,616.0,545.5709010200305,-70.42909897996947,70.42909897996947,11.433295288956081
ridge_minimum_masked_a0.1,ridge,minimum_masked,raw,0.1,1,batch1,45,EL150800460656,8C(35%)-3.6C,599.0,515.4924512000509,-83.50754879994906,83.50754879994906,13.941160066769461
ridge_minimum_masked_a0.1,ridge,minimum_masked,raw,0.1,2,batch1,14,EL150800463838,5.4C(60%)-3C,880.0,912.4708519508845,32.47085195088448,32.47085195088448,3.689869539873236
ridge_minimum_masked_a0.1,ridge,minimum_masked,raw,0.1,2,batch1,15,EL150800453113,5.4C(60%)-3C,719.0,905.824192111351,186.82419211135095,186.82419211135095,25.98389320046606
ridge_minimum_masked_a0.1,ridge,minimum_masked,raw,0.1,2,batch1,30,EL150800460615,6C(50%)-3.6C,709.0,784.8619447141818,75.86194471418185,75.86194471418185,10.699851158558793
ridge_minimum_masked_a0.1,ridge,minimum_masked,raw,0.1,2,batch1,31,EL150800460481,6C(50%)-3.6C,876.0,798.5714224244306,-77.42857757556942,77.42857757556942,8.838878718672309
ridge_minimum_masked_a0.1,ridge,minimum_masked,raw,0.1,2,batch1,42,EL150800460618,8C(25%)-3.6C,702.0,744.9763856408065,42.976385640806484,42.976385640806484,6.12199225652514
ridge_minimum_masked_a0.1,ridge,minimum_masked,raw,0.1,2,batch1,43,EL150800460636,8C(25%)-3.6C,651.0,746.1916073450581,95.19160734505806,95.19160734505806,14.622366719670977
ridge_minimum_masked_a0.1,ridge,minimum_masked,raw,0.1,3,batch1,16,EL150800460653,5.4C(60%)-3.6C,862.0,896.549226909064,34.54922690906403,34.54922690906403,4.008030963928542
ridge_minimum_masked_a0.1,ridge,minimum_masked,raw,0.1,3,batch1,17,EL150800460522,5.4C(60%)-3.6C,857.0,864.2025117496635,7.202511749663472,7.202511749663472,0.8404331096456794
ridge_minimum_masked_a0.1,ridge,minimum_masked,raw,0.1,3,batch1,24,EL150800460630,6C(40%)-3C,1017.0,858.9868833264002,-158.01311667359982,158.01311667359982,15.537179613923287
ridge_minimum_masked_a0.1,ridge,minimum_masked,raw,0.1,3,batch1,25,EL150800460617,6C(40%)-3C,854.0,882.9884769859286,28.988476985928628,28.988476985928628,3.3944352442539376
ridge_minimum_masked_a0.1,ridge,minimum_masked,raw,0.1,3,batch1,36,EL150800460506,7C(40%)-3C,704.0,735.6835386872104,31.683538687210444,31.683538687210444,4.500502654433301
ridge_minimum_masked_a0.1,ridge,minimum_masked,raw,0.1,3,batch1,37,EL150800460601,7C(40%)-3C,648.0,736.9697827862254,88.96978278622544,88.96978278622544,13.729904750960717
ridge_minimum_masked_a0.1,ridge,minimum_masked,raw,0.1,4,batch1,9,EL150800460468,5.4C(40%)-3.6C,1054.0,862.9351193063084,-191.06488069369163,191.06488069369163,18.127597788775297
ridge_minimum_masked_a0.1,ridge,minimum_masked,raw,0.1,4,batch1,23,EL150800460477,6C(30%)-3.6C,1014.0,851.577894190791,-162.42210580920903,162.42210580920903,16.017959152781955
ridge_minimum_masked_a0.1,ridge,minimum_masked,raw,0.1,4,batch1,26,EL150800460659,6C(40%)-3.6C,870.0,781.3493153824179,-88.6506846175821,88.6506846175821,10.189733864089897
ridge_minimum_masked_a0.1,ridge,minimum_masked,raw,0.1,4,batch1,27,EL150800463198,6C(40%)-3.6C,842.0,802.5177223108423,-39.48227768915774,39.48227768915774,4.689106613914221
ridge_minimum_masked_a0.1,ridge,minimum_masked,raw,0.1,4,batch1,34,EL150800460525,7C(30%)-3.6C,742.0,791.5804304954744,49.58043049547439,49.58043049547439,6.6819987190666295
ridge_minimum_masked_a0.1,ridge,minimum_masked,raw,0.1,4,batch1,35,EL150800460622,7C(30%)-3.6C,703.0,775.785718296734,72.78571829673399,72.78571829673399,10.353587239933711
ridge_minimum_masked_a0.1,ridge,minimum_masked,raw,0.1,5,batch1,11,EL150800463882,5.4C(50%)-3C,788.0,966.2781292853449,178.2781292853449,178.2781292853449,22.62412808189656
ridge_minimum_masked_a0.1,ridge,minimum_masked,raw,0.1,5,batch1,20,EL150800464002,5.4C(80%)-5.4C,534.0,660.8331433745772,126.83314337457716,126.83314337457716,23.751524976512577
ridge_minimum_masked_a0.1,ridge,minimum_masked,raw,0.1,5,batch1,21,EL150800463871,5.4C(80%)-5.4C,559.0,565.1456002734849,6.145600273484888,6.145600273484888,1.0993918199436294
ridge_minimum_masked_a0.1,ridge,minimum_masked,raw,0.1,5,batch1,32,EL150800460640,6C(60%)-3C,731.0,718.7959591019946,-12.20404089800536,12.20404089800536,1.6694994388516224
ridge_minimum_masked_a0.1,ridge,minimum_masked,raw,0.1,5,batch1,33,EL150800460436,6C(60%)-3C,757.0,741.5364456053666,-15.463554394633434,15.463554394633434,2.042741663756068
ridge_minimum_masked_a10,ridge,minimum_masked,raw,10.0,1,batch1,18,EL150800453240,5.4C(70%)-3C,691.0,732.3229445779517,41.322944577951716,41.322944577951716,5.980165640803431
ridge_minimum_masked_a10,ridge,minimum_masked,raw,10.0,1,batch1,19,EL150800464881,5.4C(70%)-3C,788.0,743.0589271834097,-44.94107281659035,44.94107281659035,5.7031818295165415
ridge_minimum_masked_a10,ridge,minimum_masked,raw,10.0,1,batch1,28,EL150800460507,6C(50%)-3C,860.0,796.2639374281938,-63.7360625718062,63.7360625718062,7.411170066489093
ridge_minimum_masked_a10,ridge,minimum_masked,raw,10.0,1,batch1,29,EL150800460644,6C(50%)-3C,917.0,798.6631737239793,-118.3368262760207,118.3368262760207,12.904779310362125
ridge_minimum_masked_a10,ridge,minimum_masked,raw,10.0,1,batch1,44,EL150800460485,8C(35%)-3.6C,616.0,656.8016839353616,40.80168393536155,40.80168393536155,6.623649989506745
ridge_minimum_masked_a10,ridge,minimum_masked,raw,10.0,1,batch1,45,EL150800460656,8C(35%)-3.6C,599.0,663.1215415460564,64.12154154605639,64.12154154605639,10.704764865785709
ridge_minimum_masked_a10,ridge,minimum_masked,raw,10.0,2,batch1,14,EL150800463838,5.4C(60%)-3C,880.0,889.3611224881348,9.36112248813481,9.36112248813481,1.0637639191062285
ridge_minimum_masked_a10,ridge,minimum_masked,raw,10.0,2,batch1,15,EL150800453113,5.4C(60%)-3C,719.0,885.8753273400085,166.87532734000854,166.87532734000854,23.20936402503596
ridge_minimum_masked_a10,ridge,minimum_masked,raw,10.0,2,batch1,30,EL150800460615,6C(50%)-3.6C,709.0,783.1602280060661,74.16022800606606,74.16022800606606,10.459834697611575
ridge_minimum_masked_a10,ridge,minimum_masked,raw,10.0,2,batch1,31,EL150800460481,6C(50%)-3.6C,876.0,784.2492846032895,-91.75071539671046,91.75071539671046,10.473825958528591
ridge_minimum_masked_a10,ridge,minimum_masked,raw,10.0,2,batch1,42,EL150800460618,8C(25%)-3.6C,702.0,774.9219904465822,72.92199044658219,72.92199044658219,10.38774792686356
ridge_minimum_masked_a10,ridge,minimum_masked,raw,10.0,2,batch1,43,EL150800460636,8C(25%)-3.6C,651.0,756.0621286916914,105.06212869169144,105.06212869169144,16.138575835897303
ridge_minimum_masked_a10,ridge,minimum_masked,raw,10.0,3,batch1,16,EL150800460653,5.4C(60%)-3.6C,862.0,867.0148636854552,5.014863685455225,5.014863685455225,0.5817707291711398
ridge_minimum_masked_a10,ridge,minimum_masked,raw,10.0,3,batch1,17,EL150800460522,5.4C(60%)-3.6C,857.0,843.1164259631105,-13.883574036889513,13.883574036889513,1.6200203076883912
ridge_minimum_masked_a10,ridge,minimum_masked,raw,10.0,3,batch1,24,EL150800460630,6C(40%)-3C,1017.0,831.0936756135967,-185.9063243864033,185.9063243864033,18.279874570934442
ridge_minimum_masked_a10,ridge,minimum_masked,raw,10.0,3,batch1,25,EL150800460617,6C(40%)-3C,854.0,842.4989625470816,-11.501037452918354,11.501037452918354,1.346725697063039
ridge_minimum_masked_a10,ridge,minimum_masked,raw,10.0,3,batch1,36,EL150800460506,7C(40%)-3C,704.0,755.6827995428235,51.682799542823545,51.682799542823545,7.34130675324198
ridge_minimum_masked_a10,ridge,minimum_masked,raw,10.0,3,batch1,37,EL150800460601,7C(40%)-3C,648.0,754.3261413730548,106.32614137305484,106.32614137305484,16.408355150162784
ridge_minimum_masked_a10,ridge,minimum_masked,raw,10.0,4,batch1,9,EL150800460468,5.4C(40%)-3.6C,1054.0,834.8508070194997,-219.1491929805003,219.1491929805003,20.79214354653703
ridge_minimum_masked_a10,ridge,minimum_masked,raw,10.0,4,batch1,23,EL150800460477,6C(30%)-3.6C,1014.0,815.5247479289224,-198.47525207107765,198.47525207107765,19.57349625947511
ridge_minimum_masked_a10,ridge,minimum_masked,raw,10.0,4,batch1,26,EL150800460659,6C(40%)-3.6C,870.0,769.3093002582038,-100.69069974179615,100.69069974179615,11.573643648482317
ridge_minimum_masked_a10,ridge,minimum_masked,raw,10.0,4,batch1,27,EL150800463198,6C(40%)-3.6C,842.0,784.1444433122299,-57.855556687770104,57.855556687770104,6.871206257454881
ridge_minimum_masked_a10,ridge,minimum_masked,raw,10.0,4,batch1,34,EL150800460525,7C(30%)-3.6C,742.0,784.0534917224774,42.05349172247736,42.05349172247736,5.667586485509077
ridge_minimum_masked_a10,ridge,minimum_masked,raw,10.0,4,batch1,35,EL150800460622,7C(30%)-3.6C,703.0,777.7295642270117,74.72956422701168,74.72956422701168,10.63009448463893
ridge_minimum_masked_a10,ridge,minimum_masked,raw,10.0,5,batch1,11,EL150800463882,5.4C(50%)-3C,788.0,916.7185103204907,128.71851032049074,128.71851032049074,16.334836335087655
ridge_minimum_masked_a10,ridge,minimum_masked,raw,10.0,5,batch1,20,EL150800464002,5.4C(80%)-5.4C,534.0,578.1589698903513,44.15896989035127,44.15896989035127,8.269470016919714
ridge_minimum_masked_a10,ridge,minimum_masked,raw,10.0,5,batch1,21,EL150800463871,5.4C(80%)-5.4C,559.0,583.5873230630816,24.587323063081612,24.587323063081612,4.398447775148768
ridge_minimum_masked_a10,ridge,minimum_masked,raw,10.0,5,batch1,32,EL150800460640,6C(60%)-3C,731.0,744.9454396067881,13.945439606788113,13.945439606788113,1.9077208764416025
ridge_minimum_masked_a10,ridge,minimum_masked,raw,10.0,5,batch1,33,EL150800460436,6C(60%)-3C,757.0,747.5197035011756,-9.480296498824373,9.480296498824373,1.2523509245474733
