comparison,model,alpha,fold,base_feature_set,alternative_feature_set,base_mape_pct,alternative_mape_pct,alternative_minus_base_pp
descriptor_replacement,ols,,1,variance_only,minimum_only,6.493499163051972,7.089363172749638,0.5958640096976664
descriptor_replacement,ols,,2,variance_only,minimum_only,10.996752792131934,11.682112642129749,0.6853598499978144
descriptor_replacement,ols,,3,variance_only,minimum_only,7.643788435194161,7.157602353447752,-0.48618608174640965
descriptor_replacement,ols,,4,variance_only,minimum_only,10.473711241204175,10.93326475736269,0.4595535161585147
descriptor_replacement,ols,,5,variance_only,minimum_only,7.476106121378942,7.5665932003274765,0.09048707894853436
descriptor_replacement,ridge,0.1,1,variance_only,minimum_only,6.449654980898504,7.042939492718691,0.5932845118201868
descriptor_replacement,ridge,0.1,2,variance_only,minimum_only,10.985725795636975,11.668118719877226,0.6823929242402507
descriptor_replacement,ridge,0.1,3,variance_only,minimum_only,7.624591841408153,7.140510461314322,-0.48408138009383084
descriptor_replacement,ridge,0.1,4,variance_only,minimum_only,10.491076648653513,10.948640755651157,0.45756410699764416
descriptor_replacement,ridge,0.1,5,variance_only,minimum_only,7.510724216607367,7.447235793971256,-0.06348842263611143
descriptor_replacement,ridge,10.0,1,variance_only,minimum_only,8.421827633226448,7.9596632758638615,-0.4621643573625862
descriptor_replacement,ridge,10.0,2,variance_only,minimum_only,10.253508922297689,10.942966952446605,0.6894580301489164
descriptor_replacement,ridge,10.0,3,variance_only,minimum_only,7.071980881479058,7.29095571297721,0.21897483149815233
descriptor_replacement,ridge,10.0,4,variance_only,minimum_only,11.68928976265714,12.009584637555488,0.32029487489834807
descriptor_replacement,ridge,10.0,5,variance_only,minimum_only,10.38785206641967,7.739803588821596,-2.648048477598074
masking_variance,ols,,1,variance_retained,variance_masked,13.299694751859063,8.158101785442309,-5.141592966416754
masking_variance,ols,,2,variance_retained,variance_masked,11.245121911275648,11.37683969886688,0.13171778759123143
masking_variance,ols,,3,variance_retained,variance_masked,7.753995728506252,7.629889665858634,-0.12410606264761803
masking_variance,ols,,4,variance_retained,variance_masked,10.541397941826038,10.875262135928425,0.33386419410238766
masking_variance,ols,,5,variance_retained,variance_masked,7.426800785374439,18.619838666490825,11.193037881116386
masking_variance,ridge,0.1,1,variance_retained,variance_masked,12.695271335985419,7.972954718267353,-4.722316617718066
masking_variance,ridge,0.1,2,variance_retained,variance_masked,11.23912645440156,11.398678532028413,0.1595520776268522
masking_variance,ridge,0.1,3,variance_retained,variance_masked,7.737981530820903,7.625481153309112,-0.11250037751179143
masking_variance,ridge,0.1,4,variance_retained,variance_masked,10.559695888108022,10.9091687758475,0.34947288773947704
masking_variance,ridge,0.1,5,variance_retained,variance_masked,7.457192613150735,18.354963294269634,10.8977706811189
masking_variance,ridge,10.0,1,variance_retained,variance_masked,13.361417736202611,8.556237264224848,-4.8051804719777635
masking_variance,ridge,10.0,2,variance_retained,variance_masked,10.700422546014448,11.670781285731845,0.9703587397173976
masking_variance,ridge,10.0,3,variance_retained,variance_masked,7.236612125405394,7.482712813173141,0.24610068776774696
masking_variance,ridge,10.0,4,variance_retained,variance_masked,11.760715167710922,12.313669809225646,0.5529546415147237
masking_variance,ridge,10.0,5,variance_retained,variance_masked,10.208644926274568,9.854825230232697,-0.3538196960418709
masking_minimum,ols,,1,minimum_retained,minimum_masked,24.16204141174777,11.605893026806461,-12.556148384941308
masking_minimum,ols,,2,minimum_retained,minimum_masked,12.044295761616914,11.633078624795402,-0.4112171368215112
masking_minimum,ols,,3,minimum_retained,minimum_masked,7.37535048659247,6.998274744187938,-0.3770757424045321
masking_minimum,ols,,4,minimum_retained,minimum_masked,10.998515925809944,10.969506418767851,-0.029009507042092153
masking_minimum,ols,,5,minimum_retained,minimum_masked,7.558027739314491,10.385922145281071,2.827894405966581
masking_minimum,ridge,0.1,1,minimum_retained,minimum_masked,22.999780321420445,11.252758861720862,-11.747021459699583
masking_minimum,ridge,0.1,2,minimum_retained,minimum_masked,12.034074927382026,11.659475265627751,-0.3745996617542744
masking_minimum,ridge,0.1,3,minimum_retained,minimum_masked,7.361023580819302,7.001747722857576,-0.3592758579617259
masking_minimum,ridge,0.1,4,minimum_retained,minimum_masked,11.014184328828454,11.009997229760286,-0.00418709906816872
masking_minimum,ridge,0.1,5,minimum_retained,minimum_masked,7.440587294851661,10.237457196192093,2.7968699013404317
masking_minimum,ridge,10.0,1,minimum_retained,minimum_masked,11.46318865053802,8.221285283743942,-3.2419033667940784
masking_minimum,ridge,10.0,2,minimum_retained,minimum_masked,11.257463534729313,11.95551872717387,0.6980551924445564
masking_minimum,ridge,10.0,3,minimum_retained,minimum_masked,7.287231858765307,7.596342201376964,0.3091103426116568
masking_minimum,ridge,10.0,4,minimum_retained,minimum_masked,12.05902301025731,12.518028447016224,0.4590054367589147
masking_minimum,ridge,10.0,5,minimum_retained,minimum_masked,7.522506946376866,6.432565185629044,-1.0899417607478217
