config_id,model,feature_set,target,alpha,fold,feature,train_mean,train_scale
ols_variance_only,ols,variance_only,raw,,1,log10_deltaQ_var,-3.819476779404867,0.21298999732333312
ols_variance_only,ols,variance_only,raw,,2,log10_deltaQ_var,-3.7707327569486657,0.23106351222035432
ols_variance_only,ols,variance_only,raw,,3,log10_deltaQ_var,-3.750755406311029,0.22030630482596564
ols_variance_only,ols,variance_only,raw,,4,log10_deltaQ_var,-3.7511572417966774,0.22923415806816969
ols_variance_only,ols,variance_only,raw,,5,log10_deltaQ_var,-3.8112060818692814,0.18715911819866562
ridge_variance_only_a0.1,ridge,variance_only,raw,0.1,1,log10_deltaQ_var,-3.819476779404867,0.21298999732333312
ridge_variance_only_a0.1,ridge,variance_only,raw,0.1,2,log10_deltaQ_var,-3.7707327569486657,0.23106351222035432
ridge_variance_only_a0.1,ridge,variance_only,raw,0.1,3,log10_deltaQ_var,-3.750755406311029,0.22030630482596564
ridge_variance_only_a0.1,ridge,variance_only,raw,0.1,4,log10_deltaQ_var,-3.7511572417966774,0.22923415806816969
ridge_variance_only_a0.1,ridge,variance_only,raw,0.1,5,log10_deltaQ_var,-3.8112060818692814,0.18715911819866562
ridge_variance_only_a10,ridge,variance_only,raw,10.0,1,log10_deltaQ_var,-3.819476779404867,0.21298999732333312
ridge_variance_only_a10,ridge,variance_only,raw,10.0,2,log10_deltaQ_var,-3.7707327569486657,0.23106351222035432
ridge_variance_only_a10,ridge,variance_only,raw,10.0,3,log10_deltaQ_var,-3.750755406311029,0.22030630482596564
ridge_variance_only_a10,ridge,variance_only,raw,10.0,4,log10_deltaQ_var,-3.7511572417966774,0.22923415806816969
ridge_variance_only_a10,ridge,variance_only,raw,10.0,5,log10_deltaQ_var,-3.8112060818692814,0.18715911819866562
ols_minimum_only,ols,minimum_only,raw,,1,deltaQ_min,-0.03859420820866753,0.010334139793969216
ols_minimum_only,ols,minimum_only,raw,,2,deltaQ_min,-0.041005546592439115,0.011371375972126303
ols_minimum_only,ols,minimum_only,raw,,3,deltaQ_min,-0.04177613345857918,0.010984071405707865
ols_minimum_only,ols,minimum_only,raw,,4,deltaQ_min,-0.04177132467023058,0.011367688786035864
ols_minimum_only,ols,minimum_only,raw,,5,deltaQ_min,-0.038646455843154515,0.008585004084712255
ridge_minimum_only_a0.1,ridge,minimum_only,raw,0.1,1,deltaQ_min,-0.03859420820866753,0.010334139793969216
ridge_minimum_only_a0.1,ridge,minimum_only,raw,0.1,2,deltaQ_min,-0.041005546592439115,0.011371375972126303
ridge_minimum_only_a0.1,ridge,minimum_only,raw,0.1,3,deltaQ_min,-0.04177613345857918,0.010984071405707865
ridge_minimum_only_a0.1,ridge,minimum_only,raw,0.1,4,deltaQ_min,-0.04177132467023058,0.011367688786035864
ridge_minimum_only_a0.1,ridge,minimum_only,raw,0.1,5,deltaQ_min,-0.038646455843154515,0.008585004084712255
ridge_minimum_only_a10,ridge,minimum_only,raw,10.0,1,deltaQ_min,-0.03859420820866753,0.010334139793969216
ridge_minimum_only_a10,ridge,minimum_only,raw,10.0,2,deltaQ_min,-0.041005546592439115,0.011371375972126303
ridge_minimum_only_a10,ridge,minimum_only,raw,10.0,3,deltaQ_min,-0.04177613345857918,0.010984071405707865
ridge_minimum_only_a10,ridge,minimum_only,raw,10.0,4,deltaQ_min,-0.04177132467023058,0.011367688786035864
ridge_minimum_only_a10,ridge,minimum_only,raw,10.0,5,deltaQ_min,-0.038646455843154515,0.008585004084712255
ols_variance_retained,ols,variance_retained,raw,,1,log10_deltaQ_var,-3.819476779404867,0.21298999732333312
ols_variance_retained,ols,variance_retained,raw,,1,QD_slope_retained,-2.0068115872780387e-05,3.5318075168051955e-05
ols_variance_retained,ols,variance_retained,raw,,2,log10_deltaQ_var,-3.7707327569486657,0.23106351222035432
ols_variance_retained,ols,variance_retained,raw,,2,QD_slope_retained,-4.3705865029735e-05,0.0001020552445062017
ols_variance_retained,ols,variance_retained,raw,,3,log10_deltaQ_var,-3.750755406311029,0.22030630482596564
ols_variance_retained,ols,variance_retained,raw,,3,QD_slope_retained,-4.510831231779603e-05,0.00010197796780097918
ols_variance_retained,ols,variance_retained,raw,,4,log10_deltaQ_var,-3.7511572417966774,0.22923415806816969
ols_variance_retained,ols,variance_retained,raw,,4,QD_slope_retained,-4.3514298870625795e-05,0.00010258024763590295
ols_variance_retained,ols,variance_retained,raw,,5,log10_deltaQ_var,-3.8112060818692814,0.18715911819866562
ols_variance_retained,ols,variance_retained,raw,,5,QD_slope_retained,-3.265644980622942e-05,9.77696815600703e-05
ridge_variance_retained_a0.1,ridge,variance_retained,raw,0.1,1,log10_deltaQ_var,-3.819476779404867,0.21298999732333312
ridge_variance_retained_a0.1,ridge,variance_retained,raw,0.1,1,QD_slope_retained,-2.0068115872780387e-05,3.5318075168051955e-05
ridge_variance_retained_a0.1,ridge,variance_retained,raw,0.1,2,log10_deltaQ_var,-3.7707327569486657,0.23106351222035432
ridge_variance_retained_a0.1,ridge,variance_retained,raw,0.1,2,QD_slope_retained,-4.3705865029735e-05,0.0001020552445062017
ridge_variance_retained_a0.1,ridge,variance_retained,raw,0.1,3,log10_deltaQ_var,-3.750755406311029,0.22030630482596564
ridge_variance_retained_a0.1,ridge,variance_retained,raw,0.1,3,QD_slope_retained,-4.510831231779603e-05,0.00010197796780097918
ridge_variance_retained_a0.1,ridge,variance_retained,raw,0.1,4,log10_deltaQ_var,-3.7511572417966774,0.22923415806816969
ridge_variance_retained_a0.1,ridge,variance_retained,raw,0.1,4,QD_slope_retained,-4.3514298870625795e-05,0.00010258024763590295
ridge_variance_retained_a0.1,ridge,variance_retained,raw,0.1,5,log10_deltaQ_var,-3.8112060818692814,0.18715911819866562
ridge_variance_retained_a0.1,ridge,variance_retained,raw,0.1,5,QD_slope_retained,-3.265644980622942e-05,9.77696815600703e-05
ridge_variance_retained_a10,ridge,variance_retained,raw,10.0,1,log10_deltaQ_var,-3.819476779404867,0.21298999732333312
ridge_variance_retained_a10,ridge,variance_retained,raw,10.0,1,QD_slope_retained,-2.0068115872780387e-05,3.5318075168051955e-05
ridge_variance_retained_a10,ridge,variance_retained,raw,10.0,2,log10_deltaQ_var,-3.7707327569486657,0.23106351222035432
ridge_variance_retained_a10,ridge,variance_retained,raw,10.0,2,QD_slope_retained,-4.3705865029735e-05,0.0001020552445062017
ridge_variance_retained_a10,ridge,variance_retained,raw,10.0,3,log10_deltaQ_var,-3.750755406311029,0.22030630482596564
ridge_variance_retained_a10,ridge,variance_retained,raw,10.0,3,QD_slope_retained,-4.510831231779603e-05,0.00010197796780097918
ridge_variance_retained_a10,ridge,variance_retained,raw,10.0,4,log10_deltaQ_var,-3.7511572417966774,0.22923415806816969
ridge_variance_retained_a10,ridge,variance_retained,raw,10.0,4,QD_slope_retained,-4.3514298870625795e-05,0.00010258024763590295
ridge_variance_retained_a10,ridge,variance_retained,raw,10.0,5,log10_deltaQ_var,-3.8112060818692814,0.18715911819866562
ridge_variance_retained_a10,ridge,variance_retained,raw,10.0,5,QD_slope_retained,-3.265644980622942e-05,9.77696815600703e-05
ols_variance_masked,ols,variance_masked,raw,,1,log10_deltaQ_var,-3.819476779404867,0.21298999732333312
ols_variance_masked,ols,variance_masked,raw,,1,QD_slope_masked,-2.0068115872780387e-05,3.5318075168051955e-05
ols_variance_masked,ols,variance_masked,raw,,2,log10_deltaQ_var,-3.7707327569486657,0.23106351222035432
ols_variance_masked,ols,variance_masked,raw,,2,QD_slope_masked,-2.4853887501529997e-05,3.442295260574922e-05
ols_variance_masked,ols,variance_masked,raw,,3,log10_deltaQ_var,-3.750755406311029,0.22030630482596564
ols_variance_masked,ols,variance_masked,raw,,3,QD_slope_masked,-2.625633478959103e-05,3.495783833724033e-05
ols_variance_masked,ols,variance_masked,raw,,4,log10_deltaQ_var,-3.7511572417966774,0.22923415806816969
ols_variance_masked,ols,variance_masked,raw,,4,QD_slope_masked,-2.4662321342420794e-05,3.584900470120238e-05
ols_variance_masked,ols,variance_masked,raw,,5,log10_deltaQ_var,-3.8112060818692814,0.18715911819866562
ols_variance_masked,ols,variance_masked,raw,,5,QD_slope_masked,-1.4589971341699623e-05,1.8114020651702126e-05
ridge_variance_masked_a0.1,ridge,variance_masked,raw,0.1,1,log10_deltaQ_var,-3.819476779404867,0.21298999732333312
ridge_variance_masked_a0.1,ridge,variance_masked,raw,0.1,1,QD_slope_masked,-2.0068115872780387e-05,3.5318075168051955e-05
ridge_variance_masked_a0.1,ridge,variance_masked,raw,0.1,2,log10_deltaQ_var,-3.7707327569486657,0.23106351222035432
ridge_variance_masked_a0.1,ridge,variance_masked,raw,0.1,2,QD_slope_masked,-2.4853887501529997e-05,3.442295260574922e-05
ridge_variance_masked_a0.1,ridge,variance_masked,raw,0.1,3,log10_deltaQ_var,-3.750755406311029,0.22030630482596564
ridge_variance_masked_a0.1,ridge,variance_masked,raw,0.1,3,QD_slope_masked,-2.625633478959103e-05,3.495783833724033e-05
ridge_variance_masked_a0.1,ridge,variance_masked,raw,0.1,4,log10_deltaQ_var,-3.7511572417966774,0.22923415806816969
ridge_variance_masked_a0.1,ridge,variance_masked,raw,0.1,4,QD_slope_masked,-2.4662321342420794e-05,3.584900470120238e-05
ridge_variance_masked_a0.1,ridge,variance_masked,raw,0.1,5,log10_deltaQ_var,-3.8112060818692814,0.18715911819866562
ridge_variance_masked_a0.1,ridge,variance_masked,raw,0.1,5,QD_slope_masked,-1.4589971341699623e-05,1.8114020651702126e-05
ridge_variance_masked_a10,ridge,variance_masked,raw,10.0,1,log10_deltaQ_var,-3.819476779404867,0.21298999732333312
ridge_variance_masked_a10,ridge,variance_masked,raw,10.0,1,QD_slope_masked,-2.0068115872780387e-05,3.5318075168051955e-05
ridge_variance_masked_a10,ridge,variance_masked,raw,10.0,2,log10_deltaQ_var,-3.7707327569486657,0.23106351222035432
ridge_variance_masked_a10,ridge,variance_masked,raw,10.0,2,QD_slope_masked,-2.4853887501529997e-05,3.442295260574922e-05
ridge_variance_masked_a10,ridge,variance_masked,raw,10.0,3,log10_deltaQ_var,-3.750755406311029,0.22030630482596564
ridge_variance_masked_a10,ridge,variance_masked,raw,10.0,3,QD_slope_masked,-2.625633478959103e-05,3.495783833724033e-05
ridge_variance_masked_a10,ridge,variance_masked,raw,10.0,4,log10_deltaQ_var,-3.7511572417966774,0.22923415806816969
ridge_variance_masked_a10,ridge,variance_masked,raw,10.0,4,QD_slope_masked,-2.4662321342420794e-05,3.584900470120238e-05
ridge_variance_masked_a10,ridge,variance_masked,raw,10.0,5,log10_deltaQ_var,-3.8112060818692814,0.18715911819866562
ridge_variance_masked_a10,ridge,variance_masked,raw,10.0,5,QD_slope_masked,-1.4589971341699623e-05,1.8114020651702126e-05
ols_minimum_retained,ols,minimum_retained,raw,,1,deltaQ_min,-0.03859420820866753,0.010334139793969216
ols_minimum_retained,ols,minimum_retained,raw,,1,QD_slope_retained,-2.0068115872780387e-05,3.5318075168051955e-05
ols_minimum_retained,ols,minimum_retained,raw,,2,deltaQ_min,-0.041005546592439115,0.011371375972126303
ols_minimum_retained,ols,minimum_retained,raw,,2,QD_slope_retained,-4.3705865029735e-05,0.0001020552445062017
ols_minimum_retained,ols,minimum_retained,raw,,3,deltaQ_min,-0.04177613345857918,0.010984071405707865
ols_minimum_retained,ols,minimum_retained,raw,,3,QD_slope_retained,-4.510831231779603e-05,0.00010197796780097918
ols_minimum_retained,ols,minimum_retained,raw,,4,deltaQ_min,-0.04177132467023058,0.011367688786035864
ols_minimum_retained,ols,minimum_retained,raw,,4,QD_slope_retained,-4.3514298870625795e-05,0.00010258024763590295
ols_minimum_retained,ols,minimum_retained,raw,,5,deltaQ_min,-0.038646455843154515,0.008585004084712255
ols_minimum_retained,ols,minimum_retained,raw,,5,QD_slope_retained,-3.265644980622942e-05,9.77696815600703e-05
ridge_minimum_retained_a0.1,ridge,minimum_retained,raw,0.1,1,deltaQ_min,-0.03859420820866753,0.010334139793969216
ridge_minimum_retained_a0.1,ridge,minimum_retained,raw,0.1,1,QD_slope_retained,-2.0068115872780387e-05,3.5318075168051955e-05
ridge_minimum_retained_a0.1,ridge,minimum_retained,raw,0.1,2,deltaQ_min,-0.041005546592439115,0.011371375972126303
ridge_minimum_retained_a0.1,ridge,minimum_retained,raw,0.1,2,QD_slope_retained,-4.3705865029735e-05,0.0001020552445062017
ridge_minimum_retained_a0.1,ridge,minimum_retained,raw,0.1,3,deltaQ_min,-0.04177613345857918,0.010984071405707865
ridge_minimum_retained_a0.1,ridge,minimum_retained,raw,0.1,3,QD_slope_retained,-4.510831231779603e-05,0.00010197796780097918
ridge_minimum_retained_a0.1,ridge,minimum_retained,raw,0.1,4,deltaQ_min,-0.04177132467023058,0.011367688786035864
ridge_minimum_retained_a0.1,ridge,minimum_retained,raw,0.1,4,QD_slope_retained,-4.3514298870625795e-05,0.00010258024763590295
ridge_minimum_retained_a0.1,ridge,minimum_retained,raw,0.1,5,deltaQ_min,-0.038646455843154515,0.008585004084712255
ridge_minimum_retained_a0.1,ridge,minimum_retained,raw,0.1,5,QD_slope_retained,-3.265644980622942e-05,9.77696815600703e-05
ridge_minimum_retained_a10,ridge,minimum_retained,raw,10.0,1,deltaQ_min,-0.03859420820866753,0.010334139793969216
ridge_minimum_retained_a10,ridge,minimum_retained,raw,10.0,1,QD_slope_retained,-2.0068115872780387e-05,3.5318075168051955e-05
ridge_minimum_retained_a10,ridge,minimum_retained,raw,10.0,2,deltaQ_min,-0.041005546592439115,0.011371375972126303
ridge_minimum_retained_a10,ridge,minimum_retained,raw,10.0,2,QD_slope_retained,-4.3705865029735e-05,0.0001020552445062017
ridge_minimum_retained_a10,ridge,minimum_retained,raw,10.0,3,deltaQ_min,-0.04177613345857918,0.010984071405707865
ridge_minimum_retained_a10,ridge,minimum_retained,raw,10.0,3,QD_slope_retained,-4.510831231779603e-05,0.00010197796780097918
ridge_minimum_retained_a10,ridge,minimum_retained,raw,10.0,4,deltaQ_min,-0.04177132467023058,0.011367688786035864
ridge_minimum_retained_a10,ridge,minimum_retained,raw,10.0,4,QD_slope_retained,-4.3514298870625795e-05,0.00010258024763590295
ridge_minimum_retained_a10,ridge,minimum_retained,raw,10.0,5,deltaQ_min,-0.038646455843154515,0.008585004084712255
ridge_minimum_retained_a10,ridge,minimum_retained,raw,10.0,5,QD_slope_retained,-3.265644980622942e-05,9.77696815600703e-05
ols_minimum_masked,ols,minimum_masked,raw,,1,deltaQ_min,-0.03859420820866753,0.010334139793969216
ols_minimum_masked,ols,minimum_masked,raw,,1,QD_slope_masked,-2.0068115872780387e-05,3.5318075168051955e-05
ols_minimum_masked,ols,minimum_masked,raw,,2,deltaQ_min,-0.041005546592439115,0.011371375972126303
ols_minimum_masked,ols,minimum_masked,raw,,2,QD_slope_masked,-2.4853887501529997e-05,3.442295260574922e-05
ols_minimum_masked,ols,minimum_masked,raw,,3,deltaQ_min,-0.04177613345857918,0.010984071405707865
ols_minimum_masked,ols,minimum_masked,raw,,3,QD_slope_masked,-2.625633478959103e-05,3.495783833724033e-05
ols_minimum_masked,ols,minimum_masked,raw,,4,deltaQ_min,-0.04177132467023058,0.011367688786035864
ols_minimum_masked,ols,minimum_masked,raw,,4,QD_slope_masked,-2.4662321342420794e-05,3.584900470120238e-05
ols_minimum_masked,ols,minimum_masked,raw,,5,deltaQ_min,-0.038646455843154515,0.008585004084712255
ols_minimum_masked,ols,minimum_masked,raw,,5,QD_slope_masked,-1.4589971341699623e-05,1.8114020651702126e-05
ridge_minimum_masked_a0.1,ridge,minimum_masked,raw,0.1,1,deltaQ_min,-0.03859420820866753,0.010334139793969216
ridge_minimum_masked_a0.1,ridge,minimum_masked,raw,0.1,1,QD_slope_masked,-2.0068115872780387e-05,3.5318075168051955e-05
ridge_minimum_masked_a0.1,ridge,minimum_masked,raw,0.1,2,deltaQ_min,-0.041005546592439115,0.011371375972126303
ridge_minimum_masked_a0.1,ridge,minimum_masked,raw,0.1,2,QD_slope_masked,-2.4853887501529997e-05,3.442295260574922e-05
ridge_minimum_masked_a0.1,ridge,minimum_masked,raw,0.1,3,deltaQ_min,-0.04177613345857918,0.010984071405707865
ridge_minimum_masked_a0.1,ridge,minimum_masked,raw,0.1,3,QD_slope_masked,-2.625633478959103e-05,3.495783833724033e-05
ridge_minimum_masked_a0.1,ridge,minimum_masked,raw,0.1,4,deltaQ_min,-0.04177132467023058,0.011367688786035864
ridge_minimum_masked_a0.1,ridge,minimum_masked,raw,0.1,4,QD_slope_masked,-2.4662321342420794e-05,3.584900470120238e-05
ridge_minimum_masked_a0.1,ridge,minimum_masked,raw,0.1,5,deltaQ_min,-0.038646455843154515,0.008585004084712255
ridge_minimum_masked_a0.1,ridge,minimum_masked,raw,0.1,5,QD_slope_masked,-1.4589971341699623e-05,1.8114020651702126e-05
ridge_minimum_masked_a10,ridge,minimum_masked,raw,10.0,1,deltaQ_min,-0.03859420820866753,0.010334139793969216
ridge_minimum_masked_a10,ridge,minimum_masked,raw,10.0,1,QD_slope_masked,-2.0068115872780387e-05,3.5318075168051955e-05
ridge_minimum_masked_a10,ridge,minimum_masked,raw,10.0,2,deltaQ_min,-0.041005546592439115,0.011371375972126303
ridge_minimum_masked_a10,ridge,minimum_masked,raw,10.0,2,QD_slope_masked,-2.4853887501529997e-05,3.442295260574922e-05
ridge_minimum_masked_a10,ridge,minimum_masked,raw,10.0,3,deltaQ_min,-0.04177613345857918,0.010984071405707865
ridge_minimum_masked_a10,ridge,minimum_masked,raw,10.0,3,QD_slope_masked,-2.625633478959103e-05,3.495783833724033e-05
ridge_minimum_masked_a10,ridge,minimum_masked,raw,10.0,4,deltaQ_min,-0.04177132467023058,0.011367688786035864
ridge_minimum_masked_a10,ridge,minimum_masked,raw,10.0,4,QD_slope_masked,-2.4662321342420794e-05,3.584900470120238e-05
ridge_minimum_masked_a10,ridge,minimum_masked,raw,10.0,5,deltaQ_min,-0.038646455843154515,0.008585004084712255
ridge_minimum_masked_a10,ridge,minimum_masked,raw,10.0,5,QD_slope_masked,-1.4589971341699623e-05,1.8114020651702126e-05
