fold,role,batch,cell_id,barcode_key,protocol_key
1,train,batch1,9,EL150800460468,5.4C(40%)-3.6C
1,train,batch1,11,EL150800463882,5.4C(50%)-3C
1,train,batch1,14,EL150800463838,5.4C(60%)-3C
1,train,batch1,15,EL150800453113,5.4C(60%)-3C
1,train,batch1,16,EL150800460653,5.4C(60%)-3.6C
1,train,batch1,17,EL150800460522,5.4C(60%)-3.6C
1,train,batch1,20,EL150800464002,5.4C(80%)-5.4C
1,train,batch1,21,EL150800463871,5.4C(80%)-5.4C
1,train,batch1,23,EL150800460477,6C(30%)-3.6C
1,train,batch1,24,EL150800460630,6C(40%)-3C
1,train,batch1,25,EL150800460617,6C(40%)-3C
1,train,batch1,26,EL150800460659,6C(40%)-3.6C
1,train,batch1,27,EL150800463198,6C(40%)-3.6C
1,train,batch1,30,EL150800460615,6C(50%)-3.6C
1,train,batch1,31,EL150800460481,6C(50%)-3.6C
1,train,batch1,32,EL150800460640,6C(60%)-3C
1,train,batch1,33,EL150800460436,6C(60%)-3C
1,train,batch1,34,EL150800460525,7C(30%)-3.6C
1,train,batch1,35,EL150800460622,7C(30%)-3.6C
1,train,batch1,36,EL150800460506,7C(40%)-3C
1,train,batch1,37,EL150800460601,7C(40%)-3C
1,train,batch1,42,EL150800460618,8C(25%)-3.6C
1,train,batch1,43,EL150800460636,8C(25%)-3.6C
1,valid,batch1,18,EL150800453240,5.4C(70%)-3C
1,valid,batch1,19,EL150800464881,5.4C(70%)-3C
1,valid,batch1,28,EL150800460507,6C(50%)-3C
1,valid,batch1,29,EL150800460644,6C(50%)-3C
1,valid,batch1,44,EL150800460485,8C(35%)-3.6C
1,valid,batch1,45,EL150800460656,8C(35%)-3.6C
2,train,batch1,9,EL150800460468,5.4C(40%)-3.6C
2,train,batch1,11,EL150800463882,5.4C(50%)-3C
2,train,batch1,16,EL150800460653,5.4C(60%)-3.6C
2,train,batch1,17,EL150800460522,5.4C(60%)-3.6C
2,train,batch1,18,EL150800453240,5.4C(70%)-3C
2,train,batch1,19,EL150800464881,5.4C(70%)-3C
2,train,batch1,20,EL150800464002,5.4C(80%)-5.4C
2,train,batch1,21,EL150800463871,5.4C(80%)-5.4C
2,train,batch1,23,EL150800460477,6C(30%)-3.6C
2,train,batch1,24,EL150800460630,6C(40%)-3C
2,train,batch1,25,EL150800460617,6C(40%)-3C
2,train,batch1,26,EL150800460659,6C(40%)-3.6C
2,train,batch1,27,EL150800463198,6C(40%)-3.6C
2,train,batch1,28,EL150800460507,6C(50%)-3C
2,train,batch1,29,EL150800460644,6C(50%)-3C
2,train,batch1,32,EL150800460640,6C(60%)-3C
2,train,batch1,33,EL150800460436,6C(60%)-3C
2,train,batch1,34,EL150800460525,7C(30%)-3.6C
2,train,batch1,35,EL150800460622,7C(30%)-3.6C
2,train,batch1,36,EL150800460506,7C(40%)-3C
2,train,batch1,37,EL150800460601,7C(40%)-3C
2,train,batch1,44,EL150800460485,8C(35%)-3.6C
2,train,batch1,45,EL150800460656,8C(35%)-3.6C
2,valid,batch1,14,EL150800463838,5.4C(60%)-3C
2,valid,batch1,15,EL150800453113,5.4C(60%)-3C
2,valid,batch1,30,EL150800460615,6C(50%)-3.6C
2,valid,batch1,31,EL150800460481,6C(50%)-3.6C
2,valid,batch1,42,EL150800460618,8C(25%)-3.6C
2,valid,batch1,43,EL150800460636,8C(25%)-3.6C
3,train,batch1,9,EL150800460468,5.4C(40%)-3.6C
3,train,batch1,11,EL150800463882,5.4C(50%)-3C
3,train,batch1,14,EL150800463838,5.4C(60%)-3C
3,train,batch1,15,EL150800453113,5.4C(60%)-3C
3,train,batch1,18,EL150800453240,5.4C(70%)-3C
3,train,batch1,19,EL150800464881,5.4C(70%)-3C
3,train,batch1,20,EL150800464002,5.4C(80%)-5.4C
3,train,batch1,21,EL150800463871,5.4C(80%)-5.4C
3,train,batch1,23,EL150800460477,6C(30%)-3.6C
3,train,batch1,26,EL150800460659,6C(40%)-3.6C
3,train,batch1,27,EL150800463198,6C(40%)-3.6C
3,train,batch1,28,EL150800460507,6C(50%)-3C
3,train,batch1,29,EL150800460644,6C(50%)-3C
3,train,batch1,30,EL150800460615,6C(50%)-3.6C
3,train,batch1,31,EL150800460481,6C(50%)-3.6C
3,train,batch1,32,EL150800460640,6C(60%)-3C
3,train,batch1,33,EL150800460436,6C(60%)-3C
3,train,batch1,34,EL150800460525,7C(30%)-3.6C
3,train,batch1,35,EL150800460622,7C(30%)-3.6C
3,train,batch1,42,EL150800460618,8C(25%)-3.6C
3,train,batch1,43,EL150800460636,8C(25%)-3.6C
3,train,batch1,44,EL150800460485,8C(35%)-3.6C
3,train,batch1,45,EL150800460656,8C(35%)-3.6C
3,valid,batch1,16,EL150800460653,5.4C(60%)-3.6C
3,valid,batch1,17,EL150800460522,5.4C(60%)-3.6C
3,valid,batch1,24,EL150800460630,6C(40%)-3C
3,valid,batch1,25,EL150800460617,6C(40%)-3C
3,valid,batch1,36,EL150800460506,7C(40%)-3C
3,valid,batch1,37,EL150800460601,7C(40%)-3C
4,train,batch1,11,EL150800463882,5.4C(50%)-3C
4,train,batch1,14,EL150800463838,5.4C(60%)-3C
4,train,batch1,15,EL150800453113,5.4C(60%)-3C
4,train,batch1,16,EL150800460653,5.4C(60%)-3.6C
4,train,batch1,17,EL150800460522,5.4C(60%)-3.6C
4,train,batch1,18,EL150800453240,5.4C(70%)-3C
4,train,batch1,19,EL150800464881,5.4C(70%)-3C
4,train,batch1,20,EL150800464002,5.4C(80%)-5.4C
4,train,batch1,21,EL150800463871,5.4C(80%)-5.4C
4,train,batch1,24,EL150800460630,6C(40%)-3C
4,train,batch1,25,EL150800460617,6C(40%)-3C
4,train,batch1,28,EL150800460507,6C(50%)-3C
4,train,batch1,29,EL150800460644,6C(50%)-3C
4,train,batch1,30,EL150800460615,6C(50%)-3.6C
4,train,batch1,31,EL150800460481,6C(50%)-3.6C
4,train,batch1,32,EL150800460640,6C(60%)-3C
4,train,batch1,33,EL150800460436,6C(60%)-3C
4,train,batch1,36,EL150800460506,7C(40%)-3C
4,train,batch1,37,EL150800460601,7C(40%)-3C
4,train,batch1,42,EL150800460618,8C(25%)-3.6C
4,train,batch1,43,EL150800460636,8C(25%)-3.6C
4,train,batch1,44,EL150800460485,8C(35%)-3.6C
4,train,batch1,45,EL150800460656,8C(35%)-3.6C
4,valid,batch1,9,EL150800460468,5.4C(40%)-3.6C
4,valid,batch1,23,EL150800460477,6C(30%)-3.6C
4,valid,batch1,26,EL150800460659,6C(40%)-3.6C
4,valid,batch1,27,EL150800463198,6C(40%)-3.6C
4,valid,batch1,34,EL150800460525,7C(30%)-3.6C
4,valid,batch1,35,EL150800460622,7C(30%)-3.6C
5,train,batch1,9,EL150800460468,5.4C(40%)-3.6C
5,train,batch1,14,EL150800463838,5.4C(60%)-3C
5,train,batch1,15,EL150800453113,5.4C(60%)-3C
5,train,batch1,16,EL150800460653,5.4C(60%)-3.6C
5,train,batch1,17,EL150800460522,5.4C(60%)-3.6C
5,train,batch1,18,EL150800453240,5.4C(70%)-3C
5,train,batch1,19,EL150800464881,5.4C(70%)-3C
5,train,batch1,23,EL150800460477,6C(30%)-3.6C
5,train,batch1,24,EL150800460630,6C(40%)-3C
5,train,batch1,25,EL150800460617,6C(40%)-3C
5,train,batch1,26,EL150800460659,6C(40%)-3.6C
5,train,batch1,27,EL150800463198,6C(40%)-3.6C
5,train,batch1,28,EL150800460507,6C(50%)-3C
5,train,batch1,29,EL150800460644,6C(50%)-3C
5,train,batch1,30,EL150800460615,6C(50%)-3.6C
5,train,batch1,31,EL150800460481,6C(50%)-3.6C
5,train,batch1,34,EL150800460525,7C(30%)-3.6C
5,train,batch1,35,EL150800460622,7C(30%)-3.6C
5,train,batch1,36,EL150800460506,7C(40%)-3C
5,train,batch1,37,EL150800460601,7C(40%)-3C
5,train,batch1,42,EL150800460618,8C(25%)-3.6C
5,train,batch1,43,EL150800460636,8C(25%)-3.6C
5,train,batch1,44,EL150800460485,8C(35%)-3.6C
5,train,batch1,45,EL150800460656,8C(35%)-3.6C
5,valid,batch1,11,EL150800463882,5.4C(50%)-3C
5,valid,batch1,20,EL150800464002,5.4C(80%)-5.4C
5,valid,batch1,21,EL150800463871,5.4C(80%)-5.4C
5,valid,batch1,32,EL150800460640,6C(60%)-3C
5,valid,batch1,33,EL150800460436,6C(60%)-3C
