batch,cell_id,barcode_key,cycle_life,exclusion_reason
batch1,0,EL150800460514,1190.0,batch1_incomplete_lifetime_record
batch1,1,EL150800460486,1179.0,batch1_incomplete_lifetime_record
batch1,2,EL150800460623,1177.0,batch1_incomplete_lifetime_record
batch1,3,EL150800464977,1226.0,batch1_incomplete_lifetime_record
batch1,4,EL150800464865,1227.0,batch1_incomplete_lifetime_record
batch1,8,EL150800464898,879.0,batch1_incomplete_lifetime_record
batch1,10,EL150800463980,906.0,batch1_incomplete_lifetime_record
batch1,12,EL150800460472,902.0,batch1_incomplete_lifetime_record
batch1,13,EL150800460658,897.0,batch1_incomplete_lifetime_record
batch1,22,EL150800460433,891.0,batch1_incomplete_lifetime_record
batch2,22,EL150800737301,,missing_or_invalid_lifetime_label
batch2,23,EL150800737324,,missing_or_invalid_lifetime_label
batch2,35,EL150800739483,,missing_or_invalid_lifetime_label
batch2,36,EL150800737290,,missing_or_invalid_lifetime_label
batch2,37,EL150800737235,,missing_or_invalid_lifetime_label
batch2,38,EL150800737351,,missing_or_invalid_lifetime_label
batch2,39,EL150800737260,,missing_or_invalid_lifetime_label
batch2,40,EL150800737258,,missing_or_invalid_lifetime_label
batch3,23,EL150800737299,,missing_or_invalid_lifetime_label
batch3,32,EL150800737297,,missing_or_invalid_lifetime_label
