batch,cell_id,barcode_key,protocol_key,partition,cv_valid_fold
batch1,0,EL150800460514,3.6C(80%)-3.6C,excluded,
batch1,1,EL150800460486,3.6C(80%)-3.6C,excluded,
batch1,2,EL150800460623,3.6C(80%)-3.6C,excluded,
batch1,3,EL150800464977,4C(80%)-4C,excluded,
batch1,4,EL150800464865,4C(80%)-4C,excluded,
batch1,5,EL150800464883,4.4C(80%)-4.4C,holdout,
batch1,6,EL150800463886,4.8C(80%)-4.8C,holdout,
batch1,7,EL150800465027,4.8C(80%)-4.8C,holdout,
batch1,8,EL150800464898,5.4C(40%)-3.6C,excluded,
batch1,9,EL150800460468,5.4C(40%)-3.6C,development,4
batch1,10,EL150800463980,5.4C(50%)-3C,excluded,
batch1,11,EL150800463882,5.4C(50%)-3C,development,5
batch1,12,EL150800460472,5.4C(50%)-3.6C,excluded,
batch1,13,EL150800460658,5.4C(50%)-3.6C,excluded,
batch1,14,EL150800463838,5.4C(60%)-3C,development,2
batch1,15,EL150800453113,5.4C(60%)-3C,development,2
batch1,16,EL150800460653,5.4C(60%)-3.6C,development,3
batch1,17,EL150800460522,5.4C(60%)-3.6C,development,3
batch1,18,EL150800453240,5.4C(70%)-3C,development,1
batch1,19,EL150800464881,5.4C(70%)-3C,development,1
batch1,20,EL150800464002,5.4C(80%)-5.4C,development,5
batch1,21,EL150800463871,5.4C(80%)-5.4C,development,5
batch1,22,EL150800460433,6C(30%)-3.6C,excluded,
batch1,23,EL150800460477,6C(30%)-3.6C,development,4
batch1,24,EL150800460630,6C(40%)-3C,development,3
batch1,25,EL150800460617,6C(40%)-3C,development,3
batch1,26,EL150800460659,6C(40%)-3.6C,development,4
batch1,27,EL150800463198,6C(40%)-3.6C,development,4
batch1,28,EL150800460507,6C(50%)-3C,development,1
batch1,29,EL150800460644,6C(50%)-3C,development,1
batch1,30,EL150800460615,6C(50%)-3.6C,development,2
batch1,31,EL150800460481,6C(50%)-3.6C,development,2
batch1,32,EL150800460640,6C(60%)-3C,development,5
batch1,33,EL150800460436,6C(60%)-3C,development,5
batch1,34,EL150800460525,7C(30%)-3.6C,development,4
batch1,35,EL150800460622,7C(30%)-3.6C,development,4
batch1,36,EL150800460506,7C(40%)-3C,development,3
batch1,37,EL150800460601,7C(40%)-3C,development,3
batch1,38,EL150800453773,7C(40%)-3.6C,holdout,
batch1,39,EL150800460642,7C(40%)-3.6C,holdout,
batch1,40,EL150800463229,8C(15%)-3.6C,holdout,
batch1,41,EL150800460647,8C(15%)-3.6C,holdout,
batch1,42,EL150800460618,8C(25%)-3.6C,development,2
batch1,43,EL150800460636,8C(25%)-3.6C,development,2
batch1,44,EL150800460485,8C(35%)-3.6C,development,1
batch1,45,EL150800460656,8C(35%)-3.6C,development,1
batch2,0,EL150800737291,5.2C(58%)-4C,test_batch2,
batch2,1,EL150800737295,5.6C(26%)-4.5C,test_batch2,
batch2,2,EL150800720603,5.2C(50%)-4.25C,test_batch2,
batch2,3,EL150800737292,4.65C(44%)-5C,test_batch2,
batch2,4,EL150800737376,4.65C(69%)-6C,test_batch2,
batch2,5,EL150800739496,3.6C(30%)-6C,test_batch2,
batch2,6,EL150800737391,3.6C(9%)-5C,test_batch2,
batch2,7,EL150800734869,4.8C(80%)-4.8C-newstructure,test_batch2,
batch2,8,EL150800739489,5.2C(58%)-4C-newstructure,test_batch2,
batch2,9,EL150800739480,5.6C(26%)-4.5C-newstructure,test_batch2,
batch2,10,EL150800737298,4.8C(80%)-4.8C,test_batch2,
batch2,11,EL150800739478,5.2C(50%)-4.25C,test_batch2,
batch2,12,EL150800737362,4.65C(44%)-5C,test_batch2,
batch2,13,EL150800737384,4.65C(69%)-6C,test_batch2,
batch2,14,EL150800734853,3.6C(30%)-6C,test_batch2,
batch2,15,EL150800720452,3.6C(9%)-5C,test_batch2,
batch2,16,EL150800737254,4.8C(80%)-4.8C,test_batch2,
batch2,17,EL150800737289,5.6C(26%)-4.5C,test_batch2,
batch2,18,EL150800737236,5.2C(50%)-4.25C,test_batch2,
batch2,19,EL150800737281,6C(60%)-3C,test_batch2,
batch2,20,EL150800739494,5.2C(58%)-4C,test_batch2,
batch2,21,EL150800737302,6C(60%)-3C,test_batch2,
batch2,22,EL150800737301,VarCharge-2C-100cycles,excluded,
batch2,23,EL150800737324,VarCharge-4C-100cycles,excluded,
batch2,24,EL150800737374,4.8C(80%)-4.8C,test_batch2,
batch2,25,EL150800737318,5.2C(58%)-4C,test_batch2,
batch2,26,EL150800737370,5.6C(26%)-4.5C,test_batch2,
batch2,27,EL150800739473,5.2C(50%)-4.25C,test_batch2,
batch2,28,EL150800737389,4.8C(80%)-4.8C,test_batch2,
batch2,29,EL150800737383,5.2C(58%)-4C,test_batch2,
batch2,30,EL150800737363,5.6C(26%)-4.5C,test_batch2,
batch2,31,EL150800737327,5.6C(26%)-4.5C,test_batch2,
batch2,32,EL150800737338,4.8C(80%)-4.8C-newstructure,test_batch2,
batch2,33,EL150800737286,5.2C(58%)-4C-newstructure,test_batch2,
batch2,34,EL150800737335,5.6C(26%)-4.5C-newstructure,test_batch2,
batch2,35,EL150800739483,VarCharge-6C-100cycles,excluded,
batch2,36,EL150800737290,VarCharge-8C-100cycles,excluded,
batch2,37,EL150800737235,3.6C(80%)-3.6C(SLOWCYCLE,excluded,
batch2,38,EL150800737351,4.8C(80%)-4.8C(SLOWCYCLE,excluded,
batch2,39,EL150800737260,3.6C(9%)-5C(SLOWCYCLE,excluded,
batch2,40,EL150800737258,5.2C(58%)-4C(SLOWCYCLE,excluded,
batch2,41,EL150800739479,5.6C(26%)-4.5C,test_batch2,
batch2,42,EL150800737244,5.2C(50%)-4.25C,test_batch2,
batch2,43,EL150800737214,4.8C(80%)-4.8C-newstructure,test_batch2,
batch2,44,EL150800737245,5.2C(58%)-4C-newstructure,test_batch2,
batch2,45,EL150800737241,5.6C(26%)-4.5C-newstructure,test_batch2,
batch2,46,EL150800737273,4.8C(80%)-4.8C,test_batch2,
batch3,0,EL150800737329,5C(67%)-4C-newstructure,batch3_candidate,
batch3,1,EL150800737313,5.3C(54%)-4C-newstructure,batch3_candidate,
batch3,2,EL150800737294,5.6C(19%)-4.6C-newstructure,batch3_candidate,
batch3,3,EL150800737280,5.6C(36%)-4.3C-newstructure,batch3_candidate,
batch3,4,EL150800739476,5.6C(19%)-4.6C-newstructure,batch3_candidate,
batch3,5,EL150800737213,5.6C(36%)-4.3C-newstructure,batch3_candidate,
batch3,6,EL150800737229,3.7C(31%)-5.9C-newstructure,batch3_candidate,
batch3,7,EL150800737307,4.8C(80%)-4.8C-newstructure,batch3_candidate,
batch3,8,EL150800737233,5C(67%)-4C-newstructure,batch3_candidate,
batch3,9,EL150800737270,5.3C(54%)-4C-newstructure,batch3_candidate,
batch3,10,EL150800737277,4.8C(80%)-4.8C-newstructure,batch3_candidate,
batch3,11,EL150800737276,5.6C(19%)-4.6C-newstructure,batch3_candidate,
batch3,12,EL150800737314,5.6C(36%)-4.3C-newstructure,batch3_candidate,
batch3,13,EL150800737319,5.6C(19%)-4.6C-newstructure,batch3_candidate,
batch3,14,EL150800737387,5.6C(36%)-4.3C-newstructure,batch3_candidate,
batch3,15,EL150800737386,5.9C(15%)-4.6C-newstructure,batch3_candidate,
batch3,16,EL150800737345,4.8C(80%)-4.8C-newstructure,batch3_candidate,
batch3,17,EL150800737378,5.3C(54%)-4C-newstructure,batch3_candidate,
batch3,18,EL150800737274,5.6C(19%)-4.6C-newstructure,batch3_candidate,
batch3,19,EL150800737275,5.6C(36%)-4.3C-newstructure,batch3_candidate,
batch3,20,EL150800737315,5C(67%)-4C-newstructure,batch3_candidate,
batch3,21,EL150800737366,3.7C(31%)-5.9C-newstructure,batch3_candidate,
batch3,22,EL150800737285,5.9C(60%)-3.1C-newstructure,batch3_candidate,
batch3,23,EL150800737299,4.8C(80%)-4.8C-newstructure,excluded,
batch3,24,EL150800737368,5C(67%)-4C-newstructure,batch3_candidate,
batch3,25,EL150800737259,5.3C(54%)-4C-newstructure,batch3_candidate,
batch3,26,EL150800737287,5.6C(19%)-4.6C-newstructure,batch3_candidate,
batch3,27,EL150800737251,5.6C(36%)-4.3C-newstructure,batch3_candidate,
batch3,28,EL150800737234,3.7C(31%)-5.9C-newstructure,batch3_candidate,
batch3,29,EL150800737320,5.9C(15%)-4.6C-newstructure,batch3_candidate,
batch3,30,EL150800737380,5.3C(54%)-4C-newstructure,batch3_candidate,
batch3,31,EL150800737279,5.9C(60%)-3.1C-newstructure,batch3_candidate,
batch3,32,EL150800737297,4.8C(80%)-4.8C-newstructure,excluded,
batch3,33,EL150800737304,5C(67%)-4C-newstructure,batch3_candidate,
batch3,34,EL150800737350,5.3C(54%)-4C-newstructure,batch3_candidate,
batch3,35,EL150800739477,5.6C(19%)-4.6C-newstructure,batch3_candidate,
batch3,36,EL150800737365,5.6C(36%)-4.3C-newstructure,batch3_candidate,
batch3,37,EL150800737364,4.8C(80%)-4.8C-newstructure,batch3_candidate,
batch3,38,EL150800737334,5C(67%)-4C-newstructure,batch3_candidate,
batch3,39,EL150800737361,5.3C(54%)-4C-newstructure,batch3_candidate,
batch3,40,EL150800737390,5.6C(19%)-4.6C-newstructure,batch3_candidate,
batch3,41,EL150800739495,5.6C(36%)-4.3C-newstructure,batch3_candidate,
batch3,42,EL150800737377,4.8C(80%)-4.8C-newstructure,batch3_candidate,
batch3,43,EL150800737367,5C(67%)-4C-newstructure,batch3_candidate,
batch3,44,EL150800737369,5.3C(54%)-4C-newstructure,batch3_candidate,
batch3,45,EL150800739484,4.8C(80%)-4.8C-newstructure,batch3_candidate,
