batch,feature,end_cycle,population,method,n,correlation
batch1,deltaQ_var,50,common_cells,pearson,46,-0.756171353412043
batch1,deltaQ_var,50,common_cells,spearman,46,-0.7919082289638898
batch1,deltaQ_var,50,all_valid,pearson,46,-0.756171353412043
batch1,deltaQ_var,50,all_valid,spearman,46,-0.7919082289638898
batch1,deltaQ_var,50,curve_review_excluded,pearson,46,-0.756171353412043
batch1,deltaQ_var,50,curve_review_excluded,spearman,46,-0.7919082289638898
batch1,deltaQ_var,75,common_cells,pearson,46,-0.8379149325053692
batch1,deltaQ_var,75,common_cells,spearman,46,-0.865301592863191
batch1,deltaQ_var,75,all_valid,pearson,46,-0.8379149325053692
batch1,deltaQ_var,75,all_valid,spearman,46,-0.865301592863191
batch1,deltaQ_var,75,curve_review_excluded,pearson,46,-0.8379149325053692
batch1,deltaQ_var,75,curve_review_excluded,spearman,46,-0.865301592863191
batch1,deltaQ_var,100,common_cells,pearson,46,-0.8378261389128988
batch1,deltaQ_var,100,common_cells,spearman,46,-0.8711607269559923
batch1,deltaQ_var,100,all_valid,pearson,46,-0.8378261389128988
batch1,deltaQ_var,100,all_valid,spearman,46,-0.8711607269559923
batch1,deltaQ_var,100,curve_review_excluded,pearson,46,-0.8378261389128988
batch1,deltaQ_var,100,curve_review_excluded,spearman,46,-0.8711607269559923
batch1,deltaQ_min,50,common_cells,pearson,46,0.7827153254069635
batch1,deltaQ_min,50,common_cells,spearman,46,0.7851856435310965
batch1,deltaQ_min,50,all_valid,pearson,46,0.7827153254069635
batch1,deltaQ_min,50,all_valid,spearman,46,0.7851856435310965
batch1,deltaQ_min,50,curve_review_excluded,pearson,46,0.7827153254069635
batch1,deltaQ_min,50,curve_review_excluded,spearman,46,0.7851856435310965
batch1,deltaQ_min,75,common_cells,pearson,46,0.8783462569207905
batch1,deltaQ_min,75,common_cells,spearman,46,0.8466140388619404
batch1,deltaQ_min,75,all_valid,pearson,46,0.8783462569207905
batch1,deltaQ_min,75,all_valid,spearman,46,0.8466140388619404
batch1,deltaQ_min,75,curve_review_excluded,pearson,46,0.8783462569207905
batch1,deltaQ_min,75,curve_review_excluded,spearman,46,0.8466140388619404
batch1,deltaQ_min,100,common_cells,pearson,46,0.8816450170696558
batch1,deltaQ_min,100,common_cells,spearman,46,0.8500061691261938
batch1,deltaQ_min,100,all_valid,pearson,46,0.8816450170696558
batch1,deltaQ_min,100,all_valid,spearman,46,0.8500061691261938
batch1,deltaQ_min,100,curve_review_excluded,pearson,46,0.8816450170696558
batch1,deltaQ_min,100,curve_review_excluded,spearman,46,0.8500061691261938
batch1,QD_slope_retained,50,common_cells,pearson,46,-0.20472932196514332
batch1,QD_slope_retained,50,common_cells,spearman,46,0.3255211551769011
batch1,QD_slope_retained,50,all_valid,pearson,46,-0.20472932196514332
batch1,QD_slope_retained,50,all_valid,spearman,46,0.3255211551769011
batch1,QD_slope_retained,50,curve_review_excluded,pearson,46,-0.20472932196514332
batch1,QD_slope_retained,50,curve_review_excluded,spearman,46,0.3255211551769011
batch1,QD_slope_retained,75,common_cells,pearson,46,-0.06983315593331821
batch1,QD_slope_retained,75,common_cells,spearman,46,0.435611201025853
batch1,QD_slope_retained,75,all_valid,pearson,46,-0.06983315593331821
batch1,QD_slope_retained,75,all_valid,spearman,46,0.435611201025853
batch1,QD_slope_retained,75,curve_review_excluded,pearson,46,-0.06983315593331821
batch1,QD_slope_retained,75,curve_review_excluded,spearman,46,0.435611201025853
batch1,QD_slope_retained,100,common_cells,pearson,46,0.10869012087969955
batch1,QD_slope_retained,100,common_cells,spearman,46,0.47841371745115985
batch1,QD_slope_retained,100,all_valid,pearson,46,0.10869012087969955
batch1,QD_slope_retained,100,all_valid,spearman,46,0.47841371745115985
batch1,QD_slope_retained,100,curve_review_excluded,pearson,46,0.10869012087969955
batch1,QD_slope_retained,100,curve_review_excluded,spearman,46,0.47841371745115985
batch1,QD_slope_masked,50,common_cells,pearson,46,0.4787216986285883
batch1,QD_slope_masked,50,common_cells,spearman,46,0.5020969542052202
batch1,QD_slope_masked,50,all_valid,pearson,46,0.4787216986285883
batch1,QD_slope_masked,50,all_valid,spearman,46,0.5020969542052202
batch1,QD_slope_masked,50,curve_review_excluded,pearson,46,0.4787216986285883
batch1,QD_slope_masked,50,curve_review_excluded,spearman,46,0.5020969542052202
batch1,QD_slope_masked,75,common_cells,pearson,46,0.5198188131792306
batch1,QD_slope_masked,75,common_cells,spearman,46,0.5390403365377255
batch1,QD_slope_masked,75,all_valid,pearson,46,0.5198188131792306
batch1,QD_slope_masked,75,all_valid,spearman,46,0.5390403365377255
batch1,QD_slope_masked,75,curve_review_excluded,pearson,46,0.5198188131792306
batch1,QD_slope_masked,75,curve_review_excluded,spearman,46,0.5390403365377255
batch1,QD_slope_masked,100,common_cells,pearson,46,0.5240855976164362
batch1,QD_slope_masked,100,common_cells,spearman,46,0.5780189970287831
batch1,QD_slope_masked,100,all_valid,pearson,46,0.5240855976164362
batch1,QD_slope_masked,100,all_valid,spearman,46,0.5780189970287831
batch1,QD_slope_masked,100,curve_review_excluded,pearson,46,0.5240855976164362
batch1,QD_slope_masked,100,curve_review_excluded,spearman,46,0.5780189970287831
batch2,deltaQ_var,50,common_cells,pearson,39,-0.5040002824574289
batch2,deltaQ_var,50,common_cells,spearman,39,-0.43729122604842224
batch2,deltaQ_var,50,all_valid,pearson,39,-0.5040002824574289
batch2,deltaQ_var,50,all_valid,spearman,39,-0.43729122604842224
batch2,deltaQ_var,50,curve_review_excluded,pearson,39,-0.5040002824574289
batch2,deltaQ_var,50,curve_review_excluded,spearman,39,-0.43729122604842224
batch2,deltaQ_var,75,common_cells,pearson,39,0.4247244810910446
batch2,deltaQ_var,75,common_cells,spearman,39,-0.4493369797289227
batch2,deltaQ_var,75,all_valid,pearson,39,0.4247244810910446
batch2,deltaQ_var,75,all_valid,spearman,39,-0.4493369797289227
batch2,deltaQ_var,75,curve_review_excluded,pearson,38,-0.6117928034636773
batch2,deltaQ_var,75,curve_review_excluded,spearman,38,-0.5594221963897639
batch2,deltaQ_var,100,common_cells,pearson,39,-0.7327873034697584
batch2,deltaQ_var,100,common_cells,spearman,39,-0.7089786451951733
batch2,deltaQ_var,100,all_valid,pearson,39,-0.7327873034697584
batch2,deltaQ_var,100,all_valid,spearman,39,-0.7089786451951733
batch2,deltaQ_var,100,curve_review_excluded,pearson,39,-0.7327873034697584
batch2,deltaQ_var,100,curve_review_excluded,spearman,39,-0.7089786451951733
batch2,deltaQ_min,50,common_cells,pearson,39,0.5873832060664451
batch2,deltaQ_min,50,common_cells,spearman,39,0.4111752222705303
batch2,deltaQ_min,50,all_valid,pearson,39,0.5873832060664451
batch2,deltaQ_min,50,all_valid,spearman,39,0.4111752222705303
batch2,deltaQ_min,50,curve_review_excluded,pearson,39,0.5873832060664451
batch2,deltaQ_min,50,curve_review_excluded,spearman,39,0.4111752222705303
batch2,deltaQ_min,75,common_cells,pearson,39,-0.42412067738492587
batch2,deltaQ_min,75,common_cells,spearman,39,0.4196781072214718
batch2,deltaQ_min,75,all_valid,pearson,39,-0.42412067738492587
batch2,deltaQ_min,75,all_valid,spearman,39,0.4196781072214718
batch2,deltaQ_min,75,curve_review_excluded,pearson,38,0.6873210135928388
batch2,deltaQ_min,75,curve_review_excluded,spearman,38,0.5277960197941767
batch2,deltaQ_min,100,common_cells,pearson,39,0.8185183255033298
batch2,deltaQ_min,100,common_cells,spearman,39,0.6608968552940159
batch2,deltaQ_min,100,all_valid,pearson,39,0.8185183255033298
batch2,deltaQ_min,100,all_valid,spearman,39,0.6608968552940159
batch2,deltaQ_min,100,curve_review_excluded,pearson,39,0.8185183255033298
batch2,deltaQ_min,100,curve_review_excluded,spearman,39,0.6608968552940159
batch2,QD_slope_retained,50,common_cells,pearson,39,0.1566308058671916
batch2,QD_slope_retained,50,common_cells,spearman,39,0.04504504527582127
batch2,QD_slope_retained,50,all_valid,pearson,39,0.1566308058671916
batch2,QD_slope_retained,50,all_valid,spearman,39,0.04504504527582127
batch2,QD_slope_retained,50,curve_review_excluded,pearson,39,0.1566308058671916
batch2,QD_slope_retained,50,curve_review_excluded,spearman,39,0.04504504527582127
batch2,QD_slope_retained,75,common_cells,pearson,39,-0.3438601982918894
batch2,QD_slope_retained,75,common_cells,spearman,39,-0.22937544403373258
batch2,QD_slope_retained,75,all_valid,pearson,39,-0.3438601982918894
batch2,QD_slope_retained,75,all_valid,spearman,39,-0.22937544403373258
batch2,QD_slope_retained,75,curve_review_excluded,pearson,38,-0.23208221124998346
batch2,QD_slope_retained,75,curve_review_excluded,spearman,38,-0.1784854464616011
batch2,QD_slope_retained,100,common_cells,pearson,39,-0.484421746482536
batch2,QD_slope_retained,100,common_cells,spearman,39,-0.27097884540083944
batch2,QD_slope_retained,100,all_valid,pearson,39,-0.484421746482536
batch2,QD_slope_retained,100,all_valid,spearman,39,-0.27097884540083944
batch2,QD_slope_retained,100,curve_review_excluded,pearson,39,-0.484421746482536
batch2,QD_slope_retained,100,curve_review_excluded,spearman,39,-0.27097884540083944
batch2,QD_slope_masked,50,common_cells,pearson,39,0.1566308058671916
batch2,QD_slope_masked,50,common_cells,spearman,39,0.04504504527582127
batch2,QD_slope_masked,50,all_valid,pearson,39,0.1566308058671916
batch2,QD_slope_masked,50,all_valid,spearman,39,0.04504504527582127
batch2,QD_slope_masked,50,curve_review_excluded,pearson,39,0.1566308058671916
batch2,QD_slope_masked,50,curve_review_excluded,spearman,39,0.04504504527582127
batch2,QD_slope_masked,75,common_cells,pearson,39,-0.3438601982918894
batch2,QD_slope_masked,75,common_cells,spearman,39,-0.22937544403373258
batch2,QD_slope_masked,75,all_valid,pearson,39,-0.3438601982918894
batch2,QD_slope_masked,75,all_valid,spearman,39,-0.22937544403373258
batch2,QD_slope_masked,75,curve_review_excluded,pearson,38,-0.23208221124998346
batch2,QD_slope_masked,75,curve_review_excluded,spearman,38,-0.1784854464616011
batch2,QD_slope_masked,100,common_cells,pearson,39,-0.484421746482536
batch2,QD_slope_masked,100,common_cells,spearman,39,-0.27097884540083944
batch2,QD_slope_masked,100,all_valid,pearson,39,-0.484421746482536
batch2,QD_slope_masked,100,all_valid,spearman,39,-0.27097884540083944
batch2,QD_slope_masked,100,curve_review_excluded,pearson,39,-0.484421746482536
batch2,QD_slope_masked,100,curve_review_excluded,spearman,39,-0.27097884540083944
batch3,deltaQ_var,50,common_cells,pearson,44,-0.4302115965032706
batch3,deltaQ_var,50,common_cells,spearman,44,-0.5486644597458699
batch3,deltaQ_var,50,all_valid,pearson,44,-0.4302115965032706
batch3,deltaQ_var,50,all_valid,spearman,44,-0.5486644597458699
batch3,deltaQ_var,50,curve_review_excluded,pearson,44,-0.4302115965032706
batch3,deltaQ_var,50,curve_review_excluded,spearman,44,-0.5486644597458699
batch3,deltaQ_var,75,common_cells,pearson,44,-0.5739530935674686
batch3,deltaQ_var,75,common_cells,spearman,44,-0.7283811421289101
batch3,deltaQ_var,75,all_valid,pearson,44,-0.5739530935674686
batch3,deltaQ_var,75,all_valid,spearman,44,-0.7283811421289101
batch3,deltaQ_var,75,curve_review_excluded,pearson,44,-0.5739530935674686
batch3,deltaQ_var,75,curve_review_excluded,spearman,44,-0.7283811421289101
batch3,deltaQ_var,100,common_cells,pearson,44,-0.5896539701208949
batch3,deltaQ_var,100,common_cells,spearman,44,-0.7972372984772357
batch3,deltaQ_var,100,all_valid,pearson,44,-0.5896539701208949
batch3,deltaQ_var,100,all_valid,spearman,44,-0.7972372984772357
batch3,deltaQ_var,100,curve_review_excluded,pearson,44,-0.5896539701208949
batch3,deltaQ_var,100,curve_review_excluded,spearman,44,-0.7972372984772357
batch3,deltaQ_min,50,common_cells,pearson,44,0.6425025614909468
batch3,deltaQ_min,50,common_cells,spearman,44,0.7071675258946767
batch3,deltaQ_min,50,all_valid,pearson,44,0.6425025614909468
batch3,deltaQ_min,50,all_valid,spearman,44,0.7071675258946767
batch3,deltaQ_min,50,curve_review_excluded,pearson,44,0.6425025614909468
batch3,deltaQ_min,50,curve_review_excluded,spearman,44,0.7071675258946767
batch3,deltaQ_min,75,common_cells,pearson,44,0.6523976032288883
batch3,deltaQ_min,75,common_cells,spearman,44,0.7070265716339841
batch3,deltaQ_min,75,all_valid,pearson,44,0.6523976032288883
batch3,deltaQ_min,75,all_valid,spearman,44,0.7070265716339841
batch3,deltaQ_min,75,curve_review_excluded,pearson,44,0.6523976032288883
batch3,deltaQ_min,75,curve_review_excluded,spearman,44,0.7070265716339841
batch3,deltaQ_min,100,common_cells,pearson,44,0.6921158515446068
batch3,deltaQ_min,100,common_cells,spearman,44,0.7760236822430022
batch3,deltaQ_min,100,all_valid,pearson,44,0.6921158515446068
batch3,deltaQ_min,100,all_valid,spearman,44,0.7760236822430022
batch3,deltaQ_min,100,curve_review_excluded,pearson,44,0.6921158515446068
batch3,deltaQ_min,100,curve_review_excluded,spearman,44,0.7760236822430022
batch3,QD_slope_retained,50,common_cells,pearson,44,0.3324129505421685
batch3,QD_slope_retained,50,common_cells,spearman,44,0.10754810090843898
batch3,QD_slope_retained,50,all_valid,pearson,44,0.3324129505421685
batch3,QD_slope_retained,50,all_valid,spearman,44,0.10754810090843898
batch3,QD_slope_retained,50,curve_review_excluded,pearson,44,0.3324129505421685
batch3,QD_slope_retained,50,curve_review_excluded,spearman,44,0.10754810090843898
batch3,QD_slope_retained,75,common_cells,pearson,44,0.34754398755600935
batch3,QD_slope_retained,75,common_cells,spearman,44,0.14602861407751347
batch3,QD_slope_retained,75,all_valid,pearson,44,0.34754398755600935
batch3,QD_slope_retained,75,all_valid,spearman,44,0.14602861407751347
batch3,QD_slope_retained,75,curve_review_excluded,pearson,44,0.34754398755600935
batch3,QD_slope_retained,75,curve_review_excluded,spearman,44,0.14602861407751347
batch3,QD_slope_retained,100,common_cells,pearson,44,0.3605002895048686
batch3,QD_slope_retained,100,common_cells,spearman,44,0.1841567415948565
batch3,QD_slope_retained,100,all_valid,pearson,44,0.3605002895048686
batch3,QD_slope_retained,100,all_valid,spearman,44,0.1841567415948565
batch3,QD_slope_retained,100,curve_review_excluded,pearson,44,0.3605002895048686
batch3,QD_slope_retained,100,curve_review_excluded,spearman,44,0.1841567415948565
batch3,QD_slope_masked,50,common_cells,pearson,44,0.3324129505421685
batch3,QD_slope_masked,50,common_cells,spearman,44,0.10754810090843898
batch3,QD_slope_masked,50,all_valid,pearson,44,0.3324129505421685
batch3,QD_slope_masked,50,all_valid,spearman,44,0.10754810090843898
batch3,QD_slope_masked,50,curve_review_excluded,pearson,44,0.3324129505421685
batch3,QD_slope_masked,50,curve_review_excluded,spearman,44,0.10754810090843898
batch3,QD_slope_masked,75,common_cells,pearson,44,0.34754398755600935
batch3,QD_slope_masked,75,common_cells,spearman,44,0.14602861407751347
batch3,QD_slope_masked,75,all_valid,pearson,44,0.34754398755600935
batch3,QD_slope_masked,75,all_valid,spearman,44,0.14602861407751347
batch3,QD_slope_masked,75,curve_review_excluded,pearson,44,0.34754398755600935
batch3,QD_slope_masked,75,curve_review_excluded,spearman,44,0.14602861407751347
batch3,QD_slope_masked,100,common_cells,pearson,44,0.3605002895048686
batch3,QD_slope_masked,100,common_cells,spearman,44,0.1841567415948565
batch3,QD_slope_masked,100,all_valid,pearson,44,0.3605002895048686
batch3,QD_slope_masked,100,all_valid,spearman,44,0.1841567415948565
batch3,QD_slope_masked,100,curve_review_excluded,pearson,44,0.3605002895048686
batch3,QD_slope_masked,100,curve_review_excluded,spearman,44,0.1841567415948565
