batch,cell_id,cycle,storage_index,summary_QD,detail_Qd_max,alignment_passed,grid_points,Qdlin_min,Qdlin_max,Qdlin_range_review
batch1,0,10,9,1.0745373,1.0745373,True,1000,-0.0003972576780856493,1.0587666709204262,False
batch1,0,50,49,1.0767562,1.0767562,True,1000,-0.00028749064898634074,1.0610520871461773,False
batch1,0,75,74,1.0762513,1.0762513,True,1000,-0.00022735957366067626,1.060245781837162,False
batch1,0,100,99,1.0759126,1.0759126,True,1000,-0.00034248595169493094,1.0595346015979203,False
batch1,1,10,9,1.0797766,1.0797766,True,1000,-0.0001583941351985157,1.0658720715105454,False
batch1,1,50,49,1.0817146,1.0817146,True,1000,-0.00028190608033953034,1.0672050087497575,False
batch1,1,75,74,1.0813159,1.0813159,True,1000,-0.0003035390974335688,1.066020591443285,False
batch1,1,100,99,1.0806297,1.0806297,True,1000,-0.00031567461136324546,1.0646767846144054,False
batch1,2,10,9,1.0837817,1.0837817,True,1000,-0.00019045706845824376,1.0684839748896329,False
batch1,2,50,49,1.0858485,1.0858485,True,1000,-0.0003365089891012626,1.0697366550092335,False
batch1,2,75,74,1.0856586,1.0856586,True,1000,-0.00035856372104954863,1.0689747031330203,False
batch1,2,100,99,1.0849404,1.0849404,True,1000,-0.00018167662672029597,1.0676746612198516,False
batch1,3,10,9,1.0843078,1.0843078,True,1000,-0.00036571869285549987,1.0685944105407241,False
batch1,3,50,49,1.085786,1.085786,True,1000,-0.00038474044544540014,1.069000869808862,False
batch1,3,75,74,1.0854065,1.0854065,True,1000,-0.00016258302539115343,1.0677292785054242,False
batch1,3,100,99,1.0847498,1.0847498,True,1000,-0.00018367860159966068,1.066414420267157,False
batch1,4,10,9,1.0819536,1.0819536,True,1000,-0.0004104668511019532,1.0664697949088855,False
batch1,4,50,49,1.0835332,1.0835332,True,1000,-0.00043788916961200305,1.0671223566258135,False
batch1,4,75,74,1.0832962,1.0832962,True,1000,-0.00017317216602303668,1.066508015652956,False
batch1,4,100,99,1.0826457,1.0826457,True,1000,-0.0003688335265854512,1.0655530213816637,False
batch1,5,10,9,1.080176,1.080176,True,1000,-0.0004609303439088852,1.063464585217794,False
batch1,5,50,49,1.0809518,1.0809518,True,1000,-0.0002798706268993422,1.0626706431168926,False
batch1,5,75,74,1.0805677,1.0805677,True,1000,-0.000437239034698452,1.0612031448052686,False
batch1,5,100,99,1.0797794,1.0797794,True,1000,-0.00022381907798727025,1.05958405974935,False
batch1,6,10,9,1.0811012,1.0811012,True,1000,-0.00043941619154551294,1.0656458722603943,False
batch1,6,50,49,1.0817347,1.0817347,True,1000,-0.00045035538021899154,1.065095758910805,False
batch1,6,75,74,1.0808153,1.0808153,True,1000,-0.0003478867324402846,1.063307004347942,False
batch1,6,100,99,1.0792426,1.0792426,True,1000,-0.000377381909701128,1.06085864756307,False
batch1,7,10,9,1.097587,1.097587,True,1000,-0.00016001126490713483,1.0823323419949107,False
batch1,7,50,49,1.0975028,1.0975028,True,1000,-0.00022439032445462453,1.0799041942897885,False
batch1,7,75,74,1.0967336,1.0967336,True,1000,-0.000344426664135133,1.0774885558241865,False
batch1,7,100,99,1.0957625,1.0957625,True,1000,-0.000394396383521375,1.0750125385587614,False
batch1,8,10,9,1.0941397,1.0941397,True,1000,-0.00040809280943562213,1.0789860067199573,False
batch1,8,50,49,1.0951722,1.0951722,True,1000,-0.00040776444564296363,1.0781864988830805,False
batch1,8,75,74,1.0949017,1.0949017,True,1000,-0.000347072604398071,1.0766656019616268,False
batch1,8,100,99,1.0941359,1.0941359,True,1000,-0.0004222849171568935,1.0748574853302488,False
batch1,9,10,9,1.0866315,1.0866315,True,1000,-0.00019004504784916703,1.0713654190136257,False
batch1,9,50,49,1.0880841,1.0880841,True,1000,-0.0001852353233825788,1.0712517221207964,False
batch1,9,75,74,1.0881227,1.0881227,True,1000,-0.0003649753893311423,1.069696871248415,False
batch1,9,100,99,1.0876312,1.0876312,True,1000,-0.00022766598905474609,1.0681141012118471,False
batch1,10,10,9,1.0795403,1.0795403,True,1000,-0.00035047834692797554,1.0629616928981973,False
batch1,10,50,49,1.0824872,1.0824872,True,1000,-0.00034857232961204286,1.0647777187004674,False
batch1,10,75,74,1.0822208,1.0822208,True,1000,-0.00044139583722800516,1.0636230661895891,False
batch1,10,100,99,1.0816405,1.0816405,True,1000,-0.0002291633094257553,1.0624696684614021,False
batch1,11,10,9,1.0581003,1.0581003,True,1000,-0.000148951971919329,1.0386424090811408,False
batch1,11,50,49,1.0607976,1.0607976,True,1000,-0.0001918019018329172,1.0407960674144408,False
batch1,11,75,74,1.0605042,1.0605042,True,1000,-0.00017589774968349714,1.0401131910775425,False
batch1,11,100,99,1.0599719,1.0599719,True,1000,-0.00015247964281769766,1.0392242433243122,False
batch1,12,10,9,1.081143,1.081143,True,1000,-0.00015928698846976298,1.066425561730696,False
batch1,12,50,49,1.0827541,1.0827541,True,1000,-0.0001659181153058295,1.0662907719021524,False
batch1,12,75,74,1.0823352,1.0823352,True,1000,-0.00040869866427867583,1.0642606065555393,False
batch1,12,100,99,1.0819131,1.0819131,True,1000,-0.00016739954580962014,1.0628515676410817,False
batch1,13,10,9,1.0836941,1.0836941,True,1000,-0.00022746451862876746,1.0692109337882878,False
batch1,13,50,49,1.0846964,1.0846964,True,1000,-0.0003847510201503483,1.0681226689419563,False
batch1,13,75,74,1.0842402,1.0842402,True,1000,-0.0002831101729752918,1.066421923633724,False
batch1,13,100,99,1.0836461,1.0836461,True,1000,-0.0005347214736453366,1.0642639216953071,False
batch1,14,10,9,1.0752021,1.0752021,True,1000,-0.0001953365105521599,1.058895931665969,False
batch1,14,50,49,1.0766748,1.0766748,True,1000,-0.00035146751920356865,1.0588428369237943,False
batch1,14,75,74,1.0767204,1.0767204,True,1000,-0.00035980928503070303,1.0579576333655967,False
batch1,14,100,99,1.0762016,1.0762016,True,1000,-0.00022068151237706013,1.0563580288028913,False
batch1,15,10,9,1.0666022,1.0666022,True,1000,-0.00020653342064602337,1.0497472470973719,False
batch1,15,50,49,1.0684544,1.0684544,True,1000,-0.00020759080786498347,1.0511737454951078,False
batch1,15,75,74,1.0682695,1.0682695,True,1000,-0.0003785258112897383,1.0498527488701808,False
batch1,15,100,99,1.0677497,1.0677497,True,1000,-0.0003952324962318896,1.048802413144645,False
batch1,16,10,9,1.0857847,1.0857847,True,1000,-0.0002721553909034634,1.0702738245235222,False
batch1,16,50,49,1.0870649,1.0870649,True,1000,-0.00030108269823839526,1.0692873334784034,False
batch1,16,75,74,1.087036,1.087036,True,1000,-0.000378185332731929,1.0679867365066094,False
batch1,16,100,99,1.0863206,1.0863206,True,1000,-0.00044501864221264774,1.0657983334117993,False
batch1,17,10,9,1.0757509,1.0757509,True,1000,-0.0003613167797753697,1.0600907421637649,False
batch1,17,50,49,1.0774972,1.0774972,True,1000,-0.00024053897757257833,1.0599359160761195,False
batch1,17,75,74,1.0774537,1.0774537,True,1000,-0.00048356315991114184,1.058293698568151,False
batch1,17,100,99,1.0769763,1.0769763,True,1000,-0.0004052616652907758,1.0563210551233062,False
batch1,18,10,9,1.0695512,1.0695512,True,1000,-0.00016369098620854132,1.0518739430641513,False
batch1,18,50,49,1.0689219,1.0689219,True,1000,-0.00016707556893886472,1.0499599719880528,False
batch1,18,75,74,1.0670553,1.0670553,True,1000,-0.0003804354257661781,1.0472739949673875,False
batch1,18,100,99,1.0645274,1.0645274,True,1000,-0.0002014812803325341,1.0431561012005661,False
batch1,19,10,9,1.0886388,1.0886388,True,1000,-0.00020454323084257927,1.0731375312490907,False
batch1,19,50,49,1.0887345,1.0887345,True,1000,-0.0004248387664705138,1.0706808883244463,False
batch1,19,75,74,1.088203,1.088203,True,1000,-0.00020854997204045606,1.0689295922218078,False
batch1,19,100,99,1.0870851,1.0870851,True,1000,-0.00020605359855909794,1.0660092866688604,False
batch1,20,10,9,1.0757242,1.0757242,True,1000,-0.00013454617845798516,1.0591461602507826,False
batch1,20,50,49,1.0709916,1.0709916,True,1000,-0.00019096955415916117,1.0514742745440802,False
batch1,20,75,74,1.06653,1.06653,True,1000,-0.0002666436376847392,1.0454436532262719,False
batch1,20,100,99,1.0612478,1.0612478,True,1000,-0.00013092164153226447,1.0379384820110986,False
batch1,21,10,9,1.0858023,1.0858023,True,1000,-0.0001634518180147377,1.0703492997842656,False
batch1,21,50,49,1.0834514,1.0834514,True,1000,-0.00020977560587331838,1.064637416724955,False
batch1,21,75,74,1.0802449,1.0802449,True,1000,-0.00023647671418863605,1.0596440653802672,False
batch1,21,100,99,1.0767291,1.0767291,True,1000,-0.00020327434830849335,1.053667874128686,False
batch1,22,10,9,1.0830258,1.0830258,True,1000,-0.0001849078245814943,1.067520918659839,False
batch1,22,50,49,1.0837351,1.0837351,True,1000,-0.00040881242947676344,1.066670249108706,False
batch1,22,75,74,1.0827427,1.0827427,True,1000,-0.00018353180362283672,1.0641721481558628,False
batch1,22,100,99,1.0820541,1.0820541,True,1000,-0.00037104037304290787,1.0619003784764043,False
batch1,23,10,9,1.0826545,1.0826545,True,1000,-0.00020030077924951273,1.067857123211615,False
batch1,23,50,49,1.0832305,1.0832305,True,1000,-0.00022312902123094975,1.0672819016871178,False
batch1,23,75,74,1.0821691,1.0821691,True,1000,-0.0004536699707052126,1.0644424556957446,False
batch1,23,100,99,1.0816909,1.0816909,True,1000,-0.00035169767242470185,1.0625941820534015,False
batch1,24,10,9,1.077704,1.077704,True,1000,-0.00022003873585693217,1.0621351243583546,False
batch1,24,50,49,1.0785309,1.0785309,True,1000,-0.00016550314643767202,1.0612843448766154,False
batch1,24,75,74,1.0780915,1.0780915,True,1000,-0.00033957056328289155,1.0597343905476646,False
batch1,24,100,99,1.0776314,1.0776314,True,1000,-0.0004181909191990225,1.057928234603271,False
batch1,25,10,9,1.0783457,1.0783457,True,1000,-0.00028835118703667386,1.0642048274645717,False
batch1,25,50,49,1.0793265,1.0793265,True,1000,-0.00038123295871808876,1.0640874703617174,False
batch1,25,75,74,1.078759,1.078759,True,1000,-0.00042161854620616614,1.0624145019603475,False
batch1,25,100,99,1.0780438,1.0780438,True,1000,-0.0004352383000265318,1.0605539546936913,False
batch1,26,10,9,1.0910354,1.0910354,True,1000,-0.00015876440782846676,1.0761752707896153,False
batch1,26,50,49,1.0910344,1.0910344,True,1000,-0.0002033329486850839,1.073746998704201,False
batch1,26,75,74,1.0902444,1.0902444,True,1000,-0.0003334170805840533,1.0713682183298907,False
batch1,26,100,99,1.0893713,1.0893713,True,1000,-0.00037324644669216176,1.0690232834774562,False
batch1,27,10,9,1.0822893,1.0822893,True,1000,-0.000333391761727384,1.0666455445041074,False
batch1,27,50,49,1.0824821,1.0824821,True,1000,-0.0003414927656782789,1.0646823919497417,False
batch1,27,75,74,1.0816995,1.0816995,True,1000,-0.00033735536420491916,1.0629637074136478,False
batch1,27,100,99,1.0810226,1.0810226,True,1000,-0.00014979520806149822,1.061205026629644,False
batch1,28,10,9,1.0809715,1.0809715,True,1000,-0.00017594714119085133,1.0663454370551038,False
batch1,28,50,49,1.0809796,1.0809796,True,1000,-0.0004433868274084136,1.0637397498504806,False
batch1,28,75,74,1.0804965,1.0804965,True,1000,-0.00037976878354987554,1.0617600969862844,False
batch1,28,100,99,1.0796947,1.0796947,True,1000,-0.0001843275257049323,1.0593879503408896,False
batch1,29,10,9,1.0827931,1.0827931,True,1000,-0.0003150562782484145,1.067959198941026,False
batch1,29,50,49,1.0831246,1.0831246,True,1000,-0.00037482381314381827,1.065807612051177,False
batch1,29,75,74,1.0826143,1.0826143,True,1000,-0.00018862930017737628,1.0641330074564315,False
batch1,29,100,99,1.0818107,1.0818107,True,1000,-0.00016882985626248456,1.061432599163462,False
batch1,30,10,9,1.0833608,1.0833608,True,1000,-0.00013486171063449936,1.0676895558257118,False
batch1,30,50,49,1.0832798,1.0832798,True,1000,-0.00018010799966112175,1.0657736045762614,False
batch1,30,75,74,1.0823795,1.0823795,True,1000,-0.00015334107559509443,1.0636476809245308,False
batch1,30,100,99,1.0814074,1.0814074,True,1000,-0.00020019336430592,1.0615518943001425,False
batch1,31,10,9,1.0981392,1.0981392,True,1000,-0.0004715202664377756,1.0845232004576257,False
batch1,31,50,49,1.0973709,1.0973709,True,1000,-0.00022006485897470092,1.082030400026154,False
batch1,31,75,74,1.0964137,1.0964137,True,1000,-0.00032678950717503224,1.079307465418079,False
batch1,31,100,99,1.0953494,1.0953494,True,1000,-0.00022526876220820707,1.07665064015281,False
batch1,32,10,9,1.0810486,1.0810486,True,1000,-0.00033207234488404666,1.0652749827192518,False
batch1,32,50,49,1.080977,1.080977,True,1000,-0.00017992415175480572,1.0625463156779626,False
batch1,32,75,74,1.0803205,1.0803205,True,1000,-0.0002493418377357186,1.0602943329252015,False
batch1,32,100,99,1.0793804,1.0793804,True,1000,-0.00042435257167422593,1.0570364680966595,False
batch1,33,10,9,1.0961914,1.0961914,True,1000,-0.0003226304033767504,1.081741632260417,False
batch1,33,50,49,1.0958972,1.0958972,True,1000,-0.000244648092662182,1.0779924244498789,False
batch1,33,75,74,1.0948541,1.0948541,True,1000,-0.00023274297157051014,1.075094062602526,False
batch1,33,100,99,1.0937657,1.0937657,True,1000,-0.00037989544749580115,1.0712260903927446,False
batch1,34,10,9,1.0798281,1.0798281,True,1000,-0.00047281888436278966,1.062279652645275,False
batch1,34,50,49,1.0806258,1.0806258,True,1000,-0.0003901217485723072,1.0615271031611384,False
batch1,34,75,74,1.079996,1.079996,True,1000,-0.0005094181477524926,1.0592581773833647,False
batch1,34,100,99,1.0794187,1.0794187,True,1000,-0.0003344761409216685,1.0567643868329522,False
batch1,35,10,9,1.0741303,1.0741303,True,1000,-0.00021251729400868557,1.0601234465698128,False
batch1,35,50,49,1.0750592,1.0750592,True,1000,-0.000430555243649795,1.0584579013385123,False
batch1,35,75,74,1.0745817,1.0745817,True,1000,-0.0004884253246806457,1.0555430540409707,False
batch1,35,100,99,1.0739936,1.0739936,True,1000,-0.0002561103542835614,1.0529354948587457,False
batch1,36,10,9,1.081539,1.081539,True,1000,-0.00017532050616957622,1.0670942109819685,False
batch1,36,50,49,1.081803,1.081803,True,1000,-0.0003905409294405627,1.06460641967198,False
batch1,36,75,74,1.0810908,1.0810908,True,1000,-0.00038324081484197506,1.0615858069421404,False
batch1,36,100,99,1.0802411,1.0802411,True,1000,-0.00018884435995607937,1.0578473443477103,False
batch1,37,10,9,1.0783199,1.0783199,True,1000,-0.00018382275834486755,1.0622475268484064,False
batch1,37,50,49,1.0787735,1.0787735,True,1000,-0.00015500637359759683,1.0611036364958837,False
batch1,37,75,74,1.0777999,1.0777999,True,1000,-0.0004495863950759253,1.0582704025234901,False
batch1,37,100,99,1.0768065,1.0768065,True,1000,-0.00045542998294741403,1.0554907495686061,False
batch1,38,10,9,1.0760679,1.0760679,True,1000,-0.00030346555711191806,1.0602553866439595,False
batch1,38,50,49,1.0760677,1.0760677,True,1000,-0.00017908873566987099,1.0572563276098077,False
batch1,38,75,74,1.0754057,1.0754057,True,1000,-0.00019861654692979153,1.0534079234154385,False
batch1,38,100,99,1.0749754,1.0749754,True,1000,-0.00021504875045883344,1.0481413262290291,False
batch1,39,10,9,1.0856049,1.0856049,True,1000,-0.0003003861565146035,1.070218243827936,False
batch1,39,50,49,1.0860772,1.0860772,True,1000,-0.00020872981107654084,1.0672279363134143,False
batch1,39,75,74,1.0854642,1.0854642,True,1000,-0.00019675235312246827,1.064258700662553,False
batch1,39,100,99,1.0847629,1.0847629,True,1000,-0.0003799639542604588,1.0602599573075326,False
batch1,40,10,9,1.0871686,1.0871686,True,1000,-0.00043462008117268493,1.071297891876063,False
batch1,40,50,49,1.0874337,1.0874337,True,1000,-0.0003784885708212431,1.0703058209008198,False
batch1,40,75,74,1.086706,1.086706,True,1000,-0.0003190991802856331,1.0682002295413309,False
batch1,40,100,99,1.0857353,1.0857353,True,1000,-0.0004576851333850659,1.0661803184006997,False
batch1,41,10,9,1.0827476,1.0827476,True,1000,-0.0002299151513063768,1.0677076656054196,False
batch1,41,50,49,1.0834147,1.0834147,True,1000,-0.0003868975169162225,1.0667225923307309,False
batch1,41,75,74,1.0828315,1.0828315,True,1000,-0.00038036116831171793,1.0648716687973672,False
batch1,41,100,99,1.0821686,1.0821686,True,1000,-0.00020812021806703172,1.0631743238132851,False
batch1,42,10,9,1.0837516,1.0837516,True,1000,-0.0001632945696859247,1.0687915847611147,False
batch1,42,50,49,1.0841715,1.0841715,True,1000,-0.0003440647794542749,1.0657815683828087,False
batch1,42,75,74,1.083977,1.083977,True,1000,-0.0003478644210142841,1.063716823799609,False
batch1,42,100,99,1.0832821,1.0832821,True,1000,-0.000561775974572597,1.0605837522632011,False
batch1,43,10,9,1.0714344,1.0714344,True,1000,-0.00016575414914142488,1.0534911051344884,False
batch1,43,50,49,1.0708283,1.0708283,True,1000,-0.00022480260644065731,1.051606104634871,False
batch1,43,75,74,1.0699087,1.0699087,True,1000,-0.0004292003171394366,1.0496662355007034,False
batch1,43,100,99,1.0688359,1.0688359,True,1000,-0.00021246185793992757,1.0471110062721685,False
batch1,44,10,9,1.0882163,1.0882163,True,1000,-0.0003013478771927941,1.0736373328678268,False
batch1,44,50,49,1.0871128,1.0871128,True,1000,-0.00036882101960932976,1.069158702321349,False
batch1,44,75,74,1.0858845,1.0858845,True,1000,-0.0003725250755618365,1.064819752744931,False
batch1,44,100,99,1.0847102,1.0847102,True,1000,-0.0005959551974710003,1.0576774519934493,False
batch1,45,10,9,1.0875177,1.0875177,True,1000,-0.0004169446010503803,1.0721520767656878,False
batch1,45,50,49,1.0875126,1.0875126,True,1000,-0.0002771439621834268,1.0678518920750277,False
batch1,45,75,74,1.0866879,1.0866879,True,1000,-0.0005011429889782275,1.06301521723494,False
batch1,45,100,99,1.0858277,1.0858277,True,1000,-0.00031122738034092024,1.0562031703398045,False
batch2,0,10,9,1.1037184,1.1037184,True,1000,-0.00016851736067970623,1.0677159340661102,False
batch2,0,50,49,1.0983797,1.0983797,True,1000,-0.00015757523739340059,1.0578199125982477,False
batch2,0,75,74,1.1067384,1.1067384,True,1000,-0.00021634921885363819,1.059983487102312,False
batch2,0,100,99,1.1052729,1.1052729,True,1000,-0.0002637309047526514,1.0553802851602005,False
batch2,1,10,9,1.1083114,1.1083114,True,1000,-0.0003245143516463718,1.0702799595273753,False
batch2,1,50,49,1.1082335,1.1082335,True,1000,-0.0002515884970825673,1.062129567126302,False
batch2,1,75,74,1.10647,1.10647,True,1000,-0.00014509252808642898,1.055319211839808,False
batch2,1,100,99,1.1015422,1.1015422,True,1000,-0.0002534287955300142,1.0466672744494565,False
batch2,2,10,9,1.078596,1.078596,True,1000,-9.895096536500069e-05,1.0348766018888251,False
batch2,2,50,49,1.0696497,1.0696497,True,1000,-0.00013552429603659792,1.0270493181771339,False
batch2,2,75,74,1.0789243,1.0789243,True,1000,-0.00013943824085331394,1.030149855092867,False
batch2,2,100,99,1.0728362,1.0728362,True,1000,-0.00019243799682468126,1.0256178612718139,False
batch2,3,10,9,1.0984287,1.0984287,True,1000,-0.000113941853443256,1.0621455686440862,False
batch2,3,50,49,1.1009089,1.1009089,True,1000,-0.00013140287224949323,1.066047979356013,False
batch2,3,75,74,1.1058499,1.1058499,True,1000,-8.701515112071912e-05,1.063859120578832,False
batch2,3,100,99,1.1003293,1.1003293,True,1000,-0.0001499815947610057,1.0581617346356864,False
batch2,4,10,9,1.0907151,1.0907151,True,1000,-0.00020916103413485033,1.0501451416208665,False
batch2,4,50,49,1.078439,1.078439,True,1000,-0.00011698197371431691,1.0386466446628015,False
batch2,4,75,74,1.0847456,1.0847456,True,1000,-0.0001885845400168271,1.0386966408262885,False
batch2,4,100,99,1.0813601,1.0813601,True,1000,-0.00014120922662796924,1.0311641440100237,False
batch2,5,10,9,1.0987128,1.0987128,True,1000,-0.00018838116859388795,1.0603895441887987,False
batch2,5,50,49,1.0819619,1.0819619,True,1000,-0.0002430955079192759,1.0397995318533957,False
batch2,5,75,74,1.0869681,1.0869681,True,1000,-0.00013067593553623324,1.0376934230335662,False
batch2,5,100,99,1.0760076,1.0760076,True,1000,-0.00015917474569236223,1.025657568917154,False
batch2,6,10,9,1.0903428,1.0903428,True,1000,-0.0001518791575543106,1.0507152449410635,False
batch2,6,50,49,1.0937752,1.0937752,True,1000,-0.0001896585941743667,1.0542382134121395,False
batch2,6,75,74,1.0981234,1.0981234,True,1000,-0.00011251629476523531,1.0512428154521063,False
batch2,6,100,99,1.090597,1.090597,True,1000,-0.00011657592477069804,1.0455690767964207,False
batch2,7,10,9,1.0903423,1.0903423,True,1000,-0.00025969900095079083,1.0528743672301404,False
batch2,7,50,49,1.0918427,1.0918427,True,1000,-0.0002981757635112771,1.0503273455060822,False
batch2,7,75,74,1.0949433,1.0949433,True,1000,-8.310898714218408e-05,1.0549890355734846,False
batch2,7,100,99,1.09727,1.09727,True,1000,-0.00010579633313370477,1.0522368127260608,False
batch2,8,10,9,1.0917038,1.0917038,True,1000,-0.00018758670823989206,1.0521715662217996,False
batch2,8,50,49,1.0917727,1.0917727,True,1000,-0.0002989471474634804,1.051364086411406,False
batch2,8,75,74,1.088195,1.088195,True,1000,-0.00018711431211713837,1.048389360216548,False
batch2,8,100,99,1.0909338,1.0909338,True,1000,-0.00019884042984265186,1.0477501439399566,False
batch2,9,10,9,1.0985823,1.0985823,True,1000,-0.00016614133038400257,1.0592774090954404,False
batch2,9,50,49,1.098278,1.098278,True,1000,-0.0002821816448689517,1.0585625006700685,False
batch2,9,75,74,1.094679,1.094679,True,1000,-0.00025261735805820446,1.053004393137695,False
batch2,9,100,99,1.0975486,1.0975486,True,1000,-0.0001088354881980762,1.0547193696929622,False
batch2,10,10,9,1.1099281,1.1099281,True,1000,-0.00014159337421226282,1.067771178712733,False
batch2,10,50,49,1.1069406,1.1069406,True,1000,-0.000200193046608371,1.0581055598605995,False
batch2,10,75,74,1.1130853,1.1130853,True,1000,-0.0002744921224856448,1.0565019335311123,False
batch2,10,100,99,1.1162933,1.1162933,True,1000,-0.00017904826782711304,1.0506868795359952,False
batch2,11,10,9,1.0982223,1.0982223,True,1000,-0.00012925349680664545,1.0544207099791663,False
batch2,11,50,49,1.1006769,1.1006769,True,1000,-0.0001516642529943973,1.0531459052424188,False
batch2,11,75,74,1.1047931,1.1047931,True,1000,-0.00024892723309013923,1.051242880244907,False
batch2,11,100,99,1.1086942,1.1086942,True,1000,-0.00020007272230501206,1.045608831234379,False
batch2,12,10,9,1.1027151,1.1027151,True,1000,-0.00027032048037656855,1.0623776713356718,False
batch2,12,50,49,1.0978094,1.0978094,True,1000,-0.00014817333636707024,1.0465441741423964,False
batch2,12,75,74,1.104005,1.104005,True,1000,-0.00017654413806721814,1.0484703512338007,False
batch2,12,100,99,1.1065857,1.1065857,True,1000,-0.00024472082650108147,1.0388004916189753,False
batch2,13,10,9,1.0968143,1.0968143,True,1000,-0.00010721984436890946,1.0532617533493491,False
batch2,13,50,49,1.0900871,1.0900871,True,1000,-0.00016254914268395184,1.0398193279014207,False
batch2,13,75,74,1.0961686,1.0961686,True,1000,-0.00023136626869689462,1.0385497498495526,False
batch2,13,100,99,1.0951428,1.0951428,True,1000,-0.0001050229392957934,1.0302612212974258,False
batch2,14,10,9,1.0849262,1.0849262,True,1000,-8.945441267420738e-05,1.0411804020862905,False
batch2,14,50,49,1.0714527,1.0714527,True,1000,-0.00011010007179918551,1.021314073746777,False
batch2,14,75,74,1.0774031,1.0774031,True,1000,-0.00010131076674842876,1.0219675440502591,False
batch2,14,100,99,1.0776343,1.0776343,True,1000,-0.0002850574162187147,1.0100179155296345,False
batch2,15,10,9,1.0711806,1.0711806,True,1000,-0.00012455200772919364,1.0242088738266548,False
batch2,15,50,49,1.0765369,1.0765369,True,1000,-0.00022887047954871483,1.0263832040231233,False
batch2,15,75,74,1.0777273,1.0777273,True,1000,-0.0002638021348004151,1.0224217979798536,False
batch2,15,100,99,1.0770745,1.0770745,True,1000,-0.00023241054987332372,1.014127006913882,False
batch2,16,10,9,1.0965556,1.0965556,True,1000,-0.00020271857697822657,1.0664126558165605,False
batch2,16,50,49,1.0947618,1.0947618,True,1000,-0.00022437674809474276,1.0583949200476708,False
batch2,16,75,74,1.0971563,1.0971563,True,1000,-0.00037422450513134126,1.0583475187702114,False
batch2,16,100,99,1.0940695,1.0940695,True,1000,-0.00041213444294332805,1.052953664853358,False
batch2,17,10,9,1.09258,1.09258,True,1000,-0.00011620851130062106,1.065064177509011,False
batch2,17,50,49,1.0938005,1.0938005,True,1000,-0.0001843809791877249,1.059743163694043,False
batch2,17,75,74,1.0961598,1.0961598,True,1000,-0.000139409681629696,1.061841355792905,False
batch2,17,100,99,1.0944375,1.0944375,True,1000,-0.0002021657268278567,1.0553896292831502,False
batch2,18,10,9,1.0786648,1.0786648,True,1000,-0.0003901713054829053,1.0479374931865477,False
batch2,18,50,49,1.0824913,1.0824913,True,1000,-0.0001986378223269554,1.0473314145005141,False
batch2,18,75,74,1.0867015,1.0867015,True,1000,-0.00034143038578631646,1.0515331276276105,False
batch2,18,100,99,1.0858426,1.0858426,True,1000,-0.0002741084199833042,1.0457300471277011,False
batch2,19,10,9,1.0924506,1.0924506,True,1000,-0.00016121565541422016,1.0625085236409026,False
batch2,19,50,49,1.0863184,1.0863184,True,1000,-0.00031105528038543137,1.047878222543321,False
batch2,19,75,74,1.0963942,1.0963942,True,1000,-0.00015235288054657724,1.051847338859082,False
batch2,19,100,99,1.0930592,1.0930592,True,1000,-0.0001713606647362284,1.0426831736701627,False
batch2,20,10,9,1.1000065,1.1000065,True,1000,-9.650192638380563e-05,1.060293651111129,False
batch2,20,50,49,1.0933541,1.0933541,True,1000,-0.0002411502409688367,1.0495368616758753,False
batch2,20,75,74,1.1011131,1.1011131,True,1000,-7.443508370922849e-05,1.0553019491473328,False
batch2,20,100,99,1.1038647,1.1038647,True,1000,-0.00029895847246118063,1.051329483387218,False
batch2,21,10,9,1.102361,1.102361,True,1000,-0.0002042541365979764,1.069410368754598,False
batch2,21,50,49,1.098886,1.098886,True,1000,-0.00017891421917978154,1.0628431544675974,False
batch2,21,75,74,1.1038818,1.1038818,True,1000,-0.00019018190748967064,1.0597399064931161,False
batch2,21,100,99,1.1000447,1.1000447,True,1000,-0.00038629456714009457,1.048968174713726,False
batch2,22,10,9,1.0933094,1.0933094,True,1000,-0.000591787992181157,1.0643827632726879,False
batch2,22,50,49,1.0893457,1.0893457,True,1000,-0.0005850533521658812,1.0634491095539047,False
batch2,22,75,74,1.0927532,1.0927532,True,1000,-0.0003826277835773346,1.0649021822302085,False
batch2,22,100,99,1.0839342,1.0839342,True,1000,-0.00039100028832477797,1.0578406859284857,False
batch2,23,10,9,1.0919091,1.0919091,True,1000,-0.00043572158548888906,1.0710092646110545,False
batch2,23,50,49,1.0918957,1.0918957,True,1000,-0.00029199616304067047,1.06691750954303,False
batch2,23,75,74,1.0811273,1.0811273,True,1000,-0.00025920239277227476,1.0611648450984277,False
batch2,23,100,99,1.0753278,1.0753278,True,1000,-0.0002322733123992161,1.061566371228531,False
batch2,24,10,9,1.0956398,1.0956398,True,1000,-0.000212182022995742,1.0560329930084404,False
batch2,24,50,49,1.0892041,1.0892041,True,1000,-0.00011442891108064755,1.0433667025393623,False
batch2,24,75,74,1.0964791,1.0964791,True,1000,-0.0001274419887040841,1.0481445956180873,False
batch2,24,100,99,1.1019264,1.1019264,True,1000,-0.00014795862333160628,1.0445122157029008,False
batch2,25,10,9,1.1010141,1.1010141,True,1000,-0.00010965301828467152,1.063100178043214,False
batch2,25,50,49,1.0936671,1.0936671,True,1000,-0.00018763121560623133,1.042910923721675,False
batch2,25,75,74,1.1022429,1.1022429,True,1000,-0.00024399776236712847,1.0563306018758365,False
batch2,25,100,99,1.1063702,1.1063702,True,1000,-0.0001549936373888731,1.053245037948941,False
batch2,26,10,9,1.1064944,1.1064944,True,1000,-0.0001586948125747706,1.0638635501795557,False
batch2,26,50,49,1.1052415,1.1052415,True,1000,-0.00016194653887060376,1.0547648532093574,False
batch2,26,75,74,1.104455,1.104455,True,1000,-0.0001855774192876448,1.0486832946205586,False
batch2,26,100,99,1.1065354,1.1065354,True,1000,-0.00017666577315818808,1.0390414416163662,False
batch2,27,10,9,1.0961983,1.0961983,True,1000,-0.0003006086918740826,1.0548794381833366,False
batch2,27,50,49,1.0947737,1.0947737,True,1000,-0.00039284999457911375,1.045111668468932,False
batch2,27,75,74,1.1016716,1.1016716,True,1000,-0.0002695648590196777,1.0498379945641498,False
batch2,27,100,99,1.1031471,1.1031471,True,1000,-0.00034843733266872574,1.0454965942327963,False
batch2,28,10,9,1.0936617,1.0936617,True,1000,-0.00012329513716932293,1.0497443497208232,False
batch2,28,50,49,1.0888414,1.0888414,True,1000,-0.0001245604634133379,1.0412901903588698,False
batch2,28,75,74,1.0959996,1.0959996,True,1000,-0.00010070700224906967,1.0432269696671603,False
batch2,28,100,99,1.0995919,1.0995919,True,1000,-0.000140020283362489,1.036127428795244,False
batch2,29,10,9,1.1057531,1.1057531,True,1000,-0.00012940769436252882,1.0631463628789768,False
batch2,29,50,49,1.1075794,1.1075794,True,1000,-0.00030310313966758564,1.0556581523014954,False
batch2,29,75,74,1.1127784,1.1127784,True,1000,-0.0002895729149102162,1.0570969446519172,False
batch2,29,100,99,1.1159806,1.1159806,True,1000,-0.00020497344901511586,1.0513219550607884,False
batch2,30,10,9,1.0984639,1.0984639,True,1000,-0.00010199061726897128,1.0521445871770696,False
batch2,30,50,49,1.0930492,1.0930492,True,1000,-0.0001761995542880835,1.042580019521529,False
batch2,30,75,74,1.0898851,1.0898851,True,1000,-0.00010768864558769343,1.0358796868001543,False
batch2,30,100,99,1.092545,1.092545,True,1000,-8.905071316926756e-05,1.025615811045523,False
batch2,31,10,9,1.09855,1.09855,True,1000,-0.00021580699359064298,1.0558046213837273,False
batch2,31,50,49,1.0986207,1.0986207,True,1000,-4.651042628895643e-05,1.0477454753940483,False
batch2,31,75,74,1.1012235,1.1012235,True,1000,7.791944815414592e-06,1.04821420480478,False
batch2,31,100,99,1.1006228,1.1006228,True,1000,2.337578176306524e-05,1.0378682551210816,False
batch2,32,10,9,1.09124,1.09124,True,1000,-7.970688831246788e-05,1.0526238068266152,False
batch2,32,50,49,1.0924355,1.0924355,True,1000,-0.0001825102871240813,1.0510040078015173,False
batch2,32,75,74,1.0817013,1.0817013,True,1000,-9.71230871078092e-05,1.03935207372821,False
batch2,32,100,99,1.0874337,1.0874337,True,1000,-0.0001814730562391808,1.043878564721805,False
batch2,33,10,9,1.0744437,1.0744437,True,1000,-6.865682707648196e-05,1.0572463363295186,False
batch2,33,50,49,1.0735507,1.0735507,True,1000,-0.00019151332781144366,1.054511955675068,False
batch2,33,75,74,0.9257527,0.9257527,True,1000,-84.26522807836716,306.73596251629715,True
batch2,33,100,99,1.0686773,1.0686773,True,1000,-0.00024859998605066653,1.0477309755541941,False
batch2,34,10,9,1.0688004,1.0688004,True,1000,-7.032843859468057e-05,1.052394798933758,False
batch2,34,50,49,1.0682341,1.0682341,True,1000,-6.512658904199849e-05,1.0513836065671687,False
batch2,34,75,74,1.0674188,1.0674188,True,1000,-0.00018230492748613097,1.0497032861057192,False
batch2,34,100,99,1.0644548,1.0644548,True,1000,-4.968859932841344e-05,1.046965699616229,False
batch2,35,10,9,1.0655857,1.0655857,True,1000,-0.00043662380530697776,1.049286803172205,False
batch2,35,50,49,1.0471689,1.0471689,True,1000,-0.00027427272383104967,1.0285336437775032,False
batch2,35,75,74,1.0366055,1.0366055,True,1000,-0.00028017645560862064,1.0172025042887207,False
batch2,35,100,99,1.0296415,1.0296415,True,1000,-0.00022410040145566136,1.009215900517663,False
batch2,36,10,9,1.0663357,1.0663357,True,1000,-0.0003317354178595637,1.0485110419632182,False
batch2,36,50,49,1.032944,1.032944,True,1000,-0.00019106896080088552,1.0055634145126522,False
batch2,36,75,74,1.0134417,1.0134417,True,1000,-0.00033094015126135517,0.9840176289919034,False
batch2,36,100,99,1.0034419,1.0034419,True,1000,-0.00032664917991469136,0.9672837175946586,False
batch2,37,10,9,1.0849046,1.0849046,True,1000,-0.00016476386502311285,1.0636367522984658,False
batch2,37,50,49,1.0839109,1.0839109,True,1000,-0.00024394100647123833,1.0620041804197333,False
batch2,37,75,74,1.0852995,1.0852995,True,1000,-0.0001333660074591749,1.0624360964273227,False
batch2,37,100,99,2.1673884,2.1673884,True,1000,-0.00021237219937201445,1.062899582473267,False
batch2,38,10,9,1.0860128,1.0860128,True,1000,-0.00013577465401333287,1.063169860500393,False
batch2,38,50,49,1.0782462,1.0782462,True,1000,-0.00015955135379950612,1.0482666903945523,False
batch2,38,75,74,1.0829407,1.0829407,True,1000,-0.00017916117161783645,1.0527138512174676,False
batch2,38,100,99,2.1622672,2.1622672,True,1000,-0.00032144184401439657,1.0551539291395997,False
batch2,39,10,9,1.0737677,1.0737677,True,1000,-0.00016275173159782154,1.0519704005939245,False
batch2,39,50,49,1.0731009,1.0731009,True,1000,-0.0002324198448272366,1.0457232500972675,False
batch2,39,75,74,1.0696138,1.0696138,True,1000,-0.00022418374829343986,1.0387954729430042,False
batch2,39,100,99,2.1270139,2.1270139,True,1000,-0.0003626099710879929,1.0273391110853465,False
batch2,40,10,9,1.0857954,1.0857954,True,1000,-0.00019297346665540476,1.063640075812003,False
batch2,40,50,49,1.0812755,1.0812755,True,1000,-0.00016624426548810897,1.0544771730664761,False
batch2,40,75,74,1.085107,1.085107,True,1000,-0.00023110456957195242,1.0558069399465586,False
batch2,40,100,99,2.1616216,2.1616216,True,1000,-0.00024028746672934202,1.0477307078119718,False
batch2,41,10,9,1.1056466,1.1056466,True,1000,-0.00022103719934881878,1.0627215025512335,False
batch2,41,50,49,1.1079426,1.1079426,True,1000,-0.00013863275081807552,1.0555120971521745,False
batch2,41,75,74,1.1049522,1.1049522,True,1000,-8.337815475517883e-05,1.0528134491700885,False
batch2,41,100,99,1.108752,1.108752,True,1000,-0.00028315338598844224,1.0411991351153866,False
batch2,42,10,9,1.1048694,1.1048694,True,1000,-0.00013358958361640313,1.0589440687634084,False
batch2,42,50,49,1.1012828,1.1012828,True,1000,-0.00017603738261244526,1.0475826797939018,False
batch2,42,75,74,1.1090041,1.1090041,True,1000,-0.000306525802022864,1.0476749365732128,False
batch2,42,100,99,1.1133598,1.1133598,True,1000,-0.00016809791967546277,1.040792140450294,False
batch2,43,10,9,1.0997281,1.0997281,True,1000,-0.00012064590543093423,1.0607523609169154,False
batch2,43,50,49,1.1006707,1.1006707,True,1000,-0.00013609253975696545,1.059568061354817,False
batch2,43,75,74,1.0925802,1.0925802,True,1000,-0.00010793040866312632,1.0515265036564767,False
batch2,43,100,99,1.0966223,1.0966223,True,1000,-7.786747073144955e-05,1.0536894722932697,False
batch2,44,10,9,1.098514,1.098514,True,1000,-0.0001254951475651274,1.0599099762367261,False
batch2,44,50,49,1.0985197,1.0985197,True,1000,-0.00011774389623072864,1.0586597234756285,False
batch2,44,75,74,1.0969654,1.0969654,True,1000,-0.00013866619375078873,1.0569754644566725,False
batch2,44,100,99,1.0974951,1.0974951,True,1000,-0.00023153617556067203,1.055959737837339,False
batch2,45,10,9,1.1031003,1.1031003,True,1000,-4.800897845648252e-05,1.0654475094459515,False
batch2,45,50,49,1.1021438,1.1021438,True,1000,-0.00010519520585485192,1.0636674900983187,False
batch2,45,75,74,1.100067,1.100067,True,1000,-3.272641246456818e-05,1.0601224317199962,False
batch2,45,100,99,1.0995457,1.0995457,True,1000,-4.204836896544022e-05,1.0598746365951066,False
batch2,46,10,9,1.1016624,1.1016624,True,1000,-0.0004807199396779713,1.0640839323615936,False
batch2,46,50,49,1.0986651,1.0986651,True,1000,-0.00031596135361930053,1.0608939738473107,False
batch2,46,75,74,1.1056454,1.1056454,True,1000,-0.00043982919774273243,1.0580012466139888,False
batch2,46,100,99,1.0998453,1.0998453,True,1000,-0.0015671940222256502,1.0528287511501446,False
batch3,0,10,9,1.0704191,1.0704191,True,1000,-0.00014258027464572647,1.0554399016422567,False
batch3,0,50,49,1.0709598,1.0709598,True,1000,-0.0003104902609162223,1.0543806989961608,False
batch3,0,75,74,1.0700538,1.0700538,True,1000,-0.0003056138299097948,1.0527183112322906,False
batch3,0,100,99,1.0694544,1.0694544,True,1000,-0.00013896718075803667,1.0516720924268015,False
batch3,1,10,9,1.068262,1.068262,True,1000,-0.0001118127474657552,1.0531058022998128,False
batch3,1,50,49,1.0681363,1.0681363,True,1000,-0.00011312314587954517,1.052339583315107,False
batch3,1,75,74,1.0672001,1.0672001,True,1000,-0.00016451683479853506,1.050812689968013,False
batch3,1,100,99,1.0664777,1.0664777,True,1000,-0.0003033301257586192,1.0493524200768711,False
batch3,2,10,9,1.0627875,1.0627875,True,1000,-8.946505225915002e-05,1.048566237513282,False
batch3,2,50,49,1.0624027,1.0624027,True,1000,-0.00013055600647990254,1.04829692380007,False
batch3,2,75,74,1.0613403,1.0613403,True,1000,-0.0002988806056553843,1.046781506713847,False
batch3,2,100,99,1.0606135,1.0606135,True,1000,-9.400306948675915e-05,1.046014818998879,False
batch3,3,10,9,1.0651054,1.0651054,True,1000,-0.00011997228592539852,1.051433041073733,False
batch3,3,50,49,1.065057,1.065057,True,1000,-0.00023119417429466819,1.0504328777823506,False
batch3,3,75,74,1.0640342,1.0640342,True,1000,-0.0002814490291668902,1.0486510039545125,False
batch3,3,100,99,1.0635946,1.0635946,True,1000,-0.0001148119162135494,1.0477136080159646,False
batch3,4,10,9,1.0745391,1.0745391,True,1000,-0.00015336838990806124,1.058598705591645,False
batch3,4,50,49,1.0749913,1.0749913,True,1000,-0.0001209939105111806,1.0585187446269115,False
batch3,4,75,74,1.0741746,1.0741746,True,1000,-0.0002111756101700652,1.0567740412033524,False
batch3,4,100,99,1.0738586,1.0738586,True,1000,-0.00022367066050833165,1.0555430494012805,False
batch3,5,10,9,1.0536922,1.0536922,True,1000,-0.0003116089010965516,1.0362409116402285,False
batch3,5,50,49,1.0534708,1.0534708,True,1000,-0.00017363838835856562,1.0354508717094268,False
batch3,5,75,74,1.0524582,1.0524582,True,1000,-0.00025975617838066385,1.0340368423018504,False
batch3,5,100,99,1.0518515,1.0518515,True,1000,-0.00015948617777972104,1.032724184791652,False
batch3,6,10,9,1.0624539,1.0624539,True,1000,-0.00023331830139244514,1.047198737947161,False
batch3,6,50,49,1.0537841,1.0537841,True,1000,-4.042408214596649e-05,1.0366737983532461,False
batch3,6,75,74,1.0488254,1.0488254,True,1000,-0.00016822925801232428,1.030928493356561,False
batch3,6,100,99,1.04378,1.04378,True,1000,-5.601127936026679e-05,1.0250388280399314,False
batch3,7,10,9,1.0702851,1.0702851,True,1000,-0.0003167145789797739,1.0545140763561118,False
batch3,7,50,49,1.0704235,1.0704235,True,1000,-0.00015653059597082363,1.0546996666245576,False
batch3,7,75,74,1.0701526,1.0701526,True,1000,-0.00018286874015202456,1.053452323912922,False
batch3,7,100,99,1.0684743,1.0684743,True,1000,-0.00019085045981538588,1.0523829533825653,False
batch3,8,10,9,1.0679353,1.0679353,True,1000,-0.00024858788985088995,1.0514575399407282,False
batch3,8,50,49,1.0685687,1.0685687,True,1000,-0.00013730622543319676,1.050871927389129,False
batch3,8,75,74,1.0679919,1.0679919,True,1000,-0.00014102568132042908,1.049852787522481,False
batch3,8,100,99,1.067026,1.067026,True,1000,-0.0002446914258494596,1.0480472063842972,False
batch3,9,10,9,1.0727774,1.0727774,True,1000,-0.0001638080407842023,1.0566964207228493,False
batch3,9,50,49,1.0730721,1.0730721,True,1000,-0.00019297616393337472,1.0553537181670853,False
batch3,9,75,74,1.0728294,1.0728294,True,1000,-0.0002452479655589235,1.0534667112227039,False
batch3,9,100,99,1.0724456,1.0724456,True,1000,-0.0003366401573053758,1.0517292596992005,False
batch3,10,10,9,1.0643069,1.0643069,True,1000,-0.0001387956774346248,1.048621967682683,False
batch3,10,50,49,1.0649273,1.0649273,True,1000,-0.00012166170631348766,1.047999262150192,False
batch3,10,75,74,1.0642827,1.0642827,True,1000,-0.00028798973330764545,1.0463510513647694,False
batch3,10,100,99,1.0623909,1.0623909,True,1000,-0.00020842438280050193,1.0454605239295607,False
batch3,11,10,9,1.0706047,1.0706047,True,1000,-0.0003324905764530671,1.0537785661906212,False
batch3,11,50,49,1.0702467,1.0702467,True,1000,-0.00024413895506975166,1.0517449337903397,False
batch3,11,75,74,1.0693966,1.0693966,True,1000,-0.00017489723861621335,1.0499334752978924,False
batch3,11,100,99,1.0682998,1.0682998,True,1000,-0.0001703515239443873,1.0479077240965489,False
batch3,12,10,9,1.0765386,1.0765386,True,1000,-0.00020295489949314645,1.0611347205696455,False
batch3,12,50,49,1.0766423,1.0766423,True,1000,-0.00024750316340793095,1.0592124469559054,False
batch3,12,75,74,1.0761139,1.0761139,True,1000,-0.000343631158242053,1.0571641126052154,False
batch3,12,100,99,1.0755343,1.0755343,True,1000,-0.00030389811883543084,1.0550623011714961,False
batch3,13,10,9,1.0689164,1.0689164,True,1000,-0.00016568736139796264,1.05121816288854,False
batch3,13,50,49,1.0693101,1.0693101,True,1000,-0.00023106255320869674,1.051147021119748,False
batch3,13,75,74,1.0682956,1.0682956,True,1000,-0.0003120320684789722,1.0494324247387132,False
batch3,13,100,99,1.067306,1.067306,True,1000,-0.00030669334108353113,1.04779880502059,False
batch3,14,10,9,1.0763183,1.0763183,True,1000,-0.00019663343041144315,1.0603776453266072,False
batch3,14,50,49,1.0777076,1.0777076,True,1000,-0.0002824131895868292,1.0598877468036838,False
batch3,14,75,74,1.0771011,1.0771011,True,1000,-0.00018641362587596379,1.0580991617890572,False
batch3,14,100,99,1.0763919,1.0763919,True,1000,-0.00017425296671465278,1.0565412041331674,False
batch3,15,10,9,1.0709045,1.0709045,True,1000,-0.0002012722942283511,1.0535175619691364,False
batch3,15,50,49,1.0710367,1.0710367,True,1000,-0.00014933572737276256,1.0527396825301485,False
batch3,15,75,74,1.0702964,1.0702964,True,1000,-0.00026359903342062965,1.0507075633654877,False
batch3,15,100,99,1.0693594,1.0693594,True,1000,-0.00015983496865509494,1.049242955462282,False
batch3,16,10,9,1.0635999,1.0635999,True,1000,-0.00018648516496132,1.0494291993676923,False
batch3,16,50,49,1.0639572,1.0639572,True,1000,-0.0001398078198631317,1.048926985981627,False
batch3,16,75,74,1.0632361,1.0632361,True,1000,-0.0003087281384142967,1.0474016952741083,False
batch3,16,100,99,1.0625579,1.0625579,True,1000,-0.00012247984315018123,1.0464455133642425,False
batch3,17,10,9,1.0689212,1.0689212,True,1000,-0.00028851425739494083,1.0548466592613002,False
batch3,17,50,49,1.0674373,1.0674373,True,1000,-0.0001285656093938663,1.0529024893294108,False
batch3,17,75,74,1.066898,1.066898,True,1000,-0.0003028358097555465,1.051175707594694,False
batch3,17,100,99,1.0664585,1.0664585,True,1000,-0.00011842302269177447,1.0504288051856445,False
batch3,18,10,9,1.0700043,1.0700043,True,1000,-0.0001363185758611541,1.0548983044770857,False
batch3,18,50,49,1.0691702,1.0691702,True,1000,-0.00017835821810090267,1.0535286872079714,False
batch3,18,75,74,1.0680413,1.0680413,True,1000,-0.00028899889447618317,1.0514549477362047,False
batch3,18,100,99,1.0670015,1.0670015,True,1000,-0.000321193280964692,1.0498903602442584,False
batch3,19,10,9,1.0738823,1.0738823,True,1000,-0.00014584326594780902,1.0584132747637822,False
batch3,19,50,49,1.0730777,1.0730777,True,1000,-0.00032140573113998366,1.056291327806088,False
batch3,19,75,74,1.0719305,1.0719305,True,1000,-0.00027130753142232925,1.0543699460955132,False
batch3,19,100,99,1.0708553,1.0708553,True,1000,-0.00016749019870648525,1.0528921347801667,False
batch3,20,10,9,1.0675322,1.0675322,True,1000,-0.00011412011418087444,1.0508170999886037,False
batch3,20,50,49,1.0677623,1.0677623,True,1000,-0.00012443154121925473,1.0501531150768786,False
batch3,20,75,74,1.0675331,1.0675331,True,1000,-0.0001423549984850114,1.0491002927497861,False
batch3,20,100,99,1.0664401,1.0664401,True,1000,-0.00014253132572905012,1.0473327360054374,False
batch3,21,10,9,1.0686178,1.0686178,True,1000,-0.00017496140041946368,1.053662796709706,False
batch3,21,50,49,1.0623268,1.0623268,True,1000,-0.00021053818128796884,1.0456285958718237,False
batch3,21,75,74,1.0579935,1.0579935,True,1000,-0.00026696062586921665,1.0401003912448321,False
batch3,21,100,99,1.0538316,1.0538316,True,1000,-0.0002163560929409744,1.0353269336999642,False
batch3,22,10,9,1.0585029,1.0585029,True,1000,-0.00017900235658391248,1.0430328121945573,False
batch3,22,50,49,1.0585248,1.0585248,True,1000,-0.000222193962177797,1.0410392033217535,False
batch3,22,75,74,1.057584,1.057584,True,1000,-0.00019623409683072125,1.0391771705040187,False
batch3,22,100,99,1.0569046,1.0569046,True,1000,-0.00023800278490958924,1.03708265856164,False
batch3,23,10,9,1.0683903,1.0683903,True,1000,-0.0003198190905554092,1.0525696833406735,False
batch3,23,50,49,1.0671188,1.0671188,True,1000,-0.00013432086012373472,1.0521641984519199,False
batch3,23,75,74,1.0681542,1.0681542,True,1000,-0.00024015703575376514,1.050596875998108,False
batch3,23,100,99,1.0669227,1.0669227,True,1000,-0.00032306541582500977,1.0493136914610113,False
batch3,24,10,9,1.0499612,1.0499612,True,1000,-0.00017596636102220578,1.0339914277569295,False
batch3,24,50,49,1.0508856,1.0508856,True,1000,-0.0001539968457960725,1.0341454839927329,False
batch3,24,75,74,1.0506223,1.0506223,True,1000,-0.00018466815001322922,1.0331266267559451,False
batch3,24,100,99,1.050084,1.050084,True,1000,-0.0002663073950334763,1.0319804444359015,False
batch3,25,10,9,1.0642061,1.0642061,True,1000,-0.00016166794624138545,1.0496003909630265,False
batch3,25,50,49,1.0652844,1.0652844,True,1000,-0.00015249258004120116,1.0490034217520872,False
batch3,25,75,74,1.064936,1.064936,True,1000,-0.00016206902920305017,1.0474226977122318,False
batch3,25,100,99,1.0643663,1.0643663,True,1000,-0.0003577437350829603,1.046174459131169,False
batch3,26,10,9,1.0749502,1.0749502,True,1000,-0.00015548055566871872,1.0604953683567837,False
batch3,26,50,49,1.075429,1.075429,True,1000,-0.00034968320205533236,1.0601203495865967,False
batch3,26,75,74,1.0751725,1.0751725,True,1000,-0.00016578751846246353,1.058512805824129,False
batch3,26,100,99,1.074435,1.074435,True,1000,-0.0001657907856544217,1.0563751220196886,False
batch3,27,10,9,1.0638406,1.0638406,True,1000,-0.0001917658533595806,1.0481894029695529,False
batch3,27,50,49,1.0642054,1.0642054,True,1000,-0.00018731608958171686,1.047713792184278,False
batch3,27,75,74,1.0636022,1.0636022,True,1000,-0.00010151691105337877,1.0465694788215658,False
batch3,27,100,99,1.0627574,1.0627574,True,1000,-9.049440884558599e-05,1.045293478116674,False
batch3,28,10,9,1.0524576,1.0524576,True,1000,-7.417809062480944e-05,1.0351624247732854,False
batch3,28,50,49,1.0450525,1.0450525,True,1000,-0.0001378680211773137,1.0259649563635433,False
batch3,28,75,74,1.0398711,1.0398711,True,1000,-0.0008775421675398061,1.0196368624689411,False
batch3,28,100,99,1.0340093,1.0340093,True,1000,-7.796832527872213e-05,1.0134874947492083,False
batch3,29,10,9,1.0698459,1.0698459,True,1000,-0.0003046741721961138,1.0524042546232395,False
batch3,29,50,49,1.0710148,1.0710148,True,1000,-0.0002634599283529178,1.0524886112518776,False
batch3,29,75,74,1.0704877,1.0704877,True,1000,-0.0001727488568869859,1.051141245854263,False
batch3,29,100,99,1.0696349,1.0696349,True,1000,-0.00010736971251736229,1.0497182266151153,False
batch3,30,10,9,1.0717069,1.0717069,True,1000,-0.0001452411332456188,1.056779743565704,False
batch3,30,50,49,1.0721097,1.0721097,True,1000,-0.00021997437013575145,1.0563444268090494,False
batch3,30,75,74,1.0716364,1.0716364,True,1000,-0.00013227129779025897,1.0554504521008028,False
batch3,30,100,99,1.0710108,1.0710108,True,1000,-0.000146713375674457,1.0533339871670746,False
batch3,31,10,9,1.0708563,1.0708563,True,1000,-0.00030686244713541987,1.0545157905873483,False
batch3,31,50,49,1.0710871,1.0710871,True,1000,-0.0003051930351777473,1.0527296850360472,False
batch3,31,75,74,1.0704634,1.0704634,True,1000,-0.0002971705544711432,1.0507810500937351,False
batch3,31,100,99,1.0698149,1.0698149,True,1000,-0.00022505896958205647,1.0487037300833724,False
batch3,32,10,9,1.0746125,1.0746125,True,1000,-0.000257710106923875,1.0606885743271461,False
batch3,32,50,49,1.074445,1.074445,True,1000,-0.0002449052890141554,1.0604421512319706,False
batch3,32,75,74,1.0741842,1.0741842,True,1000,-0.0003595926285187437,1.0591190801132355,False
batch3,32,100,99,1.0733908,1.0733908,True,1000,-0.0002524124883977927,1.057846548078246,False
batch3,33,10,9,1.0624503,1.0624503,True,1000,-0.00012547356716951036,1.0475464467601339,False
batch3,33,50,49,1.0624685,1.0624685,True,1000,-0.00022076174904004785,1.046869748497195,False
batch3,33,75,74,1.0617808,1.0617808,True,1000,-0.00015356104340954796,1.0455574536259902,False
batch3,33,100,99,1.0609198,1.0609198,True,1000,-0.00015629792749561163,1.0445067345669836,False
batch3,34,10,9,1.0640321,1.0640321,True,1000,-0.00012550096678004292,1.0482667579877007,False
batch3,34,50,49,1.0636199,1.0636199,True,1000,-0.00028561614441116183,1.0470849831117648,False
batch3,34,75,74,1.0627027,1.0627027,True,1000,-0.00014131052506325873,1.0456440289960587,False
batch3,34,100,99,1.0615493,1.0615493,True,1000,-0.00014776850278344682,1.0443661624941791,False
batch3,35,10,9,1.0652138,1.0652138,True,1000,-0.0001775458091671254,1.0497434586562842,False
batch3,35,50,49,1.0647953,1.0647953,True,1000,-0.00014626540751593855,1.0494795695799821,False
batch3,35,75,74,1.0638001,1.0638001,True,1000,-0.00017615302190254864,1.0476670692617445,False
batch3,35,100,99,1.0632331,1.0632331,True,1000,-0.00023111844665590483,1.0463436656162621,False
batch3,36,10,9,1.0600277,1.0600277,True,1000,-0.0002009628874449032,1.0442451381799596,False
batch3,36,50,49,1.0596538,1.0596538,True,1000,-0.00022706947972712954,1.043371109823714,False
batch3,36,75,74,1.0586671,1.0586671,True,1000,-0.0003430032927025637,1.0416335368451513,False
batch3,36,100,99,1.0577667,1.0577667,True,1000,-0.00014396165109299393,1.0404778073982968,False
batch3,37,10,9,1.0487504,1.0487504,True,1000,-9.567237750127754e-05,1.034065386688733,False
batch3,37,50,49,1.0498903,1.0498903,True,1000,-0.00016508961497266794,1.0348915330282202,False
batch3,37,75,74,1.0491045,1.0491045,True,1000,-9.27712413656295e-05,1.034179871734851,False
batch3,37,100,99,1.0483961,1.0483961,True,1000,-0.00010345164320400566,1.0333266416090685,False
batch3,38,10,9,1.0723419,1.0723419,True,1000,-0.0003344910862340064,1.0570087317025005,False
batch3,38,50,49,1.0721389,1.0721389,True,1000,-0.0002018784637046752,1.0561894215655474,False
batch3,38,75,74,1.0716959,1.0716959,True,1000,-0.0004364101649883363,1.0544096796457196,False
batch3,38,100,99,1.0710695,1.0710695,True,1000,-0.00022312136495359844,1.053212952712198,False
batch3,39,10,9,1.0504172,1.0504172,True,1000,-0.0002309929810050718,1.0356147413039267,False
batch3,39,50,49,1.0510941,1.0510941,True,1000,-0.0003557809133665549,1.0360336862734973,False
batch3,39,75,74,1.0502795,1.0502795,True,1000,-0.00024211505555466349,1.0349772054604276,False
batch3,39,100,99,1.0495038,1.0495038,True,1000,-0.0003254010797908775,1.033994831900637,False
batch3,40,10,9,1.0632297,1.0632297,True,1000,-0.00018098657917714944,1.0460865317459527,False
batch3,40,50,49,1.0635437,1.0635437,True,1000,-0.0001554814072008457,1.046573904104298,False
batch3,40,75,74,1.0630114,1.0630114,True,1000,-0.0001447098540023057,1.0454336943884266,False
batch3,40,100,99,1.0617574,1.0617574,True,1000,-0.00017744514292464248,1.0435826388690534,False
batch3,41,10,9,1.0537622,1.0537622,True,1000,-0.0004927739635504177,1.0406681822804134,False
batch3,41,50,49,1.054782,1.054782,True,1000,-0.0006131973318614845,1.0401697209428484,False
batch3,41,75,74,1.0545954,1.0545954,True,1000,-0.00042596722908677686,1.0390455058981674,False
batch3,41,100,99,1.0541531,1.0541531,True,1000,-0.0004990485421763821,1.037439255626091,False
batch3,42,10,9,1.069122,1.069122,True,1000,-0.0003744203046953377,1.0528809589562609,False
batch3,42,50,49,1.0699254,1.0699254,True,1000,-0.00023653028297111473,1.0534259167223567,False
batch3,42,75,74,1.0695449,1.0695449,True,1000,-0.0002660578545049227,1.0530416976334018,False
batch3,42,100,99,1.0689646,1.0689646,True,1000,-0.00028294093640429533,1.0524278357653842,False
batch3,43,10,9,1.0726073,1.0726073,True,1000,-0.0003168640078442073,1.0561197043943413,False
batch3,43,50,49,1.0731298,1.0731298,True,1000,-0.00029439876416514855,1.054995582044487,False
batch3,43,75,74,1.0730033,1.0730033,True,1000,-0.00038569295144210667,1.0552751613483196,False
batch3,43,100,99,1.0724185,1.0724185,True,1000,-0.00021167980965455517,1.0547419256548698,False
batch3,44,10,9,1.0727483,1.0727483,True,1000,-0.00027512052818011814,1.057362833584299,False
batch3,44,50,49,1.0737377,1.0737377,True,1000,-0.0003103789464820251,1.0570023020597592,False
batch3,44,75,74,1.0733497,1.0733497,True,1000,-0.00017105963221789204,1.0555350647458985,False
batch3,44,100,99,1.0729284,1.0729284,True,1000,-0.00037464074183622844,1.0542276534067616,False
batch3,45,10,9,1.0713308,1.0713308,True,1000,-0.00017688982203105283,1.055867965360196,False
batch3,45,50,49,1.0721447,1.0721447,True,1000,-0.0003338474808091509,1.0560550428469604,False
batch3,45,75,74,1.071419,1.071419,True,1000,-0.0003382449817490134,1.0544841934707845,False
batch3,45,100,99,1.0711251,1.0711251,True,1000,-0.0002297482545968076,1.0531903734602508,False
