batch,cell_id,end_cycle,cycle_life,life_group,charging_policy,deltaQ_var,deltaQ_min,delta_curve_review,delta_status,endpoint_high_QD,n_QD_retained,QD_slope_retained,n_QD_masked,QD_slope_masked
batch1,0,50,1190.0,long (>1000),3.6C(80%)-3.6C,9.178591438271224e-07,-0.0005280329183623422,False,accepted,False,41,-0.001404588327526134,40,5.006841472660279e-05
batch1,0,75,1190.0,long (>1000),3.6C(80%)-3.6C,3.118519851278036e-06,-0.004386692614273102,False,accepted,False,66,-0.0005719949817346792,65,1.8048016203109513e-05
batch1,0,100,1190.0,long (>1000),3.6C(80%)-3.6C,9.663600264771342e-06,-0.008459642934268818,False,accepted,False,91,-0.00031399105112279297,90,3.0947155680760724e-06
batch1,1,50,1179.0,long (>1000),3.6C(80%)-3.6C,1.8716340424326488e-06,-0.006698779170492053,False,accepted,False,41,3.1649825783664217e-07,41,3.1649825783664217e-07
batch1,1,75,1179.0,long (>1000),3.6C(80%)-3.6C,1.5932228957514861e-06,-0.004070559810911867,False,accepted,False,66,-7.379933201119051e-06,66,-7.379933201119051e-06
batch1,1,100,1179.0,long (>1000),3.6C(80%)-3.6C,9.683678956852016e-06,-0.011003816596621974,False,accepted,False,91,-1.386407708233212e-05,91,-1.386407708233212e-05
batch1,2,50,1177.0,long (>1000),3.6C(80%)-3.6C,3.996822703664352e-06,-0.011159907806468694,False,accepted,False,41,1.3207386759580102e-05,41,1.3207386759580102e-05
batch1,2,75,1177.0,long (>1000),3.6C(80%)-3.6C,3.42662728999078e-06,-0.005515543418969093,False,accepted,False,66,4.194061162722708e-06,66,4.194061162722708e-06
batch1,2,100,1177.0,long (>1000),3.6C(80%)-3.6C,1.8323155109711005e-05,-0.017216391849644463,False,accepted,False,91,-5.208700429995722e-06,91,-5.208700429995722e-06
batch1,3,50,1226.0,long (>1000),4C(80%)-4C,1.2775741390713474e-05,-0.011588734810337953,False,accepted,False,41,5.684628919860378e-05,41,5.684628919860378e-05
batch1,3,75,1226.0,long (>1000),4C(80%)-4C,2.3894282491298303e-05,-0.015494134079735544,False,accepted,False,66,2.5999058553391824e-05,66,2.5999058553391824e-05
batch1,3,100,1226.0,long (>1000),4C(80%)-4C,3.608997994486938e-05,-0.018960539773269502,False,accepted,False,91,6.368388278398741e-06,91,6.368388278398741e-06
batch1,4,50,1227.0,long (>1000),4C(80%)-4C,5.0929119579382745e-06,-0.00626431181329401,False,accepted,False,41,5.8930261324033376e-05,41,5.8930261324033376e-05
batch1,4,75,1227.0,long (>1000),4C(80%)-4C,1.060041897583474e-05,-0.009437062795349727,False,accepted,False,66,2.8668658803889362e-05,66,2.8668658803889362e-05
batch1,4,100,1227.0,long (>1000),4C(80%)-4C,2.2503824885676158e-05,-0.013957995093677344,False,accepted,False,91,8.424255454690661e-06,91,8.424255454690661e-06
batch1,5,50,1074.0,long (>1000),4.4C(80%)-4.4C,1.4139485108493399e-05,-0.011624883722753832,False,accepted,False,41,5.037717770034838e-05,41,5.037717770034838e-05
batch1,5,75,1074.0,long (>1000),4.4C(80%)-4.4C,3.843492924784335e-05,-0.018743042308033697,False,accepted,False,66,2.6217751800431977e-05,66,2.6217751800431977e-05
batch1,5,100,1074.0,long (>1000),4.4C(80%)-4.4C,6.624026126041227e-05,-0.025178778949337288,False,accepted,False,91,2.0457525083623468e-06,91,2.0457525083623468e-06
batch1,6,50,636.0,medium (500–1000),4.8C(80%)-4.8C,4.3977383823154835e-05,-0.019138225393611763,False,accepted,False,41,4.063224738675513e-05,41,4.063224738675513e-05
batch1,6,75,636.0,medium (500–1000),4.8C(80%)-4.8C,0.00010045566547846557,-0.0287875121246014,False,accepted,False,66,4.234691577080694e-06,66,4.234691577080694e-06
batch1,6,100,636.0,medium (500–1000),4.8C(80%)-4.8C,0.00017026371292231957,-0.03788603931347978,False,accepted,False,91,-1.8384228380318223e-05,91,-1.8384228380318223e-05
batch1,7,50,870.0,medium (500–1000),4.8C(80%)-4.8C,4.172824062947277e-05,-0.020637869337760684,False,accepted,False,41,3.0491498257830106e-05,41,3.0491498257830106e-05
batch1,7,75,870.0,medium (500–1000),4.8C(80%)-4.8C,9.33360484198896e-05,-0.03014528679429851,False,accepted,False,66,4.121753470411781e-06,66,4.121753470411781e-06
batch1,7,100,870.0,medium (500–1000),4.8C(80%)-4.8C,0.00015364340477588736,-0.03823338650707442,False,accepted,False,91,-1.2389668737060214e-05,91,-1.2389668737060214e-05
batch1,8,50,879.0,medium (500–1000),5.4C(40%)-3.6C,2.483713082093606e-05,-0.015015709696523327,False,accepted,False,41,1.7532979094067073e-05,41,1.7532979094067073e-05
batch1,8,75,879.0,medium (500–1000),5.4C(40%)-3.6C,7.858591162854993e-05,-0.026103038198494022,False,accepted,False,66,6.033720905964321e-06,66,6.033720905964321e-06
batch1,8,100,879.0,medium (500–1000),5.4C(40%)-3.6C,9.97253091328456e-05,-0.030807702259195047,False,accepted,False,91,-7.819638477472863e-06,91,-7.819638477472863e-06
batch1,9,50,1054.0,long (>1000),5.4C(40%)-3.6C,1.8868008809984314e-05,-0.013352129848410388,False,accepted,False,41,2.844689895470048e-05,41,2.844689895470048e-05
batch1,9,75,1054.0,long (>1000),5.4C(40%)-3.6C,7.109105026616935e-05,-0.025953256913546663,False,accepted,False,66,1.9417881223258675e-05,66,1.9417881223258675e-05
batch1,9,100,1054.0,long (>1000),5.4C(40%)-3.6C,8.72200481780871e-05,-0.028724475696229934,False,accepted,False,91,5.299069915599302e-06,91,5.299069915599302e-06
batch1,10,50,906.0,medium (500–1000),5.4C(50%)-3C,1.5768329957419876e-05,-0.01008694364258933,False,accepted,False,41,5.8666393728217046e-05,41,5.8666393728217046e-05
batch1,10,75,906.0,medium (500–1000),5.4C(50%)-3C,6.318761937708822e-05,-0.023046491583176176,False,accepted,False,66,2.6383049786042867e-05,66,2.6383049786042867e-05
batch1,10,100,906.0,medium (500–1000),5.4C(50%)-3C,9.493510903192643e-05,-0.026992931922526497,False,accepted,False,91,6.0261347348371834e-06,91,6.0261347348371834e-06
batch1,11,50,788.0,medium (500–1000),5.4C(50%)-3C,1.0446053492520885e-05,-0.008368466579916967,False,accepted,False,41,5.3101742160272134e-05,41,5.3101742160272134e-05
batch1,11,75,788.0,medium (500–1000),5.4C(50%)-3C,4.2536408028948e-05,-0.01790736637830226,False,accepted,False,66,2.435355599623866e-05,66,2.435355599623866e-05
batch1,11,100,788.0,medium (500–1000),5.4C(50%)-3C,7.130228856858242e-05,-0.023691513033622602,False,accepted,False,91,4.613694855870166e-06,91,4.613694855870166e-06
batch1,12,50,902.0,medium (500–1000),5.4C(50%)-3.6C,2.07153736439165e-05,-0.01403334589072247,False,accepted,False,41,3.143303135887695e-05,41,3.143303135887695e-05
batch1,12,75,902.0,medium (500–1000),5.4C(50%)-3.6C,5.176809028472064e-05,-0.022257670451450773,False,accepted,False,66,1.3465049577287776e-05,66,1.3465049577287776e-05
batch1,12,100,902.0,medium (500–1000),5.4C(50%)-3.6C,7.495650888780392e-05,-0.027438869587688153,False,accepted,False,91,6.052810957250435e-07,91,6.052810957250435e-07
batch1,13,50,897.0,medium (500–1000),5.4C(50%)-3.6C,1.8184509311731733e-05,-0.012899033383390823,False,accepted,False,41,2.0694738675953746e-05,41,2.0694738675953746e-05
batch1,13,75,897.0,medium (500–1000),5.4C(50%)-3.6C,5.157998090371031e-05,-0.021753836213480926,False,accepted,False,66,5.345446195596802e-06,66,5.345446195596802e-06
batch1,13,100,897.0,medium (500–1000),5.4C(50%)-3.6C,8.953514522265102e-05,-0.029137075239816568,False,accepted,False,91,-7.604817646123064e-06,91,-7.604817646123064e-06
batch1,14,50,880.0,medium (500–1000),5.4C(60%)-3C,1.3686300329484974e-05,-0.010945507880669392,False,accepted,False,41,6.479043554006466e-05,41,6.479043554006466e-05
batch1,14,75,880.0,medium (500–1000),5.4C(60%)-3C,4.403765475784303e-05,-0.019979732053762134,False,accepted,False,66,3.843782486170801e-05,66,3.843782486170801e-05
batch1,14,100,880.0,medium (500–1000),5.4C(60%)-3C,8.993529426869348e-05,-0.0282939556930506,False,accepted,False,91,1.630952062430929e-05,91,1.630952062430929e-05
batch1,15,50,719.0,medium (500–1000),5.4C(60%)-3C,1.6983083739538703e-05,-0.011568380636691522,False,accepted,False,41,7.235195121951079e-05,41,7.235195121951079e-05
batch1,15,75,719.0,medium (500–1000),5.4C(60%)-3C,6.441388448095132e-05,-0.022747410319983286,False,accepted,False,66,4.201499634693768e-05,66,4.201499634693768e-05
batch1,15,100,719.0,medium (500–1000),5.4C(60%)-3C,9.595130743781206e-05,-0.02894455469678503,False,accepted,False,91,1.673795190317282e-05,91,1.673795190317282e-05
batch1,16,50,862.0,medium (500–1000),5.4C(60%)-3.6C,1.8514826643426578e-05,-0.013257285736505864,False,accepted,False,41,6.308454703832189e-05,41,6.308454703832189e-05
batch1,16,75,862.0,medium (500–1000),5.4C(60%)-3.6C,4.780440421144134e-05,-0.021271570280591123,False,accepted,False,66,3.839015551613479e-05,66,3.839015551613479e-05
batch1,16,100,862.0,medium (500–1000),5.4C(60%)-3.6C,7.954013514589506e-05,-0.027606674842371115,False,accepted,False,91,1.3498762541802934e-05,91,1.3498762541802934e-05
batch1,17,50,857.0,medium (500–1000),5.4C(60%)-3.6C,1.7114343225267915e-05,-0.012012813946411183,False,accepted,False,41,3.954574912891855e-05,41,3.954574912891855e-05
batch1,17,75,857.0,medium (500–1000),5.4C(60%)-3.6C,5.630338584957651e-05,-0.022417670127272027,False,accepted,False,66,2.304705980587509e-05,66,2.304705980587509e-05
batch1,17,100,857.0,medium (500–1000),5.4C(60%)-3.6C,0.00010711259692754453,-0.031067967108938555,False,accepted,False,91,5.362154801722931e-06,91,5.362154801722931e-06
batch1,18,50,691.0,medium (500–1000),5.4C(70%)-3C,4.1097886317138446e-05,-0.018949029290156516,False,accepted,False,41,0.0031431591289198427,40,-1.8196674057665583e-05
batch1,18,75,691.0,medium (500–1000),5.4C(70%)-3C,0.00011737900733511415,-0.0321852651554968,False,accepted,False,66,-0.00023213806492015495,65,-4.270667716029672e-05
batch1,18,100,691.0,medium (500–1000),5.4C(70%)-3C,0.00022383059792099492,-0.04413321540827286,False,accepted,False,91,-0.0004958883612040111,90,-6.229287805528483e-05
batch1,19,50,788.0,medium (500–1000),5.4C(70%)-3C,5.487607845327583e-05,-0.022252753360623045,False,accepted,False,41,1.9063588850137794e-06,41,1.9063588850137794e-06
batch1,19,75,788.0,medium (500–1000),5.4C(70%)-3C,0.00013676946035123762,-0.03479446141147602,False,accepted,False,66,-9.039392547746993e-06,66,-9.039392547746993e-06
batch1,19,100,788.0,medium (500–1000),5.4C(70%)-3C,0.00023993476144574294,-0.04589269342650848,False,accepted,False,91,-2.0336293995851352e-05,91,-2.0336293995851352e-05
batch1,20,50,534.0,medium (500–1000),5.4C(80%)-5.4C,9.665895185423021e-05,-0.030830135017133053,False,accepted,False,41,-7.732904181185583e-05,41,-7.732904181185583e-05
batch1,20,75,534.0,medium (500–1000),5.4C(80%)-5.4C,0.00024010948899619593,-0.04759215507212533,False,accepted,False,66,-0.0001206081995616305,66,-0.0001206081995616305
batch1,20,100,534.0,medium (500–1000),5.4C(80%)-5.4C,0.00042930168171296525,-0.06358042689660326,False,accepted,False,91,-0.00014945135531135723,91,-0.00014945135531135723
batch1,21,50,559.0,medium (500–1000),5.4C(80%)-5.4C,0.0001085109529584034,-0.03270805236314833,False,accepted,False,41,-1.4019686411161745e-05,41,-1.4019686411161745e-05
batch1,21,75,559.0,medium (500–1000),5.4C(80%)-5.4C,0.00027331369062109955,-0.05076565855843351,False,accepted,False,66,-6.39160045924181e-05,66,-6.39160045924181e-05
batch1,21,100,559.0,medium (500–1000),5.4C(80%)-5.4C,0.00044633603224653485,-0.06472026276575493,False,accepted,False,91,-9.035583054625644e-05,91,-9.035583054625644e-05
batch1,22,50,891.0,medium (500–1000),6C(30%)-3.6C,1.0486219531454458e-05,-0.007161212356246227,False,accepted,False,41,5.244634146340185e-06,41,5.244634146340185e-06
batch1,22,75,891.0,medium (500–1000),6C(30%)-3.6C,5.921315308309205e-05,-0.023369286786246057,False,accepted,False,66,-7.847105730086905e-06,66,-7.847105730086905e-06
batch1,22,100,891.0,medium (500–1000),6C(30%)-3.6C,0.00011164295598941376,-0.032147144008991324,False,accepted,False,91,-1.7057273451189287e-05,91,-1.7057273451189287e-05
batch1,23,50,1014.0,long (>1000),6C(30%)-3.6C,1.3318798795060378e-05,-0.006289965348796556,False,accepted,False,41,-2.491637630731521e-07,41,-2.491637630731521e-07
batch1,23,75,1014.0,long (>1000),6C(30%)-3.6C,4.828139497711535e-05,-0.021867689730332818,False,accepted,False,66,-7.939561632393429e-06,66,-7.939561632393429e-06
batch1,23,100,1014.0,long (>1000),6C(30%)-3.6C,9.103457241110652e-05,-0.029953516931757296,False,accepted,False,91,-1.5297888198762094e-05,91,-1.5297888198762094e-05
batch1,24,50,1017.0,long (>1000),6C(40%)-3C,2.4495863784609044e-05,-0.014630252082122652,False,accepted,False,41,1.4278867595815521e-05,41,1.4278867595815521e-05
batch1,24,75,1017.0,long (>1000),6C(40%)-3C,6.624619863565393e-05,-0.02373112124551069,False,accepted,False,66,2.0300302682374692e-06,66,2.0300302682374692e-06
batch1,24,100,1017.0,long (>1000),6C(40%)-3C,0.00011516949866350308,-0.03184213409789827,False,accepted,False,91,-7.558493390664127e-06,91,-7.558493390664127e-06
batch1,25,50,854.0,medium (500–1000),6C(40%)-3C,1.948463975630847e-05,-0.012705465755686207,False,accepted,False,41,1.807522648083698e-05,41,1.807522648083698e-05
batch1,25,75,854.0,medium (500–1000),6C(40%)-3C,5.1314987425879753e-05,-0.021180700083077486,False,accepted,False,66,1.5468468844608992e-06,66,1.5468468844608992e-06
batch1,25,100,854.0,medium (500–1000),6C(40%)-3C,9.378020536805894e-05,-0.02944117289056547,False,accepted,False,91,-1.0512616658699725e-05,91,-1.0512616658699725e-05
batch1,26,50,870.0,medium (500–1000),6C(40%)-3.6C,3.95598074587581e-05,-0.01838118802288924,False,accepted,False,41,-2.8689372822357323e-06,41,-2.8689372822357323e-06
batch1,26,75,870.0,medium (500–1000),6C(40%)-3.6C,8.910880048958368e-05,-0.028447165841888555,False,accepted,False,66,-1.5776144452564042e-05,66,-1.5776144452564042e-05
batch1,26,100,870.0,medium (500–1000),6C(40%)-3.6C,0.00016024334542563112,-0.03835445363245393,False,accepted,False,91,-2.4660891861760114e-05,91,-2.4660891861760114e-05
batch1,27,50,842.0,medium (500–1000),6C(40%)-3.6C,3.2805817258189944e-05,-0.01709610376544457,False,accepted,False,41,-1.9177700348695775e-07,41,-1.9177700348695775e-07
batch1,27,75,842.0,medium (500–1000),6C(40%)-3.6C,7.914143104002889e-05,-0.026725707284168787,False,accepted,False,66,-1.3400375743658657e-05,66,-1.3400375743658657e-05
batch1,27,100,842.0,medium (500–1000),6C(40%)-3.6C,0.00014005441374332457,-0.03583211964634625,False,accepted,False,91,-2.0381876094918566e-05,91,-2.0381876094918566e-05
batch1,28,50,860.0,medium (500–1000),6C(50%)-3C,3.0062132206117095e-05,-0.01736673551545631,False,accepted,False,41,-1.6876306620212387e-06,41,-1.6876306620212387e-06
batch1,28,75,860.0,medium (500–1000),6C(50%)-3C,8.669244406062393e-05,-0.028945128898474448,False,accepted,False,66,-6.732443377517834e-06,66,-6.732443377517834e-06
batch1,28,100,860.0,medium (500–1000),6C(50%)-3C,0.00014298424697322437,-0.03721348031974192,False,accepted,False,91,-1.5225352763173364e-05,91,-1.5225352763173364e-05
batch1,29,50,917.0,medium (500–1000),6C(50%)-3C,2.793040016818628e-05,-0.01656550532697687,False,accepted,False,41,3.7712543554040816e-06,41,3.7712543554040816e-06
batch1,29,75,917.0,medium (500–1000),6C(50%)-3C,8.078970717102228e-05,-0.02778457378601984,False,accepted,False,66,-4.814866924119543e-06,66,-4.814866924119543e-06
batch1,29,100,917.0,medium (500–1000),6C(50%)-3C,0.0001451170011316565,-0.036868449881918286,False,accepted,False,91,-1.4454562828473083e-05,91,-1.4454562828473083e-05
batch1,30,50,709.0,medium (500–1000),6C(50%)-3.6C,3.959669590648108e-05,-0.018860228499464116,False,accepted,False,41,-4.66224738676273e-06,41,-4.66224738676273e-06
batch1,30,75,709.0,medium (500–1000),6C(50%)-3.6C,0.00010358311650304702,-0.030784925031682286,False,accepted,False,66,-1.75110593883645e-05,66,-1.75110593883645e-05
batch1,30,100,709.0,medium (500–1000),6C(50%)-3.6C,0.00018001172021664107,-0.04081538502439652,False,accepted,False,91,-2.5976043956036012e-05,91,-2.5976043956036012e-05
batch1,31,50,876.0,medium (500–1000),6C(50%)-3.6C,3.266638583963441e-05,-0.01784523164432661,False,accepted,False,41,-2.43475783972169e-05,41,-2.43475783972169e-05
batch1,31,75,876.0,medium (500–1000),6C(50%)-3.6C,9.324027513939289e-05,-0.02966524004371307,False,accepted,False,66,-2.9129416553594713e-05,66,-2.9129416553594713e-05
batch1,31,100,876.0,medium (500–1000),6C(50%)-3.6C,0.00016682739789842456,-0.03947820648424727,False,accepted,False,91,-3.470540531931799e-05,91,-3.470540531931799e-05
batch1,32,50,731.0,medium (500–1000),6C(60%)-3C,4.8423533031436874e-05,-0.021689536319661862,False,accepted,False,41,-4.360313588847554e-06,41,-4.360313588847554e-06
batch1,32,75,731.0,medium (500–1000),6C(60%)-3C,0.00012786394563730607,-0.034558488456922665,False,accepted,False,66,-1.2165911700230289e-05,66,-1.2165911700230289e-05
batch1,32,100,731.0,medium (500–1000),6C(60%)-3C,0.00022570256930208902,-0.04556628526257467,False,accepted,False,91,-2.147387004299617e-05,91,-2.147387004299617e-05
batch1,33,50,757.0,medium (500–1000),6C(60%)-3C,4.813698306784257e-05,-0.021950258569563896,False,accepted,False,41,-1.1887334494772943e-05,41,-1.1887334494772943e-05
batch1,33,75,757.0,medium (500–1000),6C(60%)-3C,0.00012503527791395057,-0.034471688903144226,False,accepted,False,66,-2.2150460285980086e-05,66,-2.2150460285980086e-05
batch1,33,100,757.0,medium (500–1000),6C(60%)-3C,0.00021524962445427153,-0.044901781211682756,False,accepted,False,91,-3.1796946966077e-05,91,-3.1796946966077e-05
batch1,34,50,742.0,medium (500–1000),7C(30%)-3.6C,2.001138636115446e-05,-0.014686673666783445,False,accepted,False,41,8.699982578389679e-06,41,8.699982578389679e-06
batch1,34,75,742.0,medium (500–1000),7C(30%)-3.6C,8.024191965085075e-05,-0.0284233463369854,False,accepted,False,66,-1.981728420830179e-06,66,-1.981728420830179e-06
batch1,34,100,742.0,medium (500–1000),7C(30%)-3.6C,0.00014170456557429945,-0.037218141748807665,False,accepted,False,91,-1.0398015607580281e-05,91,-1.0398015607580281e-05
batch1,35,50,703.0,medium (500–1000),7C(30%)-3.6C,1.6514315154448706e-05,-0.01350599302538702,False,accepted,False,41,1.7373379790935335e-05,41,1.7373379790935335e-05
batch1,35,75,703.0,medium (500–1000),7C(30%)-3.6C,9.373410596362823e-05,-0.029406178351845336,False,accepted,False,66,5.139937376053232e-06,66,5.139937376053232e-06
batch1,35,100,703.0,medium (500–1000),7C(30%)-3.6C,0.00016880845085747467,-0.039152034335048436,False,accepted,False,91,-5.950627488450408e-06,91,-5.950627488450408e-06
batch1,36,50,704.0,medium (500–1000),7C(40%)-3C,2.965509797793969e-05,-0.01801346743983334,False,accepted,False,41,1.6489547038276756e-06,41,1.6489547038276756e-06
batch1,36,75,704.0,medium (500–1000),7C(40%)-3C,0.00011583804904211077,-0.033245456256464245,False,accepted,False,66,-7.709652437118027e-06,66,-7.709652437118027e-06
batch1,36,100,704.0,medium (500–1000),7C(40%)-3C,0.00021404183097836082,-0.044621405961221994,False,accepted,False,91,-1.628153049849124e-05,91,-1.628153049849124e-05
batch1,37,50,648.0,medium (500–1000),7C(40%)-3C,2.353812089533668e-05,-0.01579428232601976,False,accepted,False,41,3.2374390243896125e-06,41,3.2374390243896125e-06
batch1,37,75,648.0,medium (500–1000),7C(40%)-3C,0.00011640357486651887,-0.033261766275154425,False,accepted,False,66,-8.7593194864827e-06,66,-8.7593194864827e-06
batch1,37,100,648.0,medium (500–1000),7C(40%)-3C,0.00021186592167101386,-0.044544784957630146,False,accepted,False,91,-1.9236196846627564e-05,91,-1.9236196846627564e-05
batch1,38,50,617.0,medium (500–1000),7C(40%)-3.6C,7.821814250470684e-05,-0.028186173790127333,False,accepted,False,41,-4.154268292693061e-06,41,-4.154268292693061e-06
batch1,38,75,617.0,medium (500–1000),7C(40%)-3.6C,0.00020199718477830175,-0.04195365469091894,False,accepted,False,66,-1.2678939567890163e-05,66,-1.2678939567890163e-05
batch1,38,100,617.0,medium (500–1000),7C(40%)-3.6C,0.00036893667248310104,-0.05641559694699583,False,accepted,False,91,-1.8634390826566925e-05,91,-1.8634390826566925e-05
batch1,39,50,625.0,medium (500–1000),7C(40%)-3.6C,7.254443561477521e-05,-0.02601632491555894,False,accepted,False,41,1.0693275261314922e-05,41,1.0693275261314922e-05
batch1,39,75,625.0,medium (500–1000),7C(40%)-3.6C,0.00017108579344070178,-0.039676872550461706,False,accepted,False,66,-3.3440329819419796e-06,66,-3.3440329819419796e-06
batch1,39,100,625.0,medium (500–1000),7C(40%)-3.6C,0.0003129437479421444,-0.053143954091811496,False,accepted,False,91,-1.355503105589223e-05,91,-1.355503105589223e-05
batch1,40,50,966.0,medium (500–1000),8C(15%)-3.6C,1.0079675128306729e-05,-0.010279028836460036,False,accepted,False,41,2.8990592334346975e-06,41,2.8990592334346975e-06
batch1,40,75,966.0,medium (500–1000),8C(15%)-3.6C,4.615897401851235e-05,-0.02066709188407634,False,accepted,False,66,-7.60064085168113e-06,66,-7.60064085168113e-06
batch1,40,100,966.0,medium (500–1000),8C(15%)-3.6C,8.806174658415387e-05,-0.02909570881628587,False,accepted,False,91,-1.8422352285391665e-05,91,-1.8422352285391665e-05
batch1,41,50,1051.0,long (>1000),8C(15%)-3.6C,8.450132169019936e-06,-0.010153321235574553,False,accepted,False,41,1.01137108013841e-05,41,1.01137108013841e-05
batch1,41,75,1051.0,long (>1000),8C(15%)-3.6C,4.394611558260587e-05,-0.02078798852121755,False,accepted,False,66,3.917127648476208e-07,66,3.917127648476208e-07
batch1,41,100,1051.0,long (>1000),8C(15%)-3.6C,8.48176100238975e-05,-0.02850629135902205,False,accepted,False,91,-9.669214843125774e-06,91,-9.669214843125774e-06
batch1,42,50,702.0,medium (500–1000),8C(25%)-3.6C,4.345014388460859e-05,-0.020290305383851903,False,accepted,False,41,8.229024390229145e-06,41,8.229024390229145e-06
batch1,42,75,702.0,medium (500–1000),8C(25%)-3.6C,0.00013131229286725824,-0.03458245250276737,False,accepted,False,66,2.895816720601434e-06,66,2.895816720601434e-06
batch1,42,100,702.0,medium (500–1000),8C(25%)-3.6C,0.00021584610431745794,-0.04470964572873015,False,accepted,False,91,-7.099162286985007e-06,91,-7.099162286985007e-06
batch1,43,50,651.0,medium (500–1000),8C(25%)-3.6C,4.092445859037386e-05,-0.02050670035700175,False,accepted,False,41,-2.092057491289655e-05,41,-2.092057491289655e-05
batch1,43,75,651.0,medium (500–1000),8C(25%)-3.6C,0.0001341731182029147,-0.035533964220226366,False,accepted,False,66,-2.485144139443127e-05,66,-2.485144139443127e-05
batch1,43,100,651.0,medium (500–1000),8C(25%)-3.6C,0.00021489233671107995,-0.044605890152637384,False,accepted,False,91,-3.225106864150365e-05,91,-3.225106864150365e-05
batch1,44,50,616.0,medium (500–1000),8C(35%)-3.6C,8.4065720718647e-05,-0.028674935571525895,False,accepted,False,41,-3.2525209059238573e-05,41,-3.2525209059238573e-05
batch1,44,75,616.0,medium (500–1000),8C(35%)-3.6C,0.00021311024439162542,-0.04446411515140558,False,accepted,False,66,-3.667004696794804e-05,66,-3.667004696794804e-05
batch1,44,100,616.0,medium (500–1000),8C(35%)-3.6C,0.0003795770928016619,-0.05879707165403769,False,accepted,False,91,-4.222089504697998e-05,91,-4.222089504697998e-05
batch1,45,50,599.0,medium (500–1000),8C(35%)-3.6C,8.393661403428226e-05,-0.02908466905781748,False,accepted,False,41,-4.549024390239669e-06,41,-4.549024390239669e-06
batch1,45,75,599.0,medium (500–1000),8C(35%)-3.6C,0.00021545511524263168,-0.04549653604914761,False,accepted,False,66,-1.240722471558781e-05,66,-1.240722471558781e-05
batch1,45,100,599.0,medium (500–1000),8C(35%)-3.6C,0.0003755845892835457,-0.059403509916114317,False,accepted,False,91,-2.2526972447838818e-05,91,-2.2526972447838818e-05
batch2,0,50,477.0,short (<500),5.2C(58%)-4C,6.174595831934787e-05,-0.026545942175840165,False,accepted,False,41,-3.148376306619904e-05,41,-3.148376306619904e-05
batch2,0,75,477.0,short (<500),5.2C(58%)-4C,0.0001638081287301098,-0.0400676663826689,False,accepted,False,66,-3.8093190689907694e-05,66,-3.8093190689907694e-05
batch2,0,100,477.0,short (<500),5.2C(58%)-4C,0.0003256380937000854,-0.055061277717081025,False,accepted,False,91,1.0050197483675751e-05,91,1.0050197483675751e-05
batch2,1,50,491.0,short (<500),5.6C(26%)-4.5C,0.00014287548662088965,-0.03688558455494839,False,accepted,False,41,1.85539372822248e-05,41,1.85539372822248e-05
batch2,1,75,491.0,short (<500),5.6C(26%)-4.5C,0.00024421634352360903,-0.047608219754584735,False,accepted,False,66,-0.00012407590439411254,66,-0.00012407590439411254
batch2,1,100,491.0,short (<500),5.6C(26%)-4.5C,0.0005034410615908589,-0.0661147205894651,False,accepted,False,91,-3.1866625258790506e-05,91,-3.1866625258790506e-05
batch2,2,50,424.0,short (<500),5.2C(50%)-4.25C,9.361083337132829e-05,-0.03353973018204409,False,accepted,False,41,-0.0003545325365853761,41,-0.0003545325365853761
batch2,2,75,424.0,short (<500),5.2C(50%)-4.25C,0.00012153476365118415,-0.032964279118330886,False,accepted,False,66,-8.011630351737126e-05,66,-8.011630351737126e-05
batch2,2,100,424.0,short (<500),5.2C(50%)-4.25C,0.00034653861464528006,-0.052717818544041395,False,accepted,False,91,-6.105121197639826e-06,91,-6.105121197639826e-06
batch2,3,50,499.0,short (<500),4.65C(44%)-5C,5.375560501017637e-05,-0.0281097950379747,False,accepted,False,41,8.539909407664772e-05,41,8.539909407664772e-05
batch2,3,75,499.0,short (<500),4.65C(44%)-5C,5.645740831259002e-05,-0.02204791899095504,False,accepted,False,66,0.0001229720947709023,66,0.0001229720947709023
batch2,3,100,499.0,short (<500),4.65C(44%)-5C,0.000318975262145792,-0.05586845261151374,False,accepted,False,91,7.46289679885362e-05,91,7.46289679885362e-05
batch2,4,50,444.0,short (<500),4.65C(69%)-6C,0.00011456548753026396,-0.03526711061007226,False,accepted,False,41,-0.00011928242160279876,41,-0.00011928242160279876
batch2,4,75,444.0,short (<500),4.65C(69%)-6C,0.00020414905586520066,-0.04399490019619656,False,accepted,False,66,-0.00010688807222628859,66,-0.00010688807222628859
batch2,4,100,444.0,short (<500),4.65C(69%)-6C,0.0005854545529657333,-0.07029720690084085,False,accepted,False,91,-6.578035355948732e-05,91,-6.578035355948732e-05
batch2,5,50,416.0,short (<500),3.6C(30%)-6C,0.000154755481405,-0.03967321686208236,False,accepted,False,41,-0.0005912396167247414,41,-0.0005912396167247414
batch2,5,75,416.0,short (<500),3.6C(30%)-6C,0.0003640654234935614,-0.0588164101418539,False,accepted,False,66,-0.0002754579062728342,66,-0.0002754579062728342
batch2,5,100,416.0,short (<500),3.6C(30%)-6C,0.0008205749892219913,-0.08615002847927744,False,accepted,False,91,-0.00018602243828634072,91,-0.00018602243828634072
batch2,6,50,393.0,short (<500),3.6C(9%)-5C,1.940583628581116e-05,-0.016609847421251128,False,accepted,False,41,7.332116724737774e-05,41,7.332116724737774e-05
batch2,6,75,393.0,short (<500),3.6C(9%)-5C,9.359360323255352e-05,-0.027056891186880927,False,accepted,False,66,0.00011659282955850214,66,0.00011659282955850214
batch2,6,100,393.0,short (<500),3.6C(9%)-5C,0.00029509395529212125,-0.04987247893740465,False,accepted,False,91,5.756180124223628e-05,91,5.756180124223628e-05
batch2,7,50,777.0,medium (500–1000),4.8C(80%)-4.8C-newstructure,3.0098099083822543e-05,-0.016835237925567736,False,accepted,False,41,-3.0224564459921087e-06,41,-3.0224564459921087e-06
batch2,7,75,777.0,medium (500–1000),4.8C(80%)-4.8C-newstructure,1.0258897451488647e-05,-0.0035428813420553817,False,accepted,False,66,2.5655025571440938e-05,66,2.5655025571440938e-05
batch2,7,100,777.0,medium (500–1000),4.8C(80%)-4.8C-newstructure,5.865835912266468e-05,-0.021737979924043582,False,accepted,False,91,5.744192705845211e-05,91,5.744192705845211e-05
batch2,8,50,904.0,medium (500–1000),5.2C(58%)-4C-newstructure,2.1173679944075306e-05,-0.01402533569466824,False,accepted,False,41,1.4327770034840555e-05,41,1.4327770034840555e-05
batch2,8,75,904.0,medium (500–1000),5.2C(58%)-4C-newstructure,2.6966589221048708e-05,-0.016429079147274983,False,accepted,False,66,-0.00014567322137563866,66,-0.00014567322137563866
batch2,8,100,904.0,medium (500–1000),5.2C(58%)-4C-newstructure,7.899098323286501e-05,-0.027841110945332148,False,accepted,False,91,-5.30790716674609e-05,91,-5.30790716674609e-05
batch2,9,50,791.0,medium (500–1000),5.6C(26%)-4.5C-newstructure,1.7319800377976692e-05,-0.009734826356690762,False,accepted,False,41,4.3947735191537196e-06,41,4.3947735191537196e-06
batch2,9,75,791.0,medium (500–1000),5.6C(26%)-4.5C-newstructure,2.6932978694882568e-05,-0.016064649468471637,False,accepted,False,66,-5.289733848241641e-05,66,-5.289733848241641e-05
batch2,9,100,791.0,medium (500–1000),5.6C(26%)-4.5C-newstructure,4.5245388051825846e-05,-0.019754152325308416,False,accepted,False,91,-3.945754419493187e-05,91,-3.945754419493187e-05
batch2,10,50,492.0,short (<500),4.8C(80%)-4.8C,5.460389066329413e-05,-0.02477201813900698,False,accepted,False,41,-0.00032742342857142745,41,-0.00032742342857142745
batch2,10,75,492.0,short (<500),4.8C(80%)-4.8C,0.00020804026469922927,-0.04739281221856359,False,accepted,False,66,-2.808833441185569e-05,66,-2.808833441185569e-05
batch2,10,100,492.0,short (<500),4.8C(80%)-4.8C,0.00035407876899738185,-0.05580244986198335,False,accepted,False,91,6.384393725116053e-05,91,6.384393725116053e-05
batch2,11,50,449.0,short (<500),5.2C(50%)-4.25C,1.2497278443541349e-05,-0.0073664043126424605,False,accepted,False,41,-0.00030605790940766624,41,-0.00030605790940766624
batch2,11,75,449.0,short (<500),5.2C(50%)-4.25C,0.00013450176796267916,-0.03404695308660133,False,accepted,False,66,6.015553282538774e-05,66,6.015553282538774e-05
batch2,11,100,449.0,short (<500),5.2C(50%)-4.25C,0.000327044446642087,-0.05489875594719695,False,accepted,False,91,0.00012643977384934718,91,0.00012643977384934718
batch2,12,50,466.0,short (<500),4.65C(44%)-5C,0.0002854449688719164,-0.05357923572448675,False,accepted,False,41,9.323832752614269e-06,41,9.323832752614269e-06
batch2,12,75,466.0,short (<500),4.65C(44%)-5C,0.0002851943037457404,-0.052055642449786554,False,accepted,False,66,-8.784387850957506e-06,66,-8.784387850957506e-06
batch2,12,100,466.0,short (<500),4.65C(44%)-5C,0.0006792531042316953,-0.07733124344865683,False,accepted,False,91,3.275929447364646e-05,91,3.275929447364646e-05
batch2,13,50,460.0,short (<500),4.65C(69%)-6C,0.0001263507448727948,-0.03762999492675065,False,accepted,False,41,-7.601933797908705e-05,41,-7.601933797908705e-05
batch2,13,75,460.0,short (<500),4.65C(69%)-6C,0.00021734384581910816,-0.045587555607114805,False,accepted,False,66,-4.571157499217498e-05,66,-4.571157499217498e-05
batch2,13,100,460.0,short (<500),4.65C(69%)-6C,0.00045243092034126796,-0.06467448840609535,False,accepted,False,91,-8.52741041567002e-06,91,-8.52741041567002e-06
batch2,14,50,426.0,short (<500),3.6C(30%)-6C,0.00017453904016579422,-0.0529268115587129,False,accepted,False,41,-0.00010696977351916589,41,-0.00010696977351916589
batch2,14,75,426.0,short (<500),3.6C(30%)-6C,0.00031500425818545443,-0.0544267062506002,False,accepted,False,66,-0.00015526319173363667,66,-0.00015526319173363667
batch2,14,100,426.0,short (<500),3.6C(30%)-6C,0.0007611671443129553,-0.0837144352028476,False,accepted,False,91,-0.0001001943749004632,91,-0.0001001943749004632
batch2,15,50,396.0,short (<500),3.6C(9%)-5C,4.050180282565246e-06,-0.005197195166601443,False,accepted,False,41,6.560564459929818e-05,41,6.560564459929818e-05
batch2,15,75,396.0,short (<500),3.6C(9%)-5C,0.00010032537089142242,-0.029148308403044276,False,accepted,False,66,0.00012458738336291526,66,0.00012458738336291526
batch2,15,100,396.0,short (<500),3.6C(9%)-5C,0.0003046127470747836,-0.05093467639415561,False,accepted,False,91,8.864344640866963e-05,91,8.864344640866963e-05
batch2,16,50,472.0,short (<500),4.8C(80%)-4.8C,5.470128072293787e-05,-0.025277412739706073,False,accepted,False,41,-1.6244529616722083e-05,41,-1.6244529616722083e-05
batch2,16,75,472.0,short (<500),4.8C(80%)-4.8C,0.00015574675394851067,-0.03797945790781443,False,accepted,False,66,-3.83508068051349e-05,66,-3.83508068051349e-05
batch2,16,100,472.0,short (<500),4.8C(80%)-4.8C,0.0003199771811309943,-0.0532543676756424,False,accepted,False,91,-2.2458525242871458e-05,91,-2.2458525242871458e-05
batch2,17,50,471.0,short (<500),5.6C(26%)-4.5C,7.854606928171962e-05,-0.026900725563686723,False,accepted,False,41,2.346878048779988e-05,41,2.346878048779988e-05
batch2,17,75,471.0,short (<500),5.6C(26%)-4.5C,8.924524124548911e-05,-0.02841674853315268,False,accepted,False,66,6.884604529798338e-05,66,6.884604529798338e-05
batch2,17,100,471.0,short (<500),5.6C(26%)-4.5C,0.0003159772910980138,-0.05256239657553352,False,accepted,False,91,3.920608058608689e-05,91,3.920608058608689e-05
batch2,18,50,449.0,short (<500),5.2C(50%)-4.25C,4.127681741081371e-05,-0.019107159592628542,False,accepted,False,41,9.414787456446389e-05,41,9.414787456446389e-05
batch2,18,75,449.0,short (<500),5.2C(50%)-4.25C,3.760458360401169e-05,-0.016248483842334904,False,accepted,False,66,0.00015321330132554738,66,0.00015321330132554738
batch2,18,100,449.0,short (<500),5.2C(50%)-4.25C,0.00019619921427892916,-0.03974566910430133,False,accepted,False,91,0.00010981586399107856,91,0.00010981586399107856
batch2,19,50,392.0,short (<500),6C(60%)-3C,0.00015420677364510858,-0.04221729658001053,False,accepted,False,41,4.804756097560728e-05,41,4.804756097560728e-05
batch2,19,75,392.0,short (<500),6C(60%)-3C,0.00021613184775059495,-0.044190840801301534,False,accepted,False,66,-1.551386285356284e-05,66,-1.551386285356284e-05
batch2,19,100,392.0,short (<500),6C(60%)-3C,0.0005105543672328962,-0.06565175087353758,False,accepted,False,91,1.2324980092367542e-05,91,1.2324980092367542e-05
batch2,20,50,489.0,short (<500),5.2C(58%)-4C,0.00012371100118463828,-0.04257510298990386,False,accepted,False,41,4.281203832750982e-05,41,4.281203832750982e-05
batch2,20,75,489.0,short (<500),5.2C(58%)-4C,0.0001170552033595858,-0.032075065791690505,False,accepted,False,66,-2.7720551090694507e-05,66,-2.7720551090694507e-05
batch2,20,100,489.0,short (<500),5.2C(58%)-4C,0.0003619883290668569,-0.06050408803806073,False,accepted,False,91,2.7545793916224386e-05,91,2.7545793916224386e-05
batch2,21,50,408.0,short (<500),6C(60%)-3C,4.100751988201316e-05,-0.019544682283409442,False,accepted,False,41,-0.0002648748153310113,41,-0.0002648748153310113
batch2,21,75,408.0,short (<500),6C(60%)-3C,0.00019256778050081447,-0.04155183263054507,False,accepted,False,66,-1.985694979647039e-05,66,-1.985694979647039e-05
batch2,21,100,408.0,short (<500),6C(60%)-3C,0.0004713254868518693,-0.06446758204398206,False,accepted,False,91,3.9052729096991255e-05,91,3.9052729096991255e-05
batch2,22,50,,unavailable life,VarCharge-2C-100cycles,1.0818721423694014e-05,-0.0017120866828499448,False,accepted,False,41,-0.000264328134146342,41,-0.000264328134146342
batch2,22,75,,unavailable life,VarCharge-2C-100cycles,1.7853699539556503e-05,-0.0009486156378044619,False,accepted,False,66,-2.3920040288068486e-05,66,-2.3920040288068486e-05
batch2,22,100,,unavailable life,VarCharge-2C-100cycles,2.2847111406387513e-05,-0.006779169322993939,False,accepted,False,91,0.0007476909772256729,90,-7.30563340788864e-06
batch2,23,50,,unavailable life,VarCharge-4C-100cycles,6.7433920376946e-06,-0.0061979106220536595,False,accepted,False,41,1.7456724738679684e-05,41,1.7456724738679684e-05
batch2,23,75,,unavailable life,VarCharge-4C-100cycles,2.8149008269799167e-05,-0.015022357655332219,False,accepted,False,66,-0.00026791151508193117,66,-0.00026791151508193117
batch2,23,100,,unavailable life,VarCharge-4C-100cycles,4.4029699642585154e-05,-0.01921756649136097,False,accepted,False,91,0.0006328918507724239,90,-0.00011735483921603266
batch2,24,50,514.0,medium (500–1000),4.8C(80%)-4.8C,6.576824409766134e-05,-0.026322738677221458,False,accepted,False,41,-1.68794250871108e-05,41,-1.68794250871108e-05
batch2,24,75,514.0,medium (500–1000),4.8C(80%)-4.8C,0.0001051651826772468,-0.032479561295172155,False,accepted,False,66,-1.4757985596496228e-05,66,-1.4757985596496228e-05
batch2,24,100,514.0,medium (500–1000),4.8C(80%)-4.8C,0.00022862026926774183,-0.04572997432532899,False,accepted,False,91,4.004748686096753e-05,91,4.004748686096753e-05
batch2,25,50,493.0,short (<500),5.2C(58%)-4C,0.00016976416543784087,-0.04791698877475639,False,accepted,False,41,3.26562020905889e-05,41,3.26562020905889e-05
batch2,25,75,493.0,short (<500),5.2C(58%)-4C,0.0001273978782664263,-0.03532439250550856,False,accepted,False,66,-2.0990088717255344e-05,66,-2.0990088717255344e-05
batch2,25,100,493.0,short (<500),5.2C(58%)-4C,0.0002920936192579677,-0.05050846489030969,False,accepted,False,91,3.655321070234296e-05,91,3.655321070234296e-05
batch2,26,50,450.0,short (<500),5.6C(26%)-4.5C,0.00013488415650102467,-0.03517758050818365,False,accepted,False,41,-2.3023013937285617e-05,41,-2.3023013937285617e-05
batch2,26,75,450.0,short (<500),5.6C(26%)-4.5C,0.0002476656578139166,-0.04834239737368984,False,accepted,False,66,-8.515203423441869e-05,66,-8.515203423441869e-05
batch2,26,100,450.0,short (<500),5.6C(26%)-4.5C,0.0005997170447101127,-0.0733087791289827,False,accepted,False,91,-8.591318681323915e-06,91,-8.591318681323915e-06
batch2,27,50,474.0,short (<500),5.2C(50%)-4.25C,0.00010796919568325794,-0.03743709647050139,False,accepted,False,41,5.192768292682316e-05,41,5.192768292682316e-05
batch2,27,75,474.0,short (<500),5.2C(50%)-4.25C,0.00011221998400953744,-0.03280957708165144,False,accepted,False,66,4.6541056257170106e-05,66,4.6541056257170106e-05
batch2,27,100,474.0,short (<500),5.2C(50%)-4.25C,0.0003264347368865592,-0.05449125756065937,False,accepted,False,91,8.367819397993538e-05,91,8.367819397993538e-05
batch2,28,50,437.0,short (<500),4.8C(80%)-4.8C,5.352039508771246e-05,-0.027404035142123057,False,accepted,False,41,3.466275261322804e-05,41,3.466275261322804e-05
batch2,28,75,437.0,short (<500),4.8C(80%)-4.8C,0.00014615583171532546,-0.03599841085898847,False,accepted,False,66,8.651977872877415e-06,66,8.651977872877415e-06
batch2,28,100,437.0,short (<500),4.8C(80%)-4.8C,0.00037721489290159214,-0.05649138678277321,False,accepted,False,91,5.108195572543323e-05,91,5.108195572543323e-05
batch2,29,50,452.0,short (<500),5.2C(58%)-4C,6.119100122362686e-05,-0.027286708528132753,False,accepted,False,41,8.271799651567648e-05,41,8.271799651567648e-05
batch2,29,75,452.0,short (<500),5.2C(58%)-4C,0.00012427556583951,-0.03506997164450598,False,accepted,False,66,8.31636092266003e-05,66,8.31636092266003e-05
batch2,29,100,452.0,short (<500),5.2C(58%)-4C,0.0003102785983552323,-0.05263352953614442,False,accepted,False,91,0.00011401295747730604,91,0.00011401295747730604
batch2,30,50,412.0,short (<500),5.6C(26%)-4.5C,0.0001507033129688418,-0.0365956838617747,False,accepted,False,41,-7.84169860627174e-05,41,-7.84169860627174e-05
batch2,30,75,412.0,short (<500),5.6C(26%)-4.5C,0.0002887234338476519,-0.051303437628385185,False,accepted,False,66,-0.00016565330967539555,66,-0.00016565330967539555
batch2,30,100,412.0,short (<500),5.6C(26%)-4.5C,0.0006525149114268708,-0.07552303651130998,False,accepted,False,91,-8.940455964325517e-05,91,-8.940455964325517e-05
batch2,31,50,425.0,short (<500),5.6C(26%)-4.5C,7.028973896108752e-05,-0.026022399517761086,False,accepted,False,41,-3.8094268292691874e-05,41,-3.8094268292691874e-05
batch2,31,75,425.0,short (<500),5.6C(26%)-4.5C,0.00011635161558676046,-0.03255394254533972,False,accepted,False,66,5.5631829662878434e-05,66,5.5631829662878434e-05
batch2,31,100,425.0,short (<500),5.6C(26%)-4.5C,0.00044426404704274566,-0.06422883358208353,False,accepted,False,91,4.7088318203547896e-05,91,4.7088318203547896e-05
batch2,32,50,809.0,medium (500–1000),4.8C(80%)-4.8C-newstructure,1.2911020058539457e-05,-0.011078139764869488,False,accepted,False,41,7.9325261323994e-06,41,7.9325261323994e-06
batch2,32,75,809.0,medium (500–1000),4.8C(80%)-4.8C-newstructure,6.54124572950669e-05,-0.025874254210486947,False,accepted,False,66,-8.083248095188952e-05,66,-8.083248095188952e-05
batch2,32,100,809.0,medium (500–1000),4.8C(80%)-4.8C-newstructure,7.388118368069333e-05,-0.02746120651303563,False,accepted,False,91,-7.674978818282664e-05,91,-7.674978818282664e-05
batch2,33,50,1140.0,long (>1000),5.2C(58%)-4C-newstructure,1.2269237181839995e-05,-0.010844855781790397,False,accepted,False,41,-2.5618013937282112e-05,41,-2.5618013937282112e-05
batch2,33,75,1140.0,long (>1000),5.2C(58%)-4C-newstructure,12469.423860255878,-84.28602008263019,True,accepted_review,False,66,-0.00022958581358939042,66,-0.00022958581358939042
batch2,33,100,1140.0,long (>1000),5.2C(58%)-4C-newstructure,5.866400117176798e-05,-0.024084742136216253,False,accepted,False,91,-0.00013961106864150057,91,-0.00013961106864150057
batch2,34,50,1186.0,long (>1000),5.6C(26%)-4.5C-newstructure,6.531928106548566e-06,-0.008072260673455678,False,accepted,False,41,-1.3969529616719808e-05,41,-1.3969529616719808e-05
batch2,34,75,1186.0,long (>1000),5.6C(26%)-4.5C-newstructure,2.8116496637248277e-05,-0.016873522288841425,False,accepted,False,66,-2.01483498590938e-05,66,-2.01483498590938e-05
batch2,34,100,1186.0,long (>1000),5.6C(26%)-4.5C-newstructure,3.5597117054099105e-05,-0.01914294964399932,False,accepted,False,91,-6.514612836439189e-05,91,-6.514612836439189e-05
batch2,35,50,,unavailable life,VarCharge-6C-100cycles,0.00022181268464953948,-0.04639105139496036,False,accepted,False,41,-0.0004559816550522686,41,-0.0004559816550522686
batch2,35,75,,unavailable life,VarCharge-6C-100cycles,0.00042778467776952373,-0.06470291463809574,False,accepted,False,66,-0.0005978904189541729,66,-0.0005978904189541729
batch2,35,100,,unavailable life,VarCharge-6C-100cycles,0.000604075245598287,-0.07570840765806064,False,accepted,False,91,0.0003064950651377601,90,-0.00041917475346873296
batch2,36,50,,unavailable life,VarCharge-8C-100cycles,0.0008272874415321189,-0.08781402104912195,False,accepted,False,41,-0.0008309898432055761,41,-0.0008309898432055761
batch2,36,75,,unavailable life,VarCharge-8C-100cycles,0.0014382494472095113,-0.11421008389132481,False,accepted,False,66,-0.0009821947097380154,66,-0.0009821947097380154
batch2,36,100,,unavailable life,VarCharge-8C-100cycles,0.002065771068001692,-0.1360257368450053,False,accepted,False,91,-5.349455263576996e-05,90,-0.0007664653788290048
batch2,37,50,,unavailable life,3.6C(80%)-3.6C(SLOWCYCLE,8.856364942331957e-06,-0.012000189813381301,False,accepted,False,41,-0.00025953605749129573,41,-0.00025953605749129573
batch2,37,75,,unavailable life,3.6C(80%)-3.6C(SLOWCYCLE,8.16809459433854e-06,-0.008774488959187532,False,accepted,False,66,-2.5038956058858342e-05,66,-2.5038956058858342e-05
batch2,37,100,,unavailable life,3.6C(80%)-3.6C(SLOWCYCLE,1.695856550878882e-05,-0.028681743378075525,False,accepted,True,91,0.0007803050179964966,90,4.146124624436755e-06
batch2,38,50,,unavailable life,4.8C(80%)-4.8C(SLOWCYCLE,0.00013247102656253047,-0.03793496746187264,False,accepted,False,41,-5.8120714285716545e-05,41,-5.8120714285716545e-05
batch2,38,75,,unavailable life,4.8C(80%)-4.8C(SLOWCYCLE,0.00018518949550676015,-0.04190506578808073,False,accepted,False,66,-8.984600772361223e-05,66,-8.984600772361223e-05
batch2,38,100,,unavailable life,4.8C(80%)-4.8C(SLOWCYCLE,6.0904550971893996e-05,-0.03614952540357205,False,accepted,True,91,0.0007141847443860426,90,-6.0550901757420906e-05
batch2,39,50,,unavailable life,3.6C(9%)-5C(SLOWCYCLE,0.00010645986265416982,-0.030877815973903378,False,accepted,False,41,-2.2169041811853307e-05,41,-2.2169041811853307e-05
batch2,39,75,,unavailable life,3.6C(9%)-5C(SLOWCYCLE,0.00021048556954402688,-0.04428863343149847,False,accepted,False,66,-0.00010296542323348374,66,-0.00010296542323348374
batch2,39,100,,unavailable life,3.6C(9%)-5C(SLOWCYCLE,0.0004339268330283632,-0.06095179783518334,False,accepted,True,91,0.000680541896798857,90,-7.877142527883738e-05
batch2,40,50,,unavailable life,5.2C(58%)-4C(SLOWCYCLE,4.734375044869051e-05,-0.021994256233405007,False,accepted,False,41,-1.3470749128923914e-05,41,-1.3470749128923914e-05
batch2,40,75,,unavailable life,5.2C(58%)-4C(SLOWCYCLE,0.00014123161880429702,-0.03638821332856512,False,accepted,False,66,-4.7271616741465375e-05,66,-4.7271616741465375e-05
batch2,40,100,,unavailable life,5.2C(58%)-4C(SLOWCYCLE,0.0002514390480151275,-0.048163210220580344,False,accepted,True,91,0.0007476598901098912,90,-2.4266833765481506e-05
batch2,41,50,442.0,short (<500),5.6C(26%)-4.5C,9.10289745560234e-05,-0.028856855029816164,False,accepted,False,41,4.616783972124109e-05,41,4.616783972124109e-05
batch2,41,75,442.0,short (<500),5.6C(26%)-4.5C,0.00013018407372366114,-0.0333897869349592,False,accepted,False,66,-2.1424867967855047e-05,66,-2.1424867967855047e-05
batch2,41,100,442.0,short (<500),5.6C(26%)-4.5C,0.0006724100406155343,-0.08093104924483763,False,accepted,False,91,2.763353240961766e-05,91,2.763353240961766e-05
batch2,42,50,474.0,short (<500),5.2C(50%)-4.25C,0.00011480456234100303,-0.035072310747589985,False,accepted,False,41,9.482055749122202e-06,41,9.482055749122202e-06
batch2,42,75,474.0,short (<500),5.2C(50%)-4.25C,0.00016540921641508975,-0.03939618574764969,False,accepted,False,66,2.265381066694539e-05,66,2.265381066694539e-05
batch2,42,100,474.0,short (<500),5.2C(50%)-4.25C,0.0003291640157368037,-0.054167624970645756,False,accepted,False,91,8.673744545309738e-05,91,8.673744545309738e-05
batch2,43,50,1029.0,long (>1000),4.8C(80%)-4.8C-newstructure,1.7784871706324387e-05,-0.006051170015380247,False,accepted,False,41,-1.07000696864244e-05,41,-1.07000696864244e-05
batch2,43,75,1029.0,long (>1000),4.8C(80%)-4.8C-newstructure,5.565107652366427e-05,-0.012276732899200504,False,accepted,False,66,-8.8803997495035e-05,66,-8.8803997495035e-05
batch2,43,100,1029.0,long (>1000),4.8C(80%)-4.8C-newstructure,5.3483284647826735e-05,-0.019164842112240565,False,accepted,False,91,-8.207105590061978e-05,91,-8.207105590061978e-05
batch2,44,50,841.0,medium (500–1000),5.2C(58%)-4C-newstructure,6.481939288053796e-06,-0.008596494711887614,False,accepted,False,41,-2.5848432056457766e-07,41,-2.5848432056457766e-07
batch2,44,75,841.0,medium (500–1000),5.2C(58%)-4C-newstructure,8.413805427484483e-06,-0.009641432008243633,False,accepted,False,66,-2.949582715791406e-05,66,-2.949582715791406e-05
batch2,44,100,841.0,medium (500–1000),5.2C(58%)-4C-newstructure,4.3199281110227894e-05,-0.020302277620516618,False,accepted,False,91,-2.9368394648826308e-05,91,-2.9368394648826308e-05
batch2,45,50,997.0,medium (500–1000),5.6C(26%)-4.5C-newstructure,1.6175346274538838e-05,-0.012848731880784614,False,accepted,False,41,-2.1073205574912636e-05,41,-2.1073205574912636e-05
batch2,45,75,997.0,medium (500–1000),5.6C(26%)-4.5C-newstructure,3.38672777213455e-05,-0.018816516611705913,False,accepted,False,66,-0.00014032436697630752,66,-0.00014032436697630752
batch2,45,100,997.0,medium (500–1000),5.6C(26%)-4.5C-newstructure,6.680132101075869e-05,-0.026670418787086536,False,accepted,False,91,-8.36388612836361e-05,91,-8.36388612836361e-05
batch2,46,50,503.0,medium (500–1000),4.8C(80%)-4.8C,1.9259325009103756e-05,-0.010720319205771212,False,accepted,False,41,1.7952665505222738e-05,41,1.7952665505222738e-05
batch2,46,75,503.0,medium (500–1000),4.8C(80%)-4.8C,0.00015781873986147064,-0.0388174915235171,False,accepted,False,66,2.434516230042416e-06,66,2.434516230042416e-06
batch2,46,100,503.0,medium (500–1000),4.8C(80%)-4.8C,0.00030983099889204734,-0.05286240500828243,False,accepted,False,91,1.981349259437136e-05,91,1.981349259437136e-05
batch3,0,50,1009.0,long (>1000),5C(67%)-4C-newstructure,9.892590507216798e-06,-0.00816592643753844,False,accepted,False,41,8.494686411147313e-06,41,8.494686411147313e-06
batch3,0,75,1009.0,long (>1000),5C(67%)-4C-newstructure,2.8954136945112125e-05,-0.016901112322286638,False,accepted,False,66,-8.569760985281746e-06,66,-8.569760985281746e-06
batch3,0,100,1009.0,long (>1000),5C(67%)-4C-newstructure,5.687024898905241e-05,-0.02331165742747432,False,accepted,False,91,-1.5158867654082956e-05,91,-1.5158867654082956e-05
batch3,1,50,1063.0,long (>1000),5.3C(54%)-4C-newstructure,8.968865948093972e-06,-0.007571709327566567,False,accepted,False,41,-4.411149825796136e-06,41,-4.411149825796136e-06
batch3,1,75,1063.0,long (>1000),5.3C(54%)-4C-newstructure,2.8527600775001168e-05,-0.01616714966127686,False,accepted,False,66,-1.9042198100405866e-05,66,-1.9042198100405866e-05
batch3,1,100,1063.0,long (>1000),5.3C(54%)-4C-newstructure,5.181521321780508e-05,-0.022324177554068236,False,accepted,False,91,-2.3035981844234756e-05,91,-2.3035981844234756e-05
batch3,2,50,1267.0,long (>1000),5.6C(19%)-4.6C-newstructure,7.882174349178273e-06,-0.005283776720500177,False,accepted,False,41,-1.1481689895462167e-05,41,-1.1481689895462167e-05
batch3,2,75,1267.0,long (>1000),5.6C(19%)-4.6C-newstructure,7.446536567543724e-06,-0.01455699294757179,False,accepted,False,66,-2.3795063145800107e-05,66,-2.3795063145800107e-05
batch3,2,100,1267.0,long (>1000),5.6C(19%)-4.6C-newstructure,1.6619555727408117e-05,-0.008648038341613706,False,accepted,False,91,-2.7150113075325063e-05,91,-2.7150113075325063e-05
batch3,3,50,1115.0,long (>1000),5.6C(36%)-4.3C-newstructure,1.401870725079853e-05,-0.011210595116539546,False,accepted,False,41,1.8793031358859992e-06,41,1.8793031358859992e-06
batch3,3,75,1115.0,long (>1000),5.6C(36%)-4.3C-newstructure,4.65911771146754e-05,-0.020868989657905734,False,accepted,False,66,-1.4286940820374916e-05,66,-1.4286940820374916e-05
batch3,3,100,1115.0,long (>1000),5.6C(36%)-4.3C-newstructure,7.645259474220121e-05,-0.026836614735112785,False,accepted,False,91,-1.969855709507913e-05,91,-1.969855709507913e-05
batch3,4,50,1048.0,long (>1000),5.6C(19%)-4.6C-newstructure,7.498915493294834e-06,-0.0074520147620080746,False,accepted,False,41,1.1045766550520206e-05,41,1.1045766550520206e-05
batch3,4,75,1048.0,long (>1000),5.6C(19%)-4.6C-newstructure,2.8283684350962096e-05,-0.01610823494914526,False,accepted,False,66,-6.937789374797557e-06,66,-6.937789374797557e-06
batch3,4,100,1048.0,long (>1000),5.6C(19%)-4.6C-newstructure,6.630317519564988e-05,-0.024810275761238065,False,accepted,False,91,-1.1781070234118693e-05,91,-1.1781070234118693e-05
batch3,5,50,828.0,medium (500–1000),5.6C(36%)-4.3C-newstructure,1.1631305816015631e-05,-0.008758361452927299,False,accepted,False,41,-5.13423344947451e-06,41,-5.13423344947451e-06
batch3,5,75,828.0,medium (500–1000),5.6C(36%)-4.3C-newstructure,3.782424236490152e-05,-0.017887313340181676,False,accepted,False,66,-1.6298294541275656e-05,66,-1.6298294541275656e-05
batch3,5,100,828.0,medium (500–1000),5.6C(36%)-4.3C-newstructure,7.683799523990656e-05,-0.025445098246365427,False,accepted,False,91,-2.237926580665397e-05,91,-2.237926580665397e-05
batch3,6,50,667.0,medium (500–1000),3.7C(31%)-5.9C-newstructure,5.687083906666739e-05,-0.023111983877736053,False,accepted,False,41,-0.00021051646341462338,41,-0.00021051646341462338
batch3,6,75,667.0,medium (500–1000),3.7C(31%)-5.9C-newstructure,0.00016141440136605115,-0.039494797182292096,False,accepted,False,66,-0.0002039103913996409,66,-0.0002039103913996409
batch3,6,100,667.0,medium (500–1000),3.7C(31%)-5.9C-newstructure,0.00029805183986089944,-0.05320164659124538,False,accepted,False,91,-0.0002030154196528045,91,-0.0002030154196528045
batch3,7,50,1836.0,long (>1000),4.8C(80%)-4.8C-newstructure,7.588032770523637e-06,-0.004673189130589672,False,accepted,False,41,-2.6374738675972704e-06,41,-2.6374738675972704e-06
batch3,7,75,1836.0,long (>1000),4.8C(80%)-4.8C-newstructure,1.79222512976536e-05,-0.01238997900597738,False,accepted,False,66,-5.723043523644128e-06,66,-5.723043523644128e-06
batch3,7,100,1836.0,long (>1000),4.8C(80%)-4.8C-newstructure,3.2453221357996856e-05,-0.017059021835070354,False,accepted,False,91,-1.0694795349574862e-05,91,-1.0694795349574862e-05
batch3,8,50,828.0,medium (500–1000),5C(67%)-4C-newstructure,9.659500801761643e-06,-0.008984161235592869,False,accepted,False,41,1.0686550522649635e-05,41,1.0686550522649635e-05
batch3,8,75,828.0,medium (500–1000),5C(67%)-4C-newstructure,3.6064431576982965e-05,-0.017801135339897023,False,accepted,False,66,-4.046016073473654e-06,66,-4.046016073473654e-06
batch3,8,100,828.0,medium (500–1000),5C(67%)-4C-newstructure,8.094615840627263e-05,-0.026848970612832312,False,accepted,False,91,-1.3573261665868152e-05,91,-1.3573261665868152e-05
batch3,9,50,1039.0,long (>1000),5.3C(54%)-4C-newstructure,1.2425653705001624e-05,-0.010747870081668331,False,accepted,False,41,3.650313588844646e-06,41,3.650313588844646e-06
batch3,9,75,1039.0,long (>1000),5.3C(54%)-4C-newstructure,5.3282656326605866e-05,-0.02112931398810125,False,accepted,False,66,-4.135167519049326e-06,66,-4.135167519049326e-06
batch3,9,100,1039.0,long (>1000),5.3C(54%)-4C-newstructure,0.00010416049784765705,-0.0295752747869662,False,accepted,False,91,-8.854330307374407e-06,91,-8.854330307374407e-06
batch3,10,50,1078.0,long (>1000),4.8C(80%)-4.8C-newstructure,6.520567204322672e-06,-0.005400254163528073,False,accepted,False,41,1.1989111498257897e-05,41,1.1989111498257897e-05
batch3,10,75,1078.0,long (>1000),4.8C(80%)-4.8C-newstructure,2.0654128822386432e-05,-0.013806782393939843,False,accepted,False,66,-2.753735518216661e-06,66,-2.753735518216661e-06
batch3,10,100,1078.0,long (>1000),4.8C(80%)-4.8C-newstructure,3.8783238947594476e-05,-0.019093025885229542,False,accepted,False,91,-1.0829767478889913e-05,91,-1.0829767478889913e-05
batch3,11,50,817.0,medium (500–1000),5.6C(19%)-4.6C-newstructure,1.4827048686967276e-05,-0.011772824059256726,False,accepted,False,41,-1.0673048780498283e-05,41,-1.0673048780498283e-05
batch3,11,75,817.0,medium (500–1000),5.6C(19%)-4.6C-newstructure,6.593054862394045e-05,-0.024424165484300264,False,accepted,False,66,-1.820684270952452e-05,66,-1.820684270952452e-05
batch3,11,100,817.0,medium (500–1000),5.6C(19%)-4.6C-newstructure,0.00013034033579521087,-0.034087374997818,False,accepted,False,91,-2.6095773212293817e-05,91,-2.6095773212293817e-05
batch3,12,50,932.0,medium (500–1000),5.6C(36%)-4.3C-newstructure,1.4580469811745088e-05,-0.011703867888365749,False,accepted,False,41,-4.300871080169621e-07,41,-4.300871080169621e-07
batch3,12,75,932.0,medium (500–1000),5.6C(36%)-4.3C-newstructure,5.979286575046296e-05,-0.02331152583305407,False,accepted,False,66,-9.507763281496498e-06,66,-9.507763281496498e-06
batch3,12,100,932.0,medium (500–1000),5.6C(36%)-4.3C-newstructure,0.00011303424118898805,-0.03173492178819726,False,accepted,False,91,-1.403298136645261e-05,91,-1.403298136645261e-05
batch3,13,50,816.0,medium (500–1000),5.6C(19%)-4.6C-newstructure,1.0128662970924788e-05,-0.008797378592756977,False,accepted,False,41,-6.319337979074708e-07,41,-6.319337979074708e-07
batch3,13,75,816.0,medium (500–1000),5.6C(19%)-4.6C-newstructure,4.24899257396632e-05,-0.020210652039818533,False,accepted,False,66,-1.45841916292684e-05,66,-1.45841916292684e-05
batch3,13,100,816.0,medium (500–1000),5.6C(19%)-4.6C-newstructure,8.045138308284514e-05,-0.027646083960900736,False,accepted,False,91,-2.3632121356909914e-05,91,-2.3632121356909914e-05
batch3,14,50,858.0,medium (500–1000),5.6C(36%)-4.3C-newstructure,9.508584378632325e-06,-0.008676784915883085,False,accepted,False,41,2.0880069686405934e-05,41,2.0880069686405934e-05
batch3,14,75,858.0,medium (500–1000),5.6C(36%)-4.3C-newstructure,5.063381980906374e-05,-0.020858076408910464,False,accepted,False,66,3.712278467791911e-06,66,3.712278467791911e-06
batch3,14,100,858.0,medium (500–1000),5.6C(36%)-4.3C-newstructure,0.00010007654534836023,-0.029282360362737236,False,accepted,False,91,-7.178810320113945e-06,91,-7.178810320113945e-06
batch3,15,50,876.0,medium (500–1000),5.9C(15%)-4.6C-newstructure,1.1461924205421302e-05,-0.009193603696903252,False,accepted,False,41,-3.0264982578410763e-06,41,-3.0264982578410763e-06
batch3,15,75,876.0,medium (500–1000),5.9C(15%)-4.6C-newstructure,5.450292477363824e-05,-0.021917124488894046,False,accepted,False,66,-1.1317344744806035e-05,66,-1.1317344744806035e-05
batch3,15,100,876.0,medium (500–1000),5.9C(15%)-4.6C-newstructure,9.984253014088351e-05,-0.02948434500233621,False,accepted,False,91,-1.980556458034287e-05,91,-1.980556458034287e-05
batch3,16,50,1638.0,long (>1000),4.8C(80%)-4.8C-newstructure,6.722687493084227e-06,-0.00387481102724474,False,accepted,False,41,3.974355400692138e-06,41,3.974355400692138e-06
batch3,16,75,1638.0,long (>1000),4.8C(80%)-4.8C-newstructure,1.0299014990222096e-05,-0.0093161425414231,False,accepted,False,66,-9.745118463618573e-06,66,-9.745118463618573e-06
batch3,16,100,1638.0,long (>1000),4.8C(80%)-4.8C-newstructure,2.020628622431914e-05,-0.013451995639618852,False,accepted,False,91,-1.883284280936714e-05,91,-1.883284280936714e-05
batch3,17,50,1315.0,long (>1000),5.3C(54%)-4C-newstructure,6.956595960995273e-06,-0.008056205863369414,False,accepted,False,41,3.5967003484318096e-05,41,3.5967003484318096e-05
batch3,17,75,1315.0,long (>1000),5.3C(54%)-4C-newstructure,2.6625743212207197e-05,-0.016061214475097674,False,accepted,False,66,1.0349527189224638e-05,66,1.0349527189224638e-05
batch3,17,100,1315.0,long (>1000),5.3C(54%)-4C-newstructure,3.633180045384266e-05,-0.017882391550413823,False,accepted,False,91,-1.4394919573166945e-06,91,-1.4394919573166945e-06
batch3,18,50,1146.0,long (>1000),5.6C(19%)-4.6C-newstructure,8.262784621035215e-06,-0.008204336168526338,False,accepted,False,41,-2.3652770034842835e-05,41,-2.3652770034842835e-05
batch3,18,75,1146.0,long (>1000),5.6C(19%)-4.6C-newstructure,2.7198947892313025e-05,-0.01661252399221247,False,accepted,False,66,-3.1214889886231316e-05,66,-3.1214889886231316e-05
batch3,18,100,1146.0,long (>1000),5.6C(19%)-4.6C-newstructure,5.571190370898626e-05,-0.02345576998165999,False,accepted,False,91,-3.550209428252919e-05,91,-3.550209428252919e-05
batch3,19,50,1155.0,long (>1000),5.6C(36%)-4.3C-newstructure,9.655691378124415e-06,-0.009099859036889701,False,accepted,False,41,-2.5197996515690207e-05,41,-2.5197996515690207e-05
batch3,19,75,1155.0,long (>1000),5.6C(36%)-4.3C-newstructure,3.25580426696051e-05,-0.01794391731720102,False,accepted,False,66,-3.160719757853848e-05,66,-3.160719757853848e-05
batch3,19,100,1155.0,long (>1000),5.6C(36%)-4.3C-newstructure,6.730667325120848e-05,-0.025293657704202555,False,accepted,False,91,-3.5161089345438536e-05,91,-3.5161089345438536e-05
batch3,20,50,813.0,medium (500–1000),5C(67%)-4C-newstructure,1.022714367525313e-05,-0.009453873228356446,False,accepted,False,41,1.1635888501649918e-06,41,1.1635888501649918e-06
batch3,20,75,813.0,medium (500–1000),5C(67%)-4C-newstructure,3.2467519146253444e-05,-0.016360866421872178,False,accepted,False,66,-8.083492328570638e-06,66,-8.083492328570638e-06
batch3,20,100,813.0,medium (500–1000),5C(67%)-4C-newstructure,8.583320053473407e-05,-0.028071993572476917,False,accepted,False,91,-1.5147082337950086e-05,91,-1.5147082337950086e-05
batch3,21,50,772.0,medium (500–1000),3.7C(31%)-5.9C-newstructure,3.230536021879418e-05,-0.01742370845902319,False,accepted,False,41,-0.00016074228222996484,41,-0.00016074228222996484
batch3,21,75,772.0,medium (500–1000),3.7C(31%)-5.9C-newstructure,0.00010830652415015431,-0.032287004220634685,False,accepted,False,66,-0.0001637781233691743,66,-0.0001637781233691743
batch3,21,100,772.0,medium (500–1000),3.7C(31%)-5.9C-newstructure,0.00019754830798491912,-0.04327614857800555,False,accepted,False,91,-0.00016548362478102064,91,-0.00016548362478102064
batch3,22,50,1002.0,long (>1000),5.9C(60%)-3.1C-newstructure,1.458324152328789e-05,-0.011099949956565824,False,accepted,False,41,-1.0349372822301599e-05,41,-1.0349372822301599e-05
batch3,22,75,1002.0,long (>1000),5.9C(60%)-3.1C-newstructure,5.062259709465399e-05,-0.021310070553196003,False,accepted,False,66,-1.908138816407555e-05,66,-1.908138816407555e-05
batch3,22,100,1002.0,long (>1000),5.9C(60%)-3.1C-newstructure,8.977958692912617e-05,-0.028409329718630083,False,accepted,False,91,-2.3564351011294978e-05,91,-2.3564351011294978e-05
batch3,23,50,,unavailable life,4.8C(80%)-4.8C-newstructure,1.0121616305201253e-05,-0.004432327787228907,False,accepted,False,41,-3.4067944250862654e-06,41,-3.4067944250862654e-06
batch3,23,75,,unavailable life,4.8C(80%)-4.8C-newstructure,1.245059058312687e-05,-0.010044430618250222,False,accepted,False,66,-1.2763621751384848e-05,66,-1.2763621751384848e-05
batch3,23,100,,unavailable life,4.8C(80%)-4.8C-newstructure,2.8589729471192788e-05,-0.01560831972082899,False,accepted,False,91,-1.0243317407231193e-05,91,-1.0243317407231193e-05
batch3,24,50,825.0,medium (500–1000),5C(67%)-4C-newstructure,9.194185079079047e-06,-0.008532910214191891,False,accepted,False,41,2.5032473867593826e-05,41,2.5032473867593826e-05
batch3,24,75,825.0,medium (500–1000),5C(67%)-4C-newstructure,3.45243485453104e-05,-0.017394493712379333,False,accepted,False,66,1.0460396618307153e-05,66,1.0460396618307153e-05
batch3,24,100,825.0,medium (500–1000),5C(67%)-4C-newstructure,6.994312062017459e-05,-0.0247723986145858,False,accepted,False,91,-2.15247650899136e-07,91,-2.15247650899136e-07
batch3,25,50,989.0,medium (500–1000),5.3C(54%)-4C-newstructure,9.754558058376879e-06,-0.009314863663110406,False,accepted,False,41,2.2747247386757934e-05,41,2.2747247386757934e-05
batch3,25,75,989.0,medium (500–1000),5.3C(54%)-4C-newstructure,3.896987685720442e-05,-0.019548535846330317,False,accepted,False,66,6.619273562261096e-06,66,6.619273562261096e-06
batch3,25,100,989.0,medium (500–1000),5.3C(54%)-4C-newstructure,7.135743905511085e-05,-0.026576249209760316,False,accepted,False,91,-2.9054260232480894e-06,91,-2.9054260232480894e-06
batch3,26,50,1028.0,long (>1000),5.6C(19%)-4.6C-newstructure,7.855060572488435e-06,-0.007097270564744851,False,accepted,False,41,9.046533101039163e-06,41,9.046533101039163e-06
batch3,26,75,1028.0,long (>1000),5.6C(19%)-4.6C-newstructure,2.1909612001453597e-05,-0.014409966800872032,False,accepted,False,66,-2.499162926618172e-06,66,-2.499162926618172e-06
batch3,26,100,1028.0,long (>1000),5.6C(19%)-4.6C-newstructure,6.032434097872005e-05,-0.02417913926788795,False,accepted,False,91,-9.675868768901348e-06,91,-9.675868768901348e-06
batch3,27,50,850.0,medium (500–1000),5.6C(36%)-4.3C-newstructure,1.0194937918961432e-05,-0.008831658467490566,False,accepted,False,41,9.760365853650946e-06,41,9.760365853650946e-06
batch3,27,75,850.0,medium (500–1000),5.6C(36%)-4.3C-newstructure,3.527598555606017e-05,-0.018518175774858925,False,accepted,False,66,-3.923268969835671e-06,66,-3.923268969835671e-06
batch3,27,100,850.0,medium (500–1000),5.6C(36%)-4.3C-newstructure,7.410844302086189e-05,-0.026600290807078597,False,accepted,False,91,-1.3569039655995085e-05,91,-1.3569039655995085e-05
batch3,28,50,541.0,medium (500–1000),3.7C(31%)-5.9C-newstructure,5.167328460044418e-05,-0.02285947574893521,False,accepted,False,41,-0.00018635642857142993,41,-0.00018635642857142993
batch3,28,75,541.0,medium (500–1000),3.7C(31%)-5.9C-newstructure,0.00017134745186758913,-0.041283361936876206,False,accepted,False,66,-0.0001945702014403465,66,-0.0001945702014403465
batch3,28,100,541.0,medium (500–1000),3.7C(31%)-5.9C-newstructure,0.00035346149253269254,-0.05783112055064066,False,accepted,False,91,-0.00020474461697721804,91,-0.00020474461697721804
batch3,29,50,858.0,medium (500–1000),5.9C(15%)-4.6C-newstructure,1.1062735313026017e-05,-0.008576447000971377,False,accepted,False,41,2.414374564459282e-05,41,2.414374564459282e-05
batch3,29,75,858.0,medium (500–1000),5.9C(15%)-4.6C-newstructure,4.0684724645400894e-05,-0.02038211876812135,False,accepted,False,66,5.0963281494615704e-06,66,5.0963281494615704e-06
batch3,29,100,858.0,medium (500–1000),5.9C(15%)-4.6C-newstructure,8.638212824469724e-05,-0.028921475161164945,False,accepted,False,91,-8.117663640705664e-06,91,-8.117663640705664e-06
batch3,30,50,935.0,medium (500–1000),5.3C(54%)-4C-newstructure,1.0759627432482483e-05,-0.00929448571889735,False,accepted,False,41,4.407752613241398e-06,41,4.407752613241398e-06
batch3,30,75,935.0,medium (500–1000),5.3C(54%)-4C-newstructure,2.3989290049281668e-05,-0.014875005312867895,False,accepted,False,66,-5.740534390981328e-06,66,-5.740534390981328e-06
batch3,30,100,935.0,medium (500–1000),5.3C(54%)-4C-newstructure,7.939158148811134e-05,-0.026737169755743473,False,accepted,False,91,-1.2096585443535233e-05,91,-1.2096585443535233e-05
batch3,31,50,731.0,medium (500–1000),5.9C(60%)-3.1C-newstructure,1.8134286377482295e-05,-0.01291207412083517,False,accepted,False,41,5.495296167241889e-06,41,5.495296167241889e-06
batch3,31,75,731.0,medium (500–1000),5.9C(60%)-3.1C-newstructure,7.416773913011621e-05,-0.02600095262536717,False,accepted,False,66,-1.1319190063664835e-05,66,-1.1319190063664835e-05
batch3,31,100,731.0,medium (500–1000),5.9C(60%)-3.1C-newstructure,0.00014467616046037193,-0.035619409739265695,False,accepted,False,91,-1.799799808886109e-05,91,-1.799799808886109e-05
batch3,32,50,,unavailable life,4.8C(80%)-4.8C-newstructure,1.3302286504917105e-05,-0.003165715009733061,False,accepted,False,41,-4.737717770040631e-06,41,-4.737717770040631e-06
batch3,32,75,,unavailable life,4.8C(80%)-4.8C-newstructure,1.4227792867965411e-05,-0.007395611437695182,False,accepted,False,66,-8.917503392122245e-06,66,-8.917503392122245e-06
batch3,32,100,,unavailable life,4.8C(80%)-4.8C-newstructure,2.1215204766387927e-05,-0.01012140041626175,False,accepted,False,91,-1.5948668577794883e-05,91,-1.5948668577794883e-05
batch3,33,50,1284.0,long (>1000),5C(67%)-4C-newstructure,6.1117328322356e-06,-0.007337422243321345,False,accepted,False,41,-1.8401393728282767e-06,41,-1.8401393728282767e-06
batch3,33,75,1284.0,long (>1000),5C(67%)-4C-newstructure,2.1761678354320694e-05,-0.01472008444566697,False,accepted,False,66,-1.209768082663545e-05,66,-1.209768082663545e-05
batch3,33,100,1284.0,long (>1000),5C(67%)-4C-newstructure,4.0188487978171294e-05,-0.019885925647910252,False,accepted,False,91,-1.9696050326486636e-05,91,-1.9696050326486636e-05
batch3,34,50,1158.0,long (>1000),5.3C(54%)-4C-newstructure,6.984405665056249e-06,-0.00761640663541252,False,accepted,False,41,-1.4086062717762263e-05,41,-1.4086062717762263e-05
batch3,34,75,1158.0,long (>1000),5.3C(54%)-4C-newstructure,2.5002173236431096e-05,-0.015518234445914714,False,accepted,False,66,-2.283516751904428e-05,66,-2.283516751904428e-05
batch3,34,100,1158.0,long (>1000),5.3C(54%)-4C-newstructure,4.946983882423062e-05,-0.02150989276991433,False,accepted,False,91,-2.89226739926711e-05,91,-2.89226739926711e-05
batch3,35,50,1093.0,long (>1000),5.6C(19%)-4.6C-newstructure,8.943336425623722e-06,-0.007795558422762694,False,accepted,False,41,-1.4342351916366078e-05,41,-1.4342351916366078e-05
batch3,35,75,1093.0,long (>1000),5.6C(19%)-4.6C-newstructure,3.155084660456773e-05,-0.016658792520992893,False,accepted,False,66,-2.2609863271060346e-05,66,-2.2609863271060346e-05
batch3,35,100,1093.0,long (>1000),5.6C(19%)-4.6C-newstructure,5.8229318902417414e-05,-0.02302807515263361,False,accepted,False,91,-2.5849850294632247e-05,91,-2.5849850294632247e-05
batch3,36,50,923.0,medium (500–1000),5.6C(36%)-4.3C-newstructure,6.745419815020187e-06,-0.007599376763060328,False,accepted,False,41,-1.787191637631098e-05,41,-1.787191637631098e-05
batch3,36,75,923.0,medium (500–1000),5.6C(36%)-4.3C-newstructure,2.878805032500998e-05,-0.016778362354350818,False,accepted,False,66,-2.5336292662557375e-05,66,-2.5336292662557375e-05
batch3,36,100,923.0,medium (500–1000),5.6C(36%)-4.3C-newstructure,5.5788165335225655e-05,-0.022981813517992444,False,accepted,False,91,-3.125922599139511e-05,91,-3.125922599139511e-05
batch3,37,50,1390.0,long (>1000),4.8C(80%)-4.8C-newstructure,1.1116187458411737e-05,-0.00046894148784615286,False,accepted,False,41,4.266125435538839e-05,41,4.266125435538839e-05
batch3,37,75,1390.0,long (>1000),4.8C(80%)-4.8C-newstructure,6.919465826626302e-06,-0.004818315577577836,False,accepted,False,66,7.4874480743164e-06,66,7.4874480743164e-06
batch3,37,100,1390.0,long (>1000),4.8C(80%)-4.8C-newstructure,7.96423654716803e-06,-0.008439822988718593,False,accepted,False,91,-1.1054983277591191e-05,91,-1.1054983277591191e-05
batch3,38,50,1935.0,long (>1000),5C(67%)-4C-newstructure,1.115120447734675e-05,-0.007217077855540932,False,accepted,False,41,-5.7669686411127325e-06,41,-5.7669686411127325e-06
batch3,38,75,1935.0,long (>1000),5C(67%)-4C-newstructure,2.413778778563631e-05,-0.014933942699699276,False,accepted,False,66,-1.1195223880595808e-05,66,-1.1195223880595808e-05
batch3,38,100,1935.0,long (>1000),5C(67%)-4C-newstructure,4.5493249228224246e-05,-0.020147005721674938,False,accepted,False,91,-1.464993948081487e-05,91,-1.464993948081487e-05
batch3,39,50,1156.0,long (>1000),5.3C(54%)-4C-newstructure,7.215681402645677e-06,-0.0058015565011829695,False,accepted,False,41,7.0420209059199655e-06,41,7.0420209059199655e-06
batch3,39,75,1156.0,long (>1000),5.3C(54%)-4C-newstructure,1.957174617414377e-05,-0.01274575393255295,False,accepted,False,66,-8.066963782491281e-06,66,-8.066963782491281e-06
batch3,39,100,1156.0,long (>1000),5.3C(54%)-4C-newstructure,3.510467231268054e-05,-0.017457917694832736,False,accepted,False,91,-1.8707799012583198e-05,91,-1.8707799012583198e-05
batch3,40,50,796.0,medium (500–1000),5.6C(19%)-4.6C-newstructure,6.468947588257938e-06,-0.007193980105986264,False,accepted,False,41,1.333675958169712e-06,41,1.333675958169712e-06
batch3,40,75,796.0,medium (500–1000),5.6C(19%)-4.6C-newstructure,2.1703695564627016e-05,-0.013883970724024364,False,accepted,False,66,-1.1794785512994363e-05,66,-1.1794785512994363e-05
batch3,40,100,796.0,medium (500–1000),5.6C(19%)-4.6C-newstructure,5.068643250322407e-05,-0.022053794482172262,False,accepted,False,91,-2.0118948877207218e-05,91,-2.0118948877207218e-05
batch3,41,50,786.0,medium (500–1000),5.6C(36%)-4.3C-newstructure,1.1378759062993969e-05,-0.009372913333324906,False,accepted,False,41,2.2548379790935522e-05,41,2.2548379790935522e-05
batch3,41,75,786.0,medium (500–1000),5.6C(36%)-4.3C-newstructure,3.571273126191735e-05,-0.018479631717898126,False,accepted,False,66,8.742924538145837e-06,66,8.742924538145837e-06
batch3,41,100,786.0,medium (500–1000),5.6C(36%)-4.3C-newstructure,6.03240691683163e-05,-0.024192993699098664,False,accepted,False,91,1.1853320593366783e-07,91,1.1853320593366783e-07
batch3,42,50,1642.0,long (>1000),4.8C(80%)-4.8C-newstructure,9.249745191228505e-06,-0.003391253168954389,False,accepted,False,41,1.5507421602798577e-05,41,1.5507421602798577e-05
batch3,42,75,1642.0,long (>1000),4.8C(80%)-4.8C-newstructure,1.1236692134661496e-05,-0.005197898006778723,False,accepted,False,66,1.3595699822598098e-06,66,1.3595699822598098e-06
batch3,42,100,1642.0,long (>1000),4.8C(80%)-4.8C-newstructure,4.5061465820542114e-05,-0.005609789046358671,False,accepted,False,91,-5.098993470293996e-06,91,-5.098993470293996e-06
batch3,43,50,1046.0,long (>1000),5C(67%)-4C-newstructure,1.3741591094360576e-05,-0.011402007629146227,False,accepted,False,41,5.736202090589429e-06,41,5.736202090589429e-06
batch3,43,75,1046.0,long (>1000),5C(67%)-4C-newstructure,5.3596338884114164e-05,-0.009552156796125866,False,accepted,False,66,8.202484083863571e-08,66,8.202484083863571e-08
batch3,43,100,1046.0,long (>1000),5C(67%)-4C-newstructure,4.822275074444368e-05,-0.01297639899175873,False,accepted,False,91,-4.090297818121304e-06,91,-4.090297818121304e-06
batch3,44,50,940.0,medium (500–1000),5.3C(54%)-4C-newstructure,9.427820966209793e-06,-0.00783103607197888,False,accepted,False,41,1.5038292682928641e-05,41,1.5038292682928641e-05
batch3,44,75,940.0,medium (500–1000),5.3C(54%)-4C-newstructure,3.437544699052771e-05,-0.01755815027447105,False,accepted,False,66,1.7847573322164153e-06,66,1.7847573322164153e-06
batch3,44,100,940.0,medium (500–1000),5.3C(54%)-4C-newstructure,7.387618796699746e-05,-0.02598513188750473,False,accepted,False,91,-6.09089345437082e-06,91,-6.09089345437082e-06
batch3,45,50,1801.0,long (>1000),4.8C(80%)-4.8C-newstructure,5.914800900840619e-06,-0.003964125692237475,False,accepted,False,41,1.168573170731774e-05,41,1.168573170731774e-05
batch3,45,75,1801.0,long (>1000),4.8C(80%)-4.8C-newstructure,1.4125313315280289e-05,-0.01076637069192321,False,accepted,False,66,7.574136311463394e-07,66,7.574136311463394e-07
batch3,45,100,1801.0,long (>1000),4.8C(80%)-4.8C-newstructure,3.014041303195534e-05,-0.016477960740300612,False,accepted,False,91,-5.629530179966145e-06,91,-5.629530179966145e-06
