batch,cell_id,mask_high_QD,median_window,min_span,cycle_life,n_fit,segment_start,segment_end,candidate_cycle,pre_slope,post_slope,relative_sse_improvement,fit_a,fit_b,fit_c,status
batch1,11,False,1,30,788.0,778,10.0,787.0,595.0,-6.425553552877263e-05,-0.0007282185329310955,0.9723777193274558,1.0670366341722994,-6.425553552877263e-05,-0.0006639629974023229,candidate_passed_heuristic
batch1,11,False,1,75,788.0,778,10.0,787.0,595.0,-6.425553552877263e-05,-0.0007282185329310955,0.9723777193274558,1.0670366341722994,-6.425553552877263e-05,-0.0006639629974023229,candidate_passed_heuristic
batch1,11,False,11,30,788.0,768,15.0,782.0,590.0,-6.310278333431935e-05,-0.0007036131876833824,0.9719288827216447,1.0666412685047775,-6.310278333431935e-05,-0.000640510404349063,candidate_passed_heuristic
batch1,11,False,11,75,788.0,768,15.0,782.0,590.0,-6.310278333431935e-05,-0.0007036131876833824,0.9719288827216447,1.0666412685047775,-6.310278333431935e-05,-0.000640510404349063,candidate_passed_heuristic
batch1,11,False,31,30,788.0,748,25.0,772.0,590.0,-6.47964878587764e-05,-0.0006926946969484552,0.9702091291845788,1.0665491112312557,-6.47964878587764e-05,-0.0006278982090896788,candidate_passed_heuristic
batch1,11,False,31,75,788.0,748,25.0,772.0,590.0,-6.47964878587764e-05,-0.0006926946969484552,0.9702091291845788,1.0665491112312557,-6.47964878587764e-05,-0.0006278982090896788,candidate_passed_heuristic
batch1,11,True,1,30,788.0,778,10.0,787.0,595.0,-6.425553552877263e-05,-0.0007282185329310955,0.9723777193274558,1.0670366341722994,-6.425553552877263e-05,-0.0006639629974023229,candidate_passed_heuristic
batch1,11,True,1,75,788.0,778,10.0,787.0,595.0,-6.425553552877263e-05,-0.0007282185329310955,0.9723777193274558,1.0670366341722994,-6.425553552877263e-05,-0.0006639629974023229,candidate_passed_heuristic
batch1,11,True,11,30,788.0,768,15.0,782.0,590.0,-6.310278333431935e-05,-0.0007036131876833824,0.9719288827216447,1.0666412685047775,-6.310278333431935e-05,-0.000640510404349063,candidate_passed_heuristic
batch1,11,True,11,75,788.0,768,15.0,782.0,590.0,-6.310278333431935e-05,-0.0007036131876833824,0.9719288827216447,1.0666412685047775,-6.310278333431935e-05,-0.000640510404349063,candidate_passed_heuristic
batch1,11,True,31,30,788.0,748,25.0,772.0,590.0,-6.47964878587764e-05,-0.0006926946969484552,0.9702091291845788,1.0665491112312557,-6.47964878587764e-05,-0.0006278982090896788,candidate_passed_heuristic
batch1,11,True,31,75,788.0,748,25.0,772.0,590.0,-6.47964878587764e-05,-0.0006926946969484552,0.9702091291845788,1.0665491112312557,-6.47964878587764e-05,-0.0006278982090896788,candidate_passed_heuristic
batch1,2,False,1,30,1177.0,1167,10.0,1176.0,440.0,-2.3166431410460976e-05,-4.459077878661524e-05,0.8258751196086356,1.0868547247119316,-2.3166431410460976e-05,-2.1424347376154267e-05,candidate_passed_heuristic
batch1,2,False,1,75,1177.0,1167,10.0,1176.0,440.0,-2.3166431410460976e-05,-4.459077878661524e-05,0.8258751196086356,1.0868547247119316,-2.3166431410460976e-05,-2.1424347376154267e-05,candidate_passed_heuristic
batch1,2,False,11,30,1177.0,1157,15.0,1171.0,445.0,-2.3505143895800372e-05,-4.463942052972131e-05,0.8482794029488863,1.0868131050974157,-2.3505143895800372e-05,-2.113427663392094e-05,candidate_passed_heuristic
batch1,2,False,11,75,1177.0,1157,15.0,1171.0,445.0,-2.3505143895800372e-05,-4.463942052972131e-05,0.8482794029488863,1.0868131050974157,-2.3505143895800372e-05,-2.113427663392094e-05,candidate_passed_heuristic
batch1,2,False,31,30,1177.0,1137,25.0,1161.0,445.0,-2.3863210531623844e-05,-4.451360511001693e-05,0.8509889748153959,1.086677158711909,-2.3863210531623844e-05,-2.065039457839309e-05,candidate_passed_heuristic
batch1,2,False,31,75,1177.0,1137,25.0,1161.0,445.0,-2.3863210531623844e-05,-4.451360511001693e-05,0.8509889748153959,1.086677158711909,-2.3863210531623844e-05,-2.065039457839309e-05,candidate_passed_heuristic
batch1,2,True,1,30,1177.0,1167,10.0,1176.0,440.0,-2.3166431410460976e-05,-4.459077878661524e-05,0.8258751196086356,1.0868547247119316,-2.3166431410460976e-05,-2.1424347376154267e-05,candidate_passed_heuristic
batch1,2,True,1,75,1177.0,1167,10.0,1176.0,440.0,-2.3166431410460976e-05,-4.459077878661524e-05,0.8258751196086356,1.0868547247119316,-2.3166431410460976e-05,-2.1424347376154267e-05,candidate_passed_heuristic
batch1,2,True,11,30,1177.0,1157,15.0,1171.0,445.0,-2.3505143895800372e-05,-4.463942052972131e-05,0.8482794029488863,1.0868131050974157,-2.3505143895800372e-05,-2.113427663392094e-05,candidate_passed_heuristic
batch1,2,True,11,75,1177.0,1157,15.0,1171.0,445.0,-2.3505143895800372e-05,-4.463942052972131e-05,0.8482794029488863,1.0868131050974157,-2.3505143895800372e-05,-2.113427663392094e-05,candidate_passed_heuristic
batch1,2,True,31,30,1177.0,1137,25.0,1161.0,445.0,-2.3863210531623844e-05,-4.451360511001693e-05,0.8509889748153959,1.086677158711909,-2.3863210531623844e-05,-2.065039457839309e-05,candidate_passed_heuristic
batch1,2,True,31,75,1177.0,1137,25.0,1161.0,445.0,-2.3863210531623844e-05,-4.451360511001693e-05,0.8509889748153959,1.086677158711909,-2.3863210531623844e-05,-2.065039457839309e-05,candidate_passed_heuristic
batch1,0,False,1,30,1190.0,1180,10.0,1189.0,40.0,-0.0012876794911647847,-4.237131841294708e-05,0.054950291639690674,1.115878481962979,-0.0012876794911647847,0.0012453081727518377,best_split_unconfirmed
batch1,0,False,1,75,1190.0,1180,10.0,1189.0,85.0,-0.0002506167305348728,-4.2375271163252375e-05,0.020680192853635204,1.0941274561602103,-0.0002506167305348728,0.0002082414593716204,best_split_unconfirmed
batch1,0,False,11,30,1190.0,1170,15.0,1184.0,290.0,-3.202888938896555e-05,-4.476257635678266e-05,0.09770116698231313,1.0778853919818494,-3.202888938896555e-05,-1.2733686967817114e-05,best_split_unconfirmed
batch1,0,False,11,75,1190.0,1170,15.0,1184.0,290.0,-3.202888938896555e-05,-4.476257635678266e-05,0.09770116698231313,1.0778853919818494,-3.202888938896555e-05,-1.2733686967817114e-05,best_split_unconfirmed
batch1,0,False,31,30,1190.0,1150,25.0,1174.0,280.0,-3.0940915983769796e-05,-4.492561317565586e-05,0.18074170354750607,1.0776879035214333,-3.0940915983769796e-05,-1.3984697191886061e-05,best_split_unconfirmed
batch1,0,False,31,75,1190.0,1150,25.0,1174.0,280.0,-3.0940915983769796e-05,-4.492561317565586e-05,0.18074170354750607,1.0776879035214333,-3.0940915983769796e-05,-1.3984697191886061e-05,best_split_unconfirmed
batch1,0,True,1,30,1190.0,1177,13.0,1189.0,748.0,-4.684893748164608e-05,-3.43282924802475e-05,0.03087733845452212,1.0800953546933458,-4.684893748164608e-05,1.2520645001398583e-05,best_split_unconfirmed
batch1,0,True,1,75,1190.0,1177,13.0,1189.0,748.0,-4.684893748164608e-05,-3.43282924802475e-05,0.03087733845452212,1.0800953546933458,-4.684893748164608e-05,1.2520645001398583e-05,best_split_unconfirmed
batch1,0,True,11,30,1190.0,1167,18.0,1184.0,293.0,-3.250772702436902e-05,-4.475843569787118e-05,0.09116902638064106,1.0778803219219837,-3.250772702436902e-05,-1.2250708673502164e-05,best_split_unconfirmed
batch1,0,True,11,75,1190.0,1167,18.0,1184.0,293.0,-3.250772702436902e-05,-4.475843569787118e-05,0.09116902638064106,1.0778803219219837,-3.250772702436902e-05,-1.2250708673502164e-05,best_split_unconfirmed
batch1,0,True,31,30,1190.0,1147,28.0,1174.0,283.0,-3.131664138140396e-05,-4.4931243570829203e-05,0.17283192886996213,1.077652289396154,-3.131664138140396e-05,-1.3614602189425246e-05,best_split_unconfirmed
batch1,0,True,31,75,1190.0,1147,28.0,1174.0,283.0,-3.131664138140396e-05,-4.4931243570829203e-05,0.17283192886996213,1.077652289396154,-3.131664138140396e-05,-1.3614602189425246e-05,best_split_unconfirmed
batch1,18,False,1,30,691.0,681,10.0,690.0,575.0,-0.00015662170130811677,-0.001007902175466631,0.06116579312132786,1.0873534710183834,-0.00015662170130811677,-0.0008512804741585143,best_split_unconfirmed
batch1,18,False,1,75,691.0,681,10.0,690.0,575.0,-0.00015662170130811677,-0.001007902175466631,0.06116579312132786,1.0873534710183834,-0.00015662170130811677,-0.0008512804741585143,best_split_unconfirmed
batch1,18,False,11,30,691.0,671,15.0,685.0,565.0,-0.00012501879650639284,-0.000969533755486757,0.9757600549775969,1.0748419830475229,-0.00012501879650639284,-0.0008445149589803642,candidate_passed_heuristic
batch1,18,False,11,75,691.0,671,15.0,685.0,565.0,-0.00012501879650639284,-0.000969533755486757,0.9757600549775969,1.0748419830475229,-0.00012501879650639284,-0.0008445149589803642,candidate_passed_heuristic
batch1,18,False,31,30,691.0,651,25.0,675.0,560.0,-0.00012421264394524176,-0.0009120927534732087,0.9712384085818316,1.0735938111878132,-0.00012421264394524176,-0.000787880109527967,candidate_passed_heuristic
batch1,18,False,31,75,691.0,651,25.0,675.0,560.0,-0.00012421264394524176,-0.0009120927534732087,0.9712384085818316,1.0735938111878132,-0.00012421264394524176,-0.000787880109527967,candidate_passed_heuristic
batch1,18,True,1,30,691.0,650,41.0,690.0,566.0,-0.0001270669122899497,-0.000979734754637998,0.9779389856415184,1.072272391896854,-0.0001270669122899497,-0.0008526678423480483,candidate_passed_heuristic
batch1,18,True,1,75,691.0,650,41.0,690.0,566.0,-0.0001270669122899497,-0.000979734754637998,0.9779389856415184,1.072272391896854,-0.0001270669122899497,-0.0008526678423480483,candidate_passed_heuristic
batch1,18,True,11,30,691.0,640,46.0,685.0,566.0,-0.0001275944351738178,-0.0009738258379509402,0.9763727679641278,1.0718042885471424,-0.0001275944351738178,-0.0008462314027771223,candidate_passed_heuristic
batch1,18,True,11,75,691.0,640,46.0,685.0,566.0,-0.0001275944351738178,-0.0009738258379509402,0.9763727679641278,1.0718042885471424,-0.0001275944351738178,-0.0008462314027771223,candidate_passed_heuristic
batch1,18,True,31,30,691.0,620,56.0,675.0,561.0,-0.0001262672556919916,-0.0009172013106145667,0.9713456563067163,1.0703800257012164,-0.0001262672556919916,-0.0007909340549225751,candidate_passed_heuristic
batch1,18,True,31,75,691.0,620,56.0,675.0,561.0,-0.0001262672556919916,-0.0009172013106145667,0.9713456563067163,1.0703800257012164,-0.0001262672556919916,-0.0007909340549225751,candidate_passed_heuristic
batch2,11,False,1,30,449.0,440,10.0,449.0,340.0,-3.33148700320285e-05,-0.0018198753983965112,0.9132820436980164,1.1091002638073608,-3.33148700320285e-05,-0.0017865605283644828,candidate_passed_heuristic
batch2,11,False,1,75,449.0,440,10.0,449.0,340.0,-3.33148700320285e-05,-0.0018198753983965112,0.9132820436980164,1.1091002638073608,-3.33148700320285e-05,-0.0017865605283644828,candidate_passed_heuristic
batch2,11,False,11,30,449.0,430,15.0,444.0,340.0,-4.3777308780035765e-05,-0.001776036122547002,0.9394218986668503,1.1111323192755675,-4.3777308780035765e-05,-0.0017322588137669663,candidate_passed_heuristic
batch2,11,False,11,75,449.0,430,15.0,444.0,340.0,-4.3777308780035765e-05,-0.001776036122547002,0.9394218986668503,1.1111323192755675,-4.3777308780035765e-05,-0.0017322588137669663,candidate_passed_heuristic
batch2,11,False,31,30,449.0,410,25.0,434.0,335.0,-4.494032035384072e-05,-0.0016026811669286399,0.9294312028149648,1.111516228221007,-4.494032035384072e-05,-0.0015577408465747991,candidate_passed_heuristic
batch2,11,False,31,75,449.0,410,25.0,434.0,335.0,-4.494032035384072e-05,-0.0016026811669286399,0.9294312028149648,1.111516228221007,-4.494032035384072e-05,-0.0015577408465747991,candidate_passed_heuristic
batch2,11,True,1,30,449.0,440,10.0,449.0,340.0,-3.33148700320285e-05,-0.0018198753983965112,0.9132820436980164,1.1091002638073608,-3.33148700320285e-05,-0.0017865605283644828,candidate_passed_heuristic
batch2,11,True,1,75,449.0,440,10.0,449.0,340.0,-3.33148700320285e-05,-0.0018198753983965112,0.9132820436980164,1.1091002638073608,-3.33148700320285e-05,-0.0017865605283644828,candidate_passed_heuristic
batch2,11,True,11,30,449.0,430,15.0,444.0,340.0,-4.3777308780035765e-05,-0.001776036122547002,0.9394218986668503,1.1111323192755675,-4.3777308780035765e-05,-0.0017322588137669663,candidate_passed_heuristic
batch2,11,True,11,75,449.0,430,15.0,444.0,340.0,-4.3777308780035765e-05,-0.001776036122547002,0.9394218986668503,1.1111323192755675,-4.3777308780035765e-05,-0.0017322588137669663,candidate_passed_heuristic
batch2,11,True,31,30,449.0,410,25.0,434.0,335.0,-4.494032035384072e-05,-0.0016026811669286399,0.9294312028149648,1.111516228221007,-4.494032035384072e-05,-0.0015577408465747991,candidate_passed_heuristic
batch2,11,True,31,75,449.0,410,25.0,434.0,335.0,-4.494032035384072e-05,-0.0016026811669286399,0.9294312028149648,1.111516228221007,-4.494032035384072e-05,-0.0015577408465747991,candidate_passed_heuristic
batch2,9,False,1,30,791.0,782,10.0,791.0,610.0,-5.099552898386235e-05,-0.0009281925722236276,0.928228905955643,1.1068388557807336,-5.099552898386235e-05,-0.0008771970432397653,candidate_passed_heuristic
batch2,9,False,1,75,791.0,782,10.0,791.0,610.0,-5.099552898386235e-05,-0.0009281925722236276,0.928228905955643,1.1068388557807336,-5.099552898386235e-05,-0.0008771970432397653,candidate_passed_heuristic
batch2,9,False,11,30,791.0,772,15.0,786.0,605.0,-5.014657586609323e-05,-0.000883555465963987,0.9279673677578582,1.1066121633367962,-5.014657586609323e-05,-0.0008334088900978937,candidate_passed_heuristic
batch2,9,False,11,75,791.0,772,15.0,786.0,605.0,-5.014657586609323e-05,-0.000883555465963987,0.9279673677578582,1.1066121633367962,-5.014657586609323e-05,-0.0008334088900978937,candidate_passed_heuristic
batch2,9,False,31,30,791.0,752,25.0,776.0,595.0,-4.878872402871191e-05,-0.0007982920989091485,0.9265329343815298,1.1061520802579619,-4.878872402871191e-05,-0.0007495033748804366,candidate_passed_heuristic
batch2,9,False,31,75,791.0,752,25.0,776.0,595.0,-4.878872402871191e-05,-0.0007982920989091485,0.9265329343815298,1.1061520802579619,-4.878872402871191e-05,-0.0007495033748804366,candidate_passed_heuristic
batch2,9,True,1,30,791.0,782,10.0,791.0,610.0,-5.099552898386235e-05,-0.0009281925722236276,0.928228905955643,1.1068388557807336,-5.099552898386235e-05,-0.0008771970432397653,candidate_passed_heuristic
batch2,9,True,1,75,791.0,782,10.0,791.0,610.0,-5.099552898386235e-05,-0.0009281925722236276,0.928228905955643,1.1068388557807336,-5.099552898386235e-05,-0.0008771970432397653,candidate_passed_heuristic
batch2,9,True,11,30,791.0,772,15.0,786.0,605.0,-5.014657586609323e-05,-0.000883555465963987,0.9279673677578582,1.1066121633367962,-5.014657586609323e-05,-0.0008334088900978937,candidate_passed_heuristic
batch2,9,True,11,75,791.0,772,15.0,786.0,605.0,-5.014657586609323e-05,-0.000883555465963987,0.9279673677578582,1.1066121633367962,-5.014657586609323e-05,-0.0008334088900978937,candidate_passed_heuristic
batch2,9,True,31,30,791.0,752,25.0,776.0,595.0,-4.878872402871191e-05,-0.0007982920989091485,0.9265329343815298,1.1061520802579619,-4.878872402871191e-05,-0.0007495033748804366,candidate_passed_heuristic
batch2,9,True,31,75,791.0,752,25.0,776.0,595.0,-4.878872402871191e-05,-0.0007982920989091485,0.9265329343815298,1.1061520802579619,-4.878872402871191e-05,-0.0007495033748804366,candidate_passed_heuristic
batch2,33,False,1,30,1140.0,1131,10.0,1140.0,905.0,-5.6074034498734184e-05,-0.00058691876701283,0.9487996590934886,1.076995871448121,-5.6074034498734184e-05,-0.0005308447325140958,candidate_passed_heuristic
batch2,33,False,1,75,1140.0,1131,10.0,1140.0,905.0,-5.6074034498734184e-05,-0.00058691876701283,0.9487996590934886,1.076995871448121,-5.6074034498734184e-05,-0.0005308447325140958,candidate_passed_heuristic
batch2,33,False,11,30,1140.0,1121,15.0,1135.0,905.0,-5.720254792476084e-05,-0.0005822687640920912,0.9820297956736793,1.077398070738388,-5.720254792476084e-05,-0.0005250662161673304,candidate_passed_heuristic
batch2,33,False,11,75,1140.0,1121,15.0,1135.0,905.0,-5.720254792476084e-05,-0.0005822687640920912,0.9820297956736793,1.077398070738388,-5.720254792476084e-05,-0.0005250662161673304,candidate_passed_heuristic
batch2,33,False,31,30,1140.0,1101,25.0,1125.0,900.0,-5.685806903960659e-05,-0.0005624049564636072,0.981394502528986,1.0768251590369569,-5.685806903960659e-05,-0.0005055468874240006,candidate_passed_heuristic
batch2,33,False,31,75,1140.0,1101,25.0,1125.0,900.0,-5.685806903960659e-05,-0.0005624049564636072,0.981394502528986,1.0768251590369569,-5.685806903960659e-05,-0.0005055468874240006,candidate_passed_heuristic
batch2,33,True,1,30,1140.0,1131,10.0,1140.0,905.0,-5.6074034498734184e-05,-0.00058691876701283,0.9487996590934886,1.076995871448121,-5.6074034498734184e-05,-0.0005308447325140958,candidate_passed_heuristic
batch2,33,True,1,75,1140.0,1131,10.0,1140.0,905.0,-5.6074034498734184e-05,-0.00058691876701283,0.9487996590934886,1.076995871448121,-5.6074034498734184e-05,-0.0005308447325140958,candidate_passed_heuristic
batch2,33,True,11,30,1140.0,1121,15.0,1135.0,905.0,-5.720254792476084e-05,-0.0005822687640920912,0.9820297956736793,1.077398070738388,-5.720254792476084e-05,-0.0005250662161673304,candidate_passed_heuristic
batch2,33,True,11,75,1140.0,1121,15.0,1135.0,905.0,-5.720254792476084e-05,-0.0005822687640920912,0.9820297956736793,1.077398070738388,-5.720254792476084e-05,-0.0005250662161673304,candidate_passed_heuristic
batch2,33,True,31,30,1140.0,1101,25.0,1125.0,900.0,-5.685806903960659e-05,-0.0005624049564636072,0.981394502528986,1.0768251590369569,-5.685806903960659e-05,-0.0005055468874240006,candidate_passed_heuristic
batch2,33,True,31,75,1140.0,1101,25.0,1125.0,900.0,-5.685806903960659e-05,-0.0005624049564636072,0.981394502528986,1.0768251590369569,-5.685806903960659e-05,-0.0005055468874240006,candidate_passed_heuristic
batch2,38,False,1,30,,92,10.0,101.0,70.0,-0.0011420784910215448,0.008376812929523145,0.1250614163596988,1.1081274284655007,-0.0011420784910215448,0.00951889142054469,best_split_unconfirmed
batch2,38,False,1,75,,92,10.0,101.0,,,,,,,,insufficient_record
batch2,38,False,11,30,,82,15.0,96.0,60.0,-0.00011676051935122485,3.554920385026873e-06,0.28244244388539697,1.087836910998793,-0.00011676051935122485,0.00012031543973625173,best_split_unconfirmed
batch2,38,False,11,75,,82,15.0,96.0,,,,,,,,insufficient_record
batch2,38,False,31,30,,62,25.0,86.0,55.0,-0.00016073055206079054,-1.2098906069154809e-05,0.3792981850906929,1.087833041573146,-0.00016073055206079054,0.00014863164599163573,best_split_unconfirmed
batch2,38,False,31,75,,62,25.0,86.0,,,,,,,,insufficient_record
batch2,38,True,1,30,,90,10.0,99.0,55.0,-0.00011365613443091257,-5.645265665791101e-06,0.1577130903548173,1.0878773728702043,-0.00011365613443091257,0.00010801086876512146,best_split_unconfirmed
batch2,38,True,1,75,,90,10.0,99.0,,,,,,,,insufficient_record
batch2,38,True,11,30,,80,15.0,94.0,60.0,-0.00011746370416512004,6.519245543468529e-06,0.2761551232505107,1.0878472243760648,-0.00011746370416512004,0.00012398294970858857,best_split_unconfirmed
batch2,38,True,11,75,,80,15.0,94.0,,,,,,,,insufficient_record
batch2,38,True,31,30,,60,25.0,84.0,,,,,,,,insufficient_record
batch2,38,True,31,75,,60,25.0,84.0,,,,,,,,insufficient_record
batch3,5,False,1,30,828.0,818,10.0,827.0,680.0,-8.279505023141462e-05,-0.0007659473361953321,0.9344778699363527,1.0618669066829987,-8.279505023141462e-05,-0.0006831522859639175,candidate_passed_heuristic
batch3,5,False,1,75,828.0,818,10.0,827.0,680.0,-8.279505023141462e-05,-0.0007659473361953321,0.9344778699363527,1.0618669066829987,-8.279505023141462e-05,-0.0006831522859639175,candidate_passed_heuristic
batch3,5,False,11,30,828.0,808,15.0,822.0,675.0,-8.231695709791376e-05,-0.0007258653422142777,0.930564953728706,1.0614657185173453,-8.231695709791376e-05,-0.0006435483851163639,candidate_passed_heuristic
batch3,5,False,11,75,828.0,808,15.0,822.0,675.0,-8.231695709791376e-05,-0.0007258653422142777,0.930564953728706,1.0614657185173453,-8.231695709791376e-05,-0.0006435483851163639,candidate_passed_heuristic
batch3,5,False,31,30,828.0,788,25.0,812.0,670.0,-8.280562711546026e-05,-0.0006736069234279137,0.9229077760348553,1.0609736012641735,-8.280562711546026e-05,-0.0005908012963124534,candidate_passed_heuristic
batch3,5,False,31,75,828.0,788,25.0,812.0,670.0,-8.280562711546026e-05,-0.0006736069234279137,0.9229077760348553,1.0609736012641735,-8.280562711546026e-05,-0.0005908012963124534,candidate_passed_heuristic
batch3,5,True,1,30,828.0,818,10.0,827.0,680.0,-8.279505023141462e-05,-0.0007659473361953321,0.9344778699363527,1.0618669066829987,-8.279505023141462e-05,-0.0006831522859639175,candidate_passed_heuristic
batch3,5,True,1,75,828.0,818,10.0,827.0,680.0,-8.279505023141462e-05,-0.0007659473361953321,0.9344778699363527,1.0618669066829987,-8.279505023141462e-05,-0.0006831522859639175,candidate_passed_heuristic
batch3,5,True,11,30,828.0,808,15.0,822.0,675.0,-8.231695709791376e-05,-0.0007258653422142777,0.930564953728706,1.0614657185173453,-8.231695709791376e-05,-0.0006435483851163639,candidate_passed_heuristic
batch3,5,True,11,75,828.0,808,15.0,822.0,675.0,-8.231695709791376e-05,-0.0007258653422142777,0.930564953728706,1.0614657185173453,-8.231695709791376e-05,-0.0006435483851163639,candidate_passed_heuristic
batch3,5,True,31,30,828.0,788,25.0,812.0,670.0,-8.280562711546026e-05,-0.0006736069234279137,0.9229077760348553,1.0609736012641735,-8.280562711546026e-05,-0.0005908012963124534,candidate_passed_heuristic
batch3,5,True,31,75,828.0,788,25.0,812.0,670.0,-8.280562711546026e-05,-0.0006736069234279137,0.9229077760348553,1.0609736012641735,-8.280562711546026e-05,-0.0005908012963124534,candidate_passed_heuristic
batch3,19,False,1,30,1155.0,1145,10.0,1154.0,905.0,-6.000889465450329e-05,-0.0005616772366262761,0.9862005178001274,1.0786460451780717,-6.000889465450329e-05,-0.0005016683419717728,candidate_passed_heuristic
batch3,19,False,1,75,1155.0,1145,10.0,1154.0,905.0,-6.000889465450329e-05,-0.0005616772366262761,0.9862005178001274,1.0786460451780717,-6.000889465450329e-05,-0.0005016683419717728,candidate_passed_heuristic
batch3,19,False,11,30,1155.0,1135,15.0,1149.0,905.0,-6.025486964870707e-05,-0.0005598802598979225,0.9857775219552443,1.078481384143282,-6.025486964870707e-05,-0.0004996253902492155,candidate_passed_heuristic
batch3,19,False,11,75,1155.0,1135,15.0,1149.0,905.0,-6.025486964870707e-05,-0.0005598802598979225,0.9857775219552443,1.078481384143282,-6.025486964870707e-05,-0.0004996253902492155,candidate_passed_heuristic
batch3,19,False,31,30,1155.0,1115,25.0,1139.0,905.0,-6.0707248300178656e-05,-0.0005561973858107908,0.98482271132156,1.0781046779945487,-6.0707248300178656e-05,-0.0004954901375106122,candidate_passed_heuristic
batch3,19,False,31,75,1155.0,1115,25.0,1139.0,905.0,-6.0707248300178656e-05,-0.0005561973858107908,0.98482271132156,1.0781046779945487,-6.0707248300178656e-05,-0.0004954901375106122,candidate_passed_heuristic
batch3,19,True,1,30,1155.0,1145,10.0,1154.0,905.0,-6.000889465450329e-05,-0.0005616772366262761,0.9862005178001274,1.0786460451780717,-6.000889465450329e-05,-0.0005016683419717728,candidate_passed_heuristic
batch3,19,True,1,75,1155.0,1145,10.0,1154.0,905.0,-6.000889465450329e-05,-0.0005616772366262761,0.9862005178001274,1.0786460451780717,-6.000889465450329e-05,-0.0005016683419717728,candidate_passed_heuristic
batch3,19,True,11,30,1155.0,1135,15.0,1149.0,905.0,-6.025486964870707e-05,-0.0005598802598979225,0.9857775219552443,1.078481384143282,-6.025486964870707e-05,-0.0004996253902492155,candidate_passed_heuristic
batch3,19,True,11,75,1155.0,1135,15.0,1149.0,905.0,-6.025486964870707e-05,-0.0005598802598979225,0.9857775219552443,1.078481384143282,-6.025486964870707e-05,-0.0004996253902492155,candidate_passed_heuristic
batch3,19,True,31,30,1155.0,1115,25.0,1139.0,905.0,-6.0707248300178656e-05,-0.0005561973858107908,0.98482271132156,1.0781046779945487,-6.0707248300178656e-05,-0.0004954901375106122,candidate_passed_heuristic
batch3,19,True,31,75,1155.0,1115,25.0,1139.0,905.0,-6.0707248300178656e-05,-0.0005561973858107908,0.98482271132156,1.0781046779945487,-6.0707248300178656e-05,-0.0004954901375106122,candidate_passed_heuristic
