protocol_key,n_cells,seen_in_batch1_train,mean_actual_life,mean_predicted_life,mean_signed_error_cycles,mean_ape_pct,max_ape_pct
3.6C(9%)-5C,2,False,394.5,647.0674985493663,252.56749854936635,64.0280586479073,65.57424642310616
5.2C(50%)-4.25C,5,False,454.0,647.7016740746074,193.70167407460744,42.922269122280504,65.76486143781788
6C(60%)-3C,2,True,400.0,534.1877521069132,134.1877521069132,33.55453657345596,33.934463909839266
5.2C(58%)-4C,4,False,477.75,631.0606141533945,153.3106141533944,32.26328874079957,41.41659686184595
4.8C(80%)-4.8C,5,True,483.6,636.8498205903282,153.24982059032828,31.768519477255968,37.98100062719038
4.8C(80%)-4.8C-newstructure,3,False,871.6666666666666,1010.5243318644667,138.8576651978,17.461394843955905,31.415517223242475
5.6C(26%)-4.5C,6,False,448.5,523.1609500273506,74.66095002735061,16.699947035926133,34.82599940745173
4.65C(69%)-6C,2,False,452.0,523.1856117973792,71.18561179737921,15.669565908587916,20.15923954061088
5.2C(58%)-4C-newstructure,3,False,961.6666666666666,1021.7257176741447,60.059051007478125,15.197269917295202,29.754111783444273
4.65C(44%)-5C,2,False,482.5,546.2171201481342,63.71712014813417,14.103418507836498,26.82674619578285
5.6C(26%)-4.5C-newstructure,3,False,991.3333333333334,1069.1755374154106,77.84220408207734,13.811908469382487,36.614718265232554
3.6C(30%)-6C,2,False,421.0,424.8499992359666,3.8499992359666066,0.9044190319679427,1.7523212595993038
