evaluation_set,batch,cell_id,protocol_key,actual_life,predicted_life,log10_deltaQ_var,signed_error_cycles,absolute_error_cycles,ape_pct
Batch 1 development OOF,batch1,18,5.4C(70%)-3C,691.0,704.3244244539169,-3.6500805451540255,13.32442445391689,13.32442445391689,1.9282813970936166
Batch 1 development OOF,batch1,19,5.4C(70%)-3C,788.0,689.8146788983042,-3.619906827436913,-98.18532110169576,98.18532110169576,12.460066129656823
Batch 1 development OOF,batch1,28,6C(50%)-3C,860.0,797.9174685802658,-3.844711807496273,-62.08253141973421,62.08253141973421,7.218899002294675
Batch 1 development OOF,batch1,29,6C(50%)-3C,917.0,794.8254017515961,-3.838281704963246,-122.17459824840387,122.17459824840387,13.323293156859746
Batch 1 development OOF,batch1,44,8C(35%)-3.6C,616.0,594.0213684283142,-3.420700004806511,-21.97863157168581,21.97863157168581,3.5679596707282157
Batch 1 development OOF,batch1,45,8C(35%)-3.6C,599.0,596.2296512261443,-3.425292235698906,-2.770348773855744,2.770348773855744,0.4624956216787553
Batch 1 development OOF,batch1,14,5.4C(60%)-3C,880.0,921.1266639290612,-4.046069839990279,41.12666392906124,41.12666392906124,4.673484537393322
Batch 1 development OOF,batch1,15,5.4C(60%)-3C,719.0,907.0106254969322,-4.017949103167607,188.01062549693222,188.01062549693222,26.148904797904343
Batch 1 development OOF,batch1,30,6C(50%)-3.6C,709.0,769.8447359130945,-3.744699217898407,60.844735913094496,60.844735913094496,8.581768111861
Batch 1 development OOF,batch1,31,6C(50%)-3.6C,876.0,786.4268345351323,-3.777732624088107,-89.57316546486766,89.57316546486766,10.225247199185805
Batch 1 development OOF,batch1,42,8C(25%)-3.6C,702.0,730.2669349424355,-3.6658557852691183,28.266934942435455,28.266934942435455,4.026628909178839
Batch 1 development OOF,batch1,43,8C(25%)-3.6C,651.0,731.2323856142167,-3.6677790716349756,80.2323856142167,80.2323856142167,12.324483197268309
Batch 1 development OOF,batch1,16,5.4C(60%)-3.6C,862.0,929.1219053368332,-4.099413675443745,67.12190533683315,67.12190533683315,7.786763960189461
Batch 1 development OOF,batch1,17,5.4C(60%)-3.6C,857.0,868.3916339098673,-3.970159451162584,11.391633909867323,11.391633909867323,1.3292454970673657
Batch 1 development OOF,batch1,24,6C(40%)-3C,1017.0,853.5927600843102,-3.9386625236565456,-163.40723991568984,163.40723991568984,16.067575212948853
Batch 1 development OOF,batch1,25,6C(40%)-3C,854.0,895.5158558926437,-4.027888820540259,41.515855892643685,41.515855892643685,4.861341439419635
Batch 1 development OOF,batch1,36,7C(40%)-3C,704.0,727.1270165133434,-3.669501342596068,23.127016513343392,23.127016513343392,3.2850875729180955
Batch 1 development OOF,batch1,37,7C(40%)-3C,648.0,729.2120056974677,-3.6739388933149493,81.2120056974677,81.2120056974677,12.532716928621559
Batch 1 development OOF,batch1,9,5.4C(40%)-3.6C,1054.0,879.0259065126012,-4.059383677769545,-174.97409348739882,174.97409348739882,16.6009576363756
Batch 1 development OOF,batch1,23,6C(30%)-3.6C,1014.0,871.4249168855586,-4.0407936433278895,-142.57508311444144,142.57508311444144,14.060659084264442
Batch 1 development OOF,batch1,26,6C(40%)-3.6C,870.0,771.0161335719715,-3.7952199967854274,-98.98386642802848,98.98386642802848,11.377455911267642
Batch 1 development OOF,batch1,27,6C(40%)-3.6C,842.0,794.9284196309952,-3.853703200056015,-47.07158036900478,47.07158036900478,5.590448974941185
Batch 1 development OOF,batch1,34,7C(30%)-3.6C,742.0,792.848457834638,-3.8486161570091415,50.848457834638,50.848457834638,6.852891891460646
Batch 1 development OOF,batch1,35,7C(30%)-3.6C,703.0,761.7697732608763,-3.7726058155962217,58.76977326087626,58.76977326087626,8.359853948915543
Batch 1 development OOF,batch1,11,5.4C(50%)-3C,788.0,970.9752626625371,-4.146896530502188,182.97526266253715,182.97526266253715,23.2202109977839
Batch 1 development OOF,batch1,20,5.4C(80%)-5.4C,534.0,571.4566932895613,-3.3672374102459233,37.45669328956126,37.45669328956126,7.014362039243681
Batch 1 development OOF,batch1,21,5.4C(80%)-5.4C,559.0,562.7970016188319,-3.3503380515996213,3.7970016188319278,3.7970016188319278,0.6792489479126883
Batch 1 development OOF,batch1,32,6C(60%)-3C,731.0,714.5397456664966,-3.646463497070533,-16.46025433350337,16.46025433350337,2.25174477886503
Batch 1 development OOF,batch1,33,6C(60%)-3C,757.0,725.0927237078132,-3.6670575975867856,-31.907276292186793,31.907276292186793,4.2149638430894045
Batch 1 holdout,batch1,5,4.4C(80%)-4.4C,1074.0,965.291973957698,-4.178877963304522,-108.70802604230198,108.70802604230198,10.12179013429255
Batch 1 holdout,batch1,6,4.8C(80%)-4.8C,636.0,771.6887784907362,-3.768877900227774,135.68877849073624,135.68877849073624,21.334713599172364
Batch 1 holdout,batch1,7,4.8C(80%)-4.8C,870.0,792.7528865438,-3.8134860773272337,-77.24711345620005,77.24711345620005,8.878978558183915
Batch 1 holdout,batch1,38,7C(40%)-3.6C,617.0,613.109026745464,-3.433048173546677,-3.890973254535993,3.890973254535993,0.630627756002592
Batch 1 holdout,batch1,39,7C(40%)-3.6C,625.0,646.8647052371588,-3.504533720453133,21.864705237158773,21.864705237158773,3.498352837945404
Batch 1 holdout,batch1,40,8C(15%)-3.6C,966.0,906.8968874633728,-4.0552127051547355,-59.103112536627236,59.103112536627236,6.118334631120831
Batch 1 holdout,batch1,41,8C(15%)-3.6C,1051.0,914.5943906824256,-4.071513969179501,-136.40560931757443,136.40560931757443,12.97864979234771
Batch 2 test,batch2,0,5.2C(58%)-4C,477.0,628.1258574280901,-3.487264796301259,151.12585742809006,151.12585742809006,31.68256969142349
Batch 2 test,batch2,1,5.6C(26%)-4.5C,491.0,528.2397932331424,-3.2980513654760872,37.23979323314245,37.23979323314245,7.584479273552434
Batch 2 test,batch2,2,5.2C(50%)-4.25C,424.0,613.8638414167087,-3.460248365112918,189.86384141670874,189.86384141670874,44.779207881299236
Batch 2 test,batch2,3,4.65C(44%)-5C,499.0,632.8654635169564,-3.4962429969748183,133.86546351695642,133.86546351695642,26.82674619578285
Batch 2 test,batch2,4,4.65C(69%)-6C,444.0,493.6387217079484,-3.232506812226583,49.63872170794838,49.63872170794838,11.179892276564951
Batch 2 test,batch2,5,3.6C(30%)-6C,416.0,416.2351099060402,-3.0858817242792336,0.23510990604017934,0.23510990604017934,0.05651680433658157
Batch 2 test,batch2,6,3.6C(9%)-5C,393.0,650.7067884428072,-3.530039686501981,257.70678844280724,257.70678844280724,65.57424642310616
Batch 2 test,batch2,7,4.8C(80%)-4.8C-newstructure,777.0,1021.098568824594,-4.231670089905405,244.09856882459405,244.09856882459405,31.415517223242475
Batch 2 test,batch2,8,5.2C(58%)-4C-newstructure,904.0,952.868554846656,-4.10242248030074,48.868554846656025,48.868554846656025,5.405813589231861
Batch 2 test,batch2,9,5.6C(26%)-4.5C-newstructure,791.0,1080.6224214779895,-4.344425682662564,289.6224214779895,289.6224214779895,36.614718265232554
Batch 2 test,batch2,10,4.8C(80%)-4.8C,492.0,608.9288847550323,-3.450900113297661,116.9288847550323,116.9288847550323,23.766033486795184
Batch 2 test,batch2,11,5.2C(50%)-4.25C,449.0,627.1378499073235,-3.4853932209799963,178.13784990732347,178.13784990732347,39.674354099626605
Batch 2 test,batch2,12,4.65C(44%)-5C,466.0,459.5687767793119,-3.1679683681510378,-6.431223220688082,6.431223220688082,1.3800908198901465
Batch 2 test,batch2,13,4.65C(69%)-6C,460.0,552.73250188681,-3.3444477218838937,92.73250188681004,92.73250188681004,20.15923954061088
Batch 2 test,batch2,14,3.6C(30%)-6C,426.0,433.46488856589303,-3.1185199662488676,7.464888565893034,7.464888565893034,1.7523212595993038
Batch 2 test,batch2,15,3.6C(9%)-5C,396.0,643.4282086559255,-3.516251926776833,247.42820865592546,247.42820865592546,62.48187087270845
Batch 2 test,batch2,16,4.8C(80%)-4.8C,472.0,632.1464589078971,-3.4948809918747505,160.1464589078971,160.1464589078971,33.929334514384976
Batch 2 test,batch2,17,5.6C(26%)-4.5C,471.0,635.0304572090977,-3.5003441284740573,164.03045720909768,164.03045720909768,34.82599940745173
Batch 2 test,batch2,18,5.2C(50%)-4.25C,449.0,744.2842278558023,-3.7073027361763624,295.2842278558023,295.2842278558023,65.76486143781788
Batch 2 test,batch2,19,6C(60%)-3C,392.0,525.0230985265699,-3.2919580045427757,133.02309852656992,133.02309852656992,33.934463909839266
Batch 2 test,batch2,20,5.2C(58%)-4C,489.0,603.8638372753971,-3.441305431410469,114.86383727539715,114.86383727539715,23.489537275132342
Batch 2 test,batch2,21,6C(60%)-3C,408.0,543.3524056872565,-3.32667907519937,135.35240568725646,135.35240568725646,33.174609237072666
Batch 2 test,batch2,24,4.8C(80%)-4.8C,514.0,709.2223432237586,-3.640885268075132,195.22234322375857,195.22234322375857,37.98100062719038
Batch 2 test,batch2,25,5.2C(58%)-4C,493.0,653.0497440945467,-3.534477930021834,160.04974409454667,160.04974409454667,32.464451134796484
Batch 2 test,batch2,26,5.6C(26%)-4.5C,450.0,488.1204588419701,-3.2220536077932893,38.120458841970105,38.120458841970105,8.471213075993356
Batch 2 test,batch2,27,5.2C(50%)-4.25C,474.0,627.5656676182646,-3.4862036328978885,153.56566761826457,153.56566761826457,32.39782017262966
Batch 2 test,batch2,28,4.8C(80%)-4.8C,437.0,594.4174284039908,-3.4234111691233124,157.4174284039908,157.4174284039908,36.02229482928852
Batch 2 test,batch2,29,5.2C(58%)-4C,452.0,639.2030178155437,-3.5082481790944797,187.20301781554372,187.20301781554372,41.41659686184595
Batch 2 test,batch2,30,5.6C(26%)-4.5C,412.0,468.7760086794949,-3.1854095592749214,56.77600867949491,56.77600867949491,13.780584630945366
Batch 2 test,batch2,31,5.6C(26%)-4.5C,425.0,556.9087889413726,-3.3523588314873543,131.90878894137256,131.90878894137256,31.03736210385237
Batch 2 test,batch2,32,4.8C(80%)-4.8C-newstructure,809.0,968.200755945867,-4.131466155166347,159.20075594586694,159.20075594586694,19.678709016794432
Batch 2 test,batch2,33,5.2C(58%)-4C-newstructure,1140.0,1021.076518077012,-4.23162831933775,-118.923481922988,118.923481922988,10.431884379209473
Batch 2 test,batch2,34,5.6C(26%)-4.5C-newstructure,1186.0,1135.608378475987,-4.448585173324752,-50.39162152401309,50.39162152401309,4.248871966611559
Batch 2 test,batch2,41,5.6C(26%)-4.5C,442.0,461.890193259026,-3.17236581017702,19.890193259025978,19.890193259025978,4.500043723761533
Batch 2 test,batch2,42,5.2C(50%)-4.25C,474.0,625.6567835749381,-3.482587648007541,151.65678357493812,151.65678357493812,31.99510202002914
Batch 2 test,batch2,43,4.8C(80%)-4.8C-newstructure,1029.0,1042.273670822939,-4.271781928623568,13.273670822939039,13.273670822939039,1.2899582918308103
Batch 2 test,batch2,44,5.2C(58%)-4C-newstructure,841.0,1091.2320800987663,-4.36452348032534,250.23208009876635,250.23208009876635,29.754111783444273
Batch 2 test,batch2,45,5.6C(26%)-4.5C-newstructure,997.0,991.2958122922556,-4.175214949171005,-5.704187707744381,5.704187707744381,0.5721351763033482
Batch 2 test,batch2,46,4.8C(80%)-4.8C,503.0,639.5339876609626,-3.5088751328187664,136.53398766096257,136.53398766096257,27.143933928620786
