cell_id,protocol_key,full_slope_cycles_per_feature_unit,slope_without_cell,slope_change_pct,life,feature
11,5.4C(50%)-3C,-527.9015541303712,-566.932920327687,-7.3936827599633475,788.0,-4.146896530502188
15,5.4C(60%)-3C,-527.9015541303712,-551.8688477445467,-4.540106659404994,719.0,-4.017949103167607
9,5.4C(40%)-3.6C,-527.9015541303712,-509.1417423462152,3.553657237296758,1054.0,-4.059383677769545
5,4.4C(80%)-4.4C,-527.9015541303712,-509.4034293872114,3.5040860551419164,1074.0,-4.178877963304522
41,8C(15%)-3.6C,-527.9015541303712,-509.7145270032048,3.4451550643995477,1051.0,-4.071513969179501
16,5.4C(60%)-3.6C,-527.9015541303712,-543.6462798896735,-2.982511727066048,862.0,-4.099413675443745
23,6C(30%)-3.6C,-527.9015541303712,-514.7678260331461,2.4879123757952786,1014.0,-4.0407936433278895
24,6C(40%)-3C,-527.9015541303712,-515.6948621079111,2.312304619479389,1017.0,-3.9386625236565456
19,5.4C(70%)-3C,-527.9015541303712,-536.3651352511025,-1.6032498965974116,788.0,-3.619906827436913
25,6C(40%)-3C,-527.9015541303712,-535.7889052189535,-1.4940950688382288,854.0,-4.027888820540259
20,5.4C(80%)-5.4C,-527.9015541303712,-520.0741911778998,1.4827315606913964,534.0,-3.3672374102459233
14,5.4C(60%)-3C,-527.9015541303712,-534.0847177257036,-1.171272095517532,880.0,-4.046069839990279
40,8C(15%)-3.6C,-527.9015541303712,-522.2342341386452,1.0735562241452306,966.0,-4.0552127051547355
37,7C(40%)-3C,-527.9015541303712,-522.8757967666229,0.9520254911973881,648.0,-3.6739388933149493
44,8C(35%)-3.6C,-527.9015541303712,-532.8910605794372,-0.9451585073064127,616.0,-3.420700004806511
43,8C(25%)-3.6C,-527.9015541303712,-523.0275962244162,0.9232702324553658,651.0,-3.6677790716349756
38,7C(40%)-3.6C,-527.9015541303712,-531.5488760750189,-0.6909094917623565,617.0,-3.433048173546677
29,6C(50%)-3C,-527.9015541303712,-525.2380151029071,0.5045522231605988,917.0,-3.838281704963246
17,5.4C(60%)-3.6C,-527.9015541303712,-530.4776486071038,-0.48798766674901334,857.0,-3.970159451162584
34,7C(30%)-3.6C,-527.9015541303712,-530.3114563250267,-0.45650598597411,742.0,-3.8486161570091415
33,6C(60%)-3C,-527.9015541303712,-530.2008180664329,-0.43554786267855755,757.0,-3.6670575975867856
39,7C(40%)-3.6C,-527.9015541303712,-525.9125550138925,0.37677462794274613,625.0,-3.504533720453133
18,5.4C(70%)-3C,-527.9015541303712,-526.1206672010265,0.3373520906333325,691.0,-3.6500805451540255
6,4.8C(80%)-4.8C,-527.9015541303712,-526.2200640726214,0.31852341494234754,636.0,-3.768877900227774
32,6C(60%)-3C,-527.9015541303712,-529.3931203894457,-0.2825462905733613,731.0,-3.646463497070533
42,8C(25%)-3.6C,-527.9015541303712,-526.5064953596076,0.26426494861560884,702.0,-3.6658557852691183
30,6C(50%)-3.6C,-527.9015541303712,-526.5216668264818,0.2613910288941157,709.0,-3.744699217898407
36,7C(40%)-3C,-527.9015541303712,-526.5528406386626,0.2554857967657247,704.0,-3.669501342596068
28,6C(50%)-3C,-527.9015541303712,-526.6400279483059,0.23896996934275355,860.0,-3.844711807496273
7,4.8C(80%)-4.8C,-527.9015541303712,-527.0484415625538,0.1616044812034711,870.0,-3.8134860773272337
21,5.4C(80%)-5.4C,-527.9015541303712,-528.7445133224193,-0.1596811347594324,559.0,-3.3503380515996213
45,8C(35%)-3.6C,-527.9015541303712,-528.6686156168014,-0.14530388865662353,599.0,-3.425292235698906
35,7C(30%)-3.6C,-527.9015541303712,-527.1499669368765,0.14237260481887684,703.0,-3.7726058155962217
27,6C(40%)-3.6C,-527.9015541303712,-527.2044796804718,0.13204629621667982,842.0,-3.853703200056015
31,6C(50%)-3.6C,-527.9015541303712,-528.5765778258814,-0.12786923816167778,876.0,-3.777732624088107
26,6C(40%)-3.6C,-527.9015541303712,-527.7159300589543,0.03516263022234904,870.0,-3.7952199967854274
