batch,cell_id,cycle,reason,charging_policy,storage_index,alignment_passed,samples,time_start_native,time_end_native,duration_native,max_positive_I_native,min_I_native,max_Qc,max_Qd,largest_time_gap_native,large_time_gaps,direction_transitions,positive_blocks,negative_blocks,Qc_increase_positive_steps,Qd_increase_negative_steps
batch1,0,10,policy_examples,3.6C(80%)-3.6C,9,True,1130,0.0,54.37481499999994,54.37481499999994,3.6012545454545455,-4.001121545454545,1.0743531,1.0745373,0.0844600000000355,0,6,2,1,413,267
batch1,3,10,policy_examples,4C(80%)-4C,9,True,1090,0.0,53.048778333333395,53.048778333333395,4.001638272727273,-4.000929090909091,1.0838398,1.0843078,0.08436166666663958,0,10,4,1,409,263
batch1,44,10,policy_examples,8C(35%)-3.6C,9,True,1060,0.0,51.16996666666661,51.16996666666661,8.007968545454546,-4.00190009090909,1.0882946,1.0882163,0.08449500000000043,0,8,3,1,373,257
batch1,0,11,event_neighborhood,3.6C(80%)-3.6C,10,True,1133,0.0,54.37455166666671,54.37455166666671,3.601011818181818,-4.000779454545454,1.0746447,1.0747814,0.08442166666657869,0,6,2,1,410,268
batch1,0,12,event_neighborhood,3.6C(80%)-3.6C,11,True,2730,0.0,642.7843449999999,642.7843449999999,3.6006623636363635,-4.0020288181818175,1.5467919,1.5390544,407.4002616666666,1,12,4,3,977,908
batch1,0,13,event_neighborhood,3.6C(80%)-3.6C,12,True,1145,0.0,54.37576333333345,54.37576333333345,3.601140090909091,-4.001167,1.0710218,1.0738269,0.08440666666671603,0,8,3,1,407,282
batch2,0,10,policy_examples,5.2C(58%)-4C,9,True,1028,0.0,69.89561500000006,69.89561500000006,5.207814272727272,-4.000991909090909,1.0982338,1.1037184,0.08464166666647799,0,7,3,1,384,280
batch2,38,10,policy_examples,4.8C(80%)-4.8C(SLOWCYCLE,9,True,993,0.0,68.60040333333333,68.60040333333333,4.8102742727272725,-4.001290181818182,1.0836673,1.0860128,0.08454000000007689,0,5,2,1,372,273
batch2,22,10,policy_examples,VarCharge-2C-100cycles,9,True,1270,0.0,59.613743333333694,59.613743333333694,2.000556454545454,-4.001635636363636,1.0960498,1.0933094,0.08453000000008615,0,3,1,1,592,331
batch2,38,99,event_neighborhood,4.8C(80%)-4.8C(SLOWCYCLE,98,True,980,0.0,67.57954666666531,67.57954666666531,4.810260454545454,-4.001424090909091,1.0795519,1.0820881,0.08453499999983904,0,5,2,1,365,280
batch2,38,100,event_neighborhood,4.8C(80%)-4.8C(SLOWCYCLE,99,True,8664,0.0,8218.637556666665,8218.637556666665,1.0004546363636364,-4.0014496363636365,2.1525884,2.1622672,6921.338495,1,7,2,2,4401,3845
batch2,38,101,event_neighborhood,4.8C(80%)-4.8C(SLOWCYCLE,100,True,8709,0.0,1785.3026450000004,1785.3026450000004,1.000459,-4.001342181818181,2.1650333,2.1653843,482.41705666666394,1,7,2,2,4423,3861
batch3,6,10,policy_examples,3.7C(31%)-5.9C-newstructure,9,True,763,0.0,45.762938333333054,45.762938333333054,5.90107309090909,-4.001157909090908,1.0623062,1.0624539,0.08387166666677048,0,7,3,1,367,261
batch3,7,10,policy_examples,4.8C(80%)-4.8C-newstructure,9,True,784,0.0,49.30482333333348,49.30482333333348,4.368764727272727,-4.001790818181818,1.0702126,1.0702851,0.08392166666671974,0,5,2,1,388,272
batch3,3,10,policy_examples,5.6C(36%)-4.3C-newstructure,9,True,755,0.0,45.33746666666678,45.33746666666678,5.611776909090908,-4.001158818181818,1.0644441,1.0651054,0.08386166666678108,0,5,2,1,352,262
