batch,cell_id,cycle_life,life_group,early_observed_rows,early_high_QD_rows,mean_QD,n_QD,mean_IR,n_IR,mean_Tavg,n_Tavg,mean_Tmax,n_Tmax,mean_Tmin,n_Tmin,mean_chargetime,n_chargetime,std_QD,QD_slope,delta_QD,delta_IR,peak_positive_I_cycle10,deltaQ_mean,deltaQ_var,deltaQ_min,deltaQ_abs_mean,deltaQ_status,charging_policy
batch1,0,1190.0,long (>1000),91,1,1.0812566329670328,91,0.0166427587362637,91,31.5760350032552,91,35.35307925274725,91,29.319548450549448,91,13.384324395604375,91,0.0485302325589616,-0.0003139910511227,0.0013753,9.497300000000168e-05,3.6012545454545455,-0.0028734152246919,9.663600264771342e-06,-0.0084596429342688,0.0029553268326952,accepted,3.6C(80%)-3.6C
batch1,1,1179.0,long (>1000),91,0,1.0815340197802197,91,0.0169223973777777,90,31.29582816631124,91,34.13187856043956,91,29.527047417582416,91,13.372037857142836,91,0.0005847141117617,-1.386407708233212e-05,0.0008531,0.0001291559999999,3.600945,-0.0040996146213451,9.683678956852016e-06,-0.0110038165966219,0.0040996146213451,accepted,3.6C(80%)-3.6C
batch1,2,1177.0,long (>1000),91,0,1.085623934065934,91,0.0167725164888888,90,31.442116534374804,91,34.516218494505495,91,29.601948725274728,91,13.379404835164843,91,0.0004606644426429,-5.208700429995722e-06,0.0011586999999999,0.0001671129999999,3.6007022727272724,-0.0044867342828869,1.8323155109711005e-05,-0.0172163918496444,0.0044870752718771,accepted,3.6C(80%)-3.6C
batch1,3,1226.0,long (>1000),91,0,1.0851624384615386,91,0.0163119382222222,90,29.908329568221973,91,30.63438460439561,91,29.35390849450549,91,12.053525549450544,91,0.0007552388304766,6.368388278398741e-06,0.000442,0.000200683,4.001638272727273,-0.0074557847000184,3.608997994486938e-05,-0.0189605397732695,0.0074678458205989,accepted,4C(80%)-4C
batch1,4,1227.0,long (>1000),91,0,1.083062524175824,91,0.0166658816111111,90,31.4281820570246,91,34.36929807692308,91,29.46489059340659,91,12.053579249084253,91,0.0007702218768843,8.424255454690661e-06,0.0006920999999999,0.000117946,4.000961090909091,-0.0057500081219601,2.250382488567616e-05,-0.0139579950936773,0.005751417009648,accepted,4C(80%)-4C
batch1,5,1074.0,long (>1000),91,0,1.0804949736263736,91,0.0162658967582417,91,30.91369988695243,91,33.02052492307693,91,29.230312285714287,91,15.437651080586145,91,0.0008207529116386,2.0457525083623468e-06,-0.0003965999999999,7.70969999999982e-05,4.4007665454545455,-0.0110739129797385,6.624026126041227e-05,-0.0251787789493372,0.0110945077663963,accepted,4.4C(80%)-4.4C
batch1,6,636.0,medium (500–1000),91,0,1.0810752142857143,91,0.0166588134444444,90,32.24983543491405,91,35.77836934065934,91,29.72024863736264,91,10.043405329670298,91,0.0009287218036481,-1.8384228380318223e-05,-0.0018586,-2.167499999999878e-05,4.800375181818182,-0.0159650562482748,0.0001702637129223,-0.0378860393134797,0.0159709135908868,accepted,4.8C(80%)-4.8C
batch1,7,870.0,medium (500–1000),91,0,1.0969791296703295,91,0.0162134779,90,31.973256280500294,91,35.318750197802196,91,29.560738692307694,91,10.04442992673991,91,0.000748535475667,-1.2389668737060214e-05,-0.0018245000000001,9.131499999999806e-05,4.800307545454546,-0.0166457272456197,0.0001536434047758,-0.0382333865070744,0.0166457272456197,accepted,4.8C(80%)-4.8C
batch1,8,879.0,medium (500–1000),91,0,1.0949735648351648,91,0.0167099045604395,91,32.07835379862389,91,34.45538021978022,91,30.304491109890108,91,11.24570701465201,91,0.0004296208807706,-7.819638477472863e-06,-3.7999999999982496e-06,0.0001435579999999,5.40255109090909,-0.0128189672320227,9.97253091328456e-05,-0.030807702259195,0.0128191743692322,accepted,5.4C(40%)-3.6C
batch1,9,1054.0,long (>1000),91,0,1.0879482351648353,91,0.0168291754065934,91,32.64506491955275,91,35.99536445054945,91,30.26745524175824,91,11.243820860805872,91,0.0003972371903741,5.299069915599302e-06,0.0009996999999999,9.736800000000044e-05,5.403459727272727,-0.0115106005684801,8.72200481780871e-05,-0.0287244756962299,0.0115106005684801,accepted,5.4C(40%)-3.6C
batch1,10,906.0,medium (500–1000),91,0,1.0820693120879123,91,0.0165677358333333,90,33.183029052978426,91,36.87021273626374,91,30.26350730769231,91,11.686669780219818,91,0.0009485382274069,6.0261347348371834e-06,0.0021002000000001,0.0002093989999999,5.410183999999999,-0.0106680078437342,9.493510903192644e-05,-0.0269929319225264,0.0106755937039579,accepted,5.4C(50%)-3C
batch1,11,788.0,medium (500–1000),91,0,1.0604056857142858,91,0.0161764535666666,90,32.737335353469376,91,36.225496956043955,91,30.12485340659341,91,11.68509159340663,91,0.0008829459157428,4.613694855870166e-06,0.0018716,7.510800000000081e-05,5.401534999999999,-0.0083782051025299,7.130228856858242e-05,-0.0236915130336226,0.008409509199325,accepted,5.4C(50%)-3C
batch1,12,902.0,medium (500–1000),91,0,1.0823681483516483,91,0.0164361122747252,91,33.46370483841537,91,37.46491136263736,91,30.395312010989013,91,10.68291093406594,91,0.0003814386161079,6.052810957250435e-07,0.0007700999999999,0.000112907,5.401746545454546,-0.0112379583337073,7.495650888780392e-05,-0.0274388695876881,0.0112379583337073,accepted,5.4C(50%)-3.6C
batch1,13,897.0,medium (500–1000),91,0,1.0844547164835163,91,0.0170335619670329,91,32.09855469451812,91,34.69118423076923,91,30.022724736263736,91,10.683663827838837,91,0.0004553595090728,-7.604817646123064e-06,-4.8000000000048e-05,0.000133875,5.401798636363636,-0.0131487343816584,8.953514522265102e-05,-0.0291370752398165,0.0131487343816584,accepted,5.4C(50%)-3.6C
batch1,14,880.0,medium (500–1000),91,0,1.07634108021978,91,0.0169695769230769,91,33.06387883092461,91,36.636338208791216,91,30.06437465934066,91,15.291828736263737,91,0.0008773181232495,1.630952062430929e-05,0.0009995,0.0001249119999999,5.407163454545454,-0.0119462182234678,8.993529426869348e-05,-0.0282939556930506,0.0119462182234678,accepted,5.4C(60%)-3C
batch1,15,719.0,medium (500–1000),91,0,1.0679383197802197,91,0.0168255415274725,91,33.14516569291013,91,37.077339648351646,91,29.948493087912087,91,15.29100639194134,91,0.0009428549617718,1.673795190317282e-05,0.0011475,0.0001716719999999,5.402488727272727,-0.0110130893131804,9.595130743781206e-05,-0.028944554696785,0.0110130893131804,accepted,5.4C(60%)-3C
batch1,16,862.0,medium (500–1000),91,0,1.0866914197802198,91,0.0166954049,90,32.420218382666164,91,35.87168251648352,91,29.84068751648352,91,10.125278095238116,91,0.0008802816536919,1.3498762541802934e-05,0.0005359,0.0001666659999999,5.405946181818182,-0.0124038061637924,7.954013514589506e-05,-0.0276066748423711,0.0124038061637924,accepted,5.4C(60%)-3.6C
batch1,17,857.0,medium (500–1000),91,0,1.0773481252747252,91,0.0166753044395604,91,32.10059557412021,91,35.46543687912088,91,29.520876340659335,91,10.138984047619054,91,0.0006029263938111,5.362154801722931e-06,0.0012254,0.0001762249999999,5.4059219090909085,-0.0133431157573995,0.0001071125969275,-0.0310679671089385,0.0133431157573995,accepted,5.4C(60%)-3.6C
batch1,18,691.0,medium (500–1000),91,1,1.0880648065934064,91,0.0178393585824175,91,31.875574088361404,91,35.43866604395605,91,29.938015428571433,91,9.92585481684982,91,0.1903739135346786,-0.000495888361204,-0.0050238,-0.003994543,5.404739363636363,-0.0207023868033387,0.0002238305979209,-0.0441332154082728,0.0207023868033387,accepted,5.4C(70%)-3C
batch1,19,788.0,medium (500–1000),91,0,1.088461991208791,91,0.0163232823516483,91,33.05124443483438,91,36.86821382417582,91,30.135285021978028,91,9.930555989010957,91,0.0006629371766193,-2.0336293995851352e-05,-0.0015537000000001,0.000109713,5.401562818181818,-0.0201062748217697,0.0002399347614457,-0.0458926934265084,0.0201066456600579,accepted,5.4C(70%)-3C
batch1,20,534.0,medium (500–1000),91,0,1.0694118197802198,91,0.0151817665111111,90,32.126769964969824,91,34.907946274725276,91,29.93218830769231,91,9.027973278388265,91,0.0040831479779759,-0.0001494513553113,-0.0144763999999999,-0.000199698,5.404611090909091,-0.0327959830071476,0.0004293016817129,-0.0635804268966032,0.0327964648448622,accepted,5.4C(80%)-5.4C
batch1,21,559.0,medium (500–1000),91,0,1.082014156043956,91,0.0150822513777777,90,33.108983859799515,91,36.906906846153845,91,30.216419516483516,91,8.989637289377253,91,0.0026035155677663,-9.035583054625644e-05,-0.0090732,9.15870000000006e-05,5.412843909090909,-0.0306575771127106,0.0004463360322465,-0.0647202627657549,0.0306575771127106,accepted,5.4C(80%)-5.4C
batch1,22,891.0,medium (500–1000),91,0,1.083091964835165,91,0.0165879445604395,91,32.852232837351465,91,36.67398565934067,91,30.040266923076924,91,11.46397212454215,91,0.0005728594088476,-1.7057273451189287e-05,-0.0009717,0.000114424,6.002318636363636,-0.0147163713132086,0.0001116429559894,-0.0321471440089913,0.0147163713132086,accepted,6C(30%)-3.6C
batch1,23,1014.0,long (>1000),91,0,1.0825457153846154,91,0.0168212106373626,91,32.00034414687629,91,34.896230802197806,91,29.80872817582418,91,11.459366483516485,91,0.0005149851408693,-1.5297888198762094e-05,-0.0009636000000001,0.0001342129999999,6.0017915454545445,-0.0133406205123602,9.103457241110652e-05,-0.0299535169317572,0.0133406205123602,accepted,6C(30%)-3.6C
batch1,24,1017.0,long (>1000),91,0,1.0781712065934066,91,0.016586062043956,91,33.38484421656355,91,36.88879486813187,91,30.495925857142858,91,12.12666065934068,91,0.0004909531330432,-7.558493390664127e-06,-7.259999999997824e-05,0.0001476269999999,6.001735999999999,-0.0138735070132826,0.0001151694986635,-0.0318421340978982,0.0138735070132826,accepted,6C(40%)-3C
batch1,25,854.0,medium (500–1000),91,0,1.0790000681318683,91,0.0165939874285714,91,33.853505991842376,91,38.01471573626374,91,30.57703304395605,91,12.136525805860805,91,0.0004658580918594,-1.0512616658699724e-05,-0.0003018999999999,0.000132354,6.007024636363636,-0.0124061930528873,9.378020536805894e-05,-0.0294411728905654,0.0124061930528873,accepted,6C(40%)-3C
batch1,26,870.0,medium (500–1000),91,0,1.0906411054945055,91,0.0162847018351648,91,33.16330819950574,91,36.44823171428571,91,30.381561923076923,91,10.80199225274729,91,0.0008160914655114,-2.466089186176011e-05,-0.0016640999999999,0.0001622009999999,6.003147454545454,-0.0178501571256248,0.0001602433454256,-0.0383544536324539,0.0178501571256248,accepted,6C(40%)-3.6C
batch1,27,842.0,medium (500–1000),91,0,1.0821233186813186,91,0.0160996103076923,91,33.90301764657023,91,37.54564181318681,91,30.72637672527473,91,10.803581739926768,91,0.0006646735823632,-2.038187609491857e-05,-0.0012666999999999,0.0001721309999999,6.004548545454545,-0.0155141871466561,0.0001400544137433,-0.0358321196463462,0.0155276625638258,accepted,6C(40%)-3.6C
batch1,28,860.0,medium (500–1000),91,0,1.080765535164835,91,0.016681185010989,91,33.783317850109555,91,37.5288723076923,91,30.62929326373626,91,11.140097179487183,91,0.0004695980868723,-1.5225352763173364e-05,-0.0012768,0.00020726,6.006039727272727,-0.0166981227551627,0.0001429842469732,-0.0372134803197419,0.0166981227551627,accepted,6C(50%)-3C
batch1,29,917.0,medium (500–1000),91,0,1.082886863736264,91,0.0165460988571428,91,32.712959080800786,91,35.427925868131865,91,30.433158549450553,91,11.150356593406572,91,0.0004752434895261,-1.4454562828473085e-05,-0.0009824,0.000159066,6.002204181818182,-0.0166005234269311,0.0001451170011316,-0.0368684498819182,0.016607171177101,accepted,6C(50%)-3C
batch1,30,709.0,medium (500–1000),91,0,1.0828880054945054,91,0.0160106003956043,91,33.5489242218094,91,36.83326197802198,91,30.649895582417585,91,10.124216007326032,91,0.0007702651992604,-2.5976043956036012e-05,-0.0019533999999998,0.0001851879999999,6.002276999999999,-0.0177191221668012,0.0001800117202166,-0.0408153850243965,0.0177191221668012,accepted,6C(50%)-3.6C
batch1,31,876.0,medium (500–1000),91,0,1.097077774725275,91,0.0168648906593406,91,30.379077738389334,91,30.718702252747253,91,30.006478978021978,91,10.126856282051266,91,0.0009711143436043,-3.470540531931799e-05,-0.0027898000000001,0.0001367669999999,6.002852727272727,-0.0179835888032468,0.0001668273978984,-0.0394782064842472,0.0180051933472254,accepted,6C(50%)-3.6C
batch1,32,731.0,medium (500–1000),91,0,1.0807376615384614,91,0.0161684062967032,91,33.08931799720783,91,36.253885373626375,91,30.379508868131875,91,10.131027032967076,91,0.0006314077032524,-2.147387004299617e-05,-0.0016681999999998,0.000189189,6.001510636363636,-0.0207302738370073,0.000225702569302,-0.0455662852625746,0.0207302738370073,accepted,6C(60%)-3C
batch1,33,757.0,medium (500–1000),91,0,1.095538902197802,91,0.0164818728681318,91,33.68685615008,91,37.77036162637363,91,30.368518758241763,91,10.13019761904764,91,0.0009074774672412,-3.1796946966077e-05,-0.0024256999999998,0.000125987,6.0042814545454535,-0.021651569301358,0.0002152496244542,-0.0449017812116827,0.021651569301358,accepted,6C(60%)-3C
batch1,34,742.0,medium (500–1000),91,0,1.080205810989011,91,0.0168521779780219,91,32.67776155217216,91,36.123026857142854,91,29.99244921978022,91,11.033024743589756,91,0.0005219496126065,-1.039801560758028e-05,-0.0004094000000001,0.000144728,7.001765818181818,-0.0160803594303168,0.0001417045655742,-0.0372181417488076,0.0160903403948189,accepted,7C(30%)-3.6C
batch1,35,703.0,medium (500–1000),91,0,1.0746440626373626,91,0.0169666584945054,91,32.10924118315372,91,34.91010046153846,91,29.816913681318685,91,11.034964212454224,91,0.0004567853504287,-5.950627488450408e-06,-0.0001366999999998,0.000179662,7.001387818181818,-0.018223341654084,0.0001688084508574,-0.0391520343350484,0.018223341654084,accepted,7C(30%)-3.6C
batch1,36,704.0,medium (500–1000),91,0,1.081370278021978,91,0.0164408676813186,91,32.05637589574224,91,34.00080305494505,91,30.27587756043956,91,11.556540054945067,91,0.0005702953591102,-1.628153049849124e-05,-0.0012978999999999,0.0002220889999999,7.001887272727272,-0.0210423508580267,0.0002140418309783,-0.0446214059612219,0.0210423508580267,accepted,7C(40%)-3C
batch1,37,648.0,medium (500–1000),91,0,1.078120378021978,91,0.0165471353736263,91,32.970580505501694,91,36.09006062637363,91,30.245684978021973,91,11.561057014652038,91,0.000655728830946,-1.9236196846627564e-05,-0.0015134000000001,0.0001966509999999,7.002528818181817,-0.0194368246349165,0.000211865921671,-0.0445447849576301,0.0194368246349165,accepted,7C(40%)-3C
batch1,38,617.0,medium (500–1000),91,0,1.0758881659340662,91,0.0162155729890109,91,33.7083853223586,91,37.35178607692307,91,30.441398428571436,91,10.232226025641044,91,0.0005309892579411,-1.8634390826566925e-05,-0.0010924999999999,0.000228555,7.006967727272727,-0.0267641938349674,0.0003689366724831,-0.0564155969469958,0.026767017827493,accepted,7C(40%)-3.6C
batch1,39,625.0,medium (500–1000),91,0,1.0857844021978025,91,0.0166943950989011,91,33.518377207907015,91,37.454642736263736,91,30.336582890109895,91,10.24095256410253,91,0.00046148940399,-1.355503105589223e-05,-0.000842,0.000239656,7.007713272727273,-0.024440041487006,0.0003129437479421,-0.0531439540918114,0.024440041487006,accepted,7C(40%)-3.6C
batch1,40,966.0,medium (500–1000),91,0,1.0870351164835166,91,0.016680402087912,91,33.466994147224064,91,37.795234417582414,91,30.269126076923076,91,12.08827020146521,91,0.000568367658839,-1.8422352285391665e-05,-0.0014332999999999,0.0002280269999999,8.009307181818182,-0.0126288078477035,8.806174658415387e-05,-0.0290957088162858,0.0126288078477035,accepted,8C(15%)-3.6C
batch1,41,1051.0,long (>1000),91,0,1.0830145516483514,91,0.0167444879230769,91,33.07975773547041,91,36.85310638461539,91,30.23430705494506,91,12.091806996337024,91,0.0003823338539265,-9.669214843125774e-06,-0.0005790000000001,0.0001773759999999,8.009869,-0.0123585685628461,8.48176100238975e-05,-0.028506291359022,0.0123591032870353,accepted,8C(15%)-3.6C
batch1,42,702.0,medium (500–1000),91,0,1.0840217505494507,91,0.0167187499890109,91,33.59841781906345,91,37.72481587912088,91,30.34802504395605,91,11.17802357142863,91,0.0003262953336315,-7.099162286985007e-06,-0.0004695000000001,0.0002665859999999,8.009719818181818,-0.0205992102528132,0.0002158461043174,-0.0447096457287301,0.0205992102528132,accepted,8C(25%)-3.6C
batch1,43,651.0,medium (500–1000),91,0,1.070536932967033,91,0.016110037076923,91,33.34349274550026,91,36.85097164835165,91,30.2513779010989,91,11.178613589743591,91,0.0008796534542464,-3.225106864150365e-05,-0.0025984999999999,0.0002483319999999,8.01088509090909,-0.0191656267784761,0.000214892336711,-0.0446058901526373,0.0191656267784761,accepted,8C(25%)-3.6C
batch1,44,616.0,medium (500–1000),91,0,1.0868232010989012,91,0.0174182544945054,91,32.56778256742335,91,35.839557087912084,91,29.956760549450543,91,10.257643589743598,91,0.0011355502423929,-4.222089504697998e-05,-0.0035061,0.000284272,8.007968545454546,-0.029329092901317,0.0003795770928016,-0.0587970716540376,0.029329092901317,accepted,8C(35%)-3.6C
batch1,45,599.0,medium (500–1000),91,0,1.087237353846154,91,0.0166798505054945,91,33.01980626490123,91,36.75081394505495,91,29.918866,91,10.258617820512796,91,0.0006784801283109,-2.2526972447838814e-05,-0.0016899999999999,0.000274533,8.007060000000001,-0.0288660905211357,0.0003755845892835,-0.0594035099161143,0.0288716110483485,accepted,8C(35%)-3.6C
batch2,0,477.0,short (<500),91,0,1.1051915692307694,91,0.0173362575274725,91,31.819665574752385,91,35.404461904902924,91,29.831552425806088,91,10.17323098901111,91,0.0032117580269895,1.0050197483675751e-05,0.0015544999999999,4.996200000000062e-05,5.207814272727272,-0.025801000173386,0.0003256380937,-0.055061277717081,0.025801000173386,accepted,5.2C(58%)-4C
batch2,1,491.0,short (<500),91,0,1.1047745615384614,91,0.0175152313406593,91,33.61477334899051,91,36.49876153078584,91,30.61408715640623,91,10.196931703296585,91,0.0035348341445539,-3.1866625258790506e-05,-0.0067692000000001,-0.0003204049999999,5.606765727272727,-0.0355950076396831,0.0005034410615908,-0.0661147205894651,0.0355992706842516,accepted,5.6C(26%)-4.5C
batch2,2,424.0,short (<500),91,0,1.074652533186813,91,0.0164449307582417,91,33.17156277120817,91,37.454011393963896,91,30.77337781751349,91,10.175011208791272,91,0.0117831384741625,-6.105121197639826e-06,-0.0057598,0.0001845229999999,5.2027684545454544,-0.025013386420214,0.0003465386146452,-0.0527178185440413,0.025013386420214,accepted,5.2C(50%)-4.25C
batch2,3,499.0,short (<500),91,0,1.1018037263736262,91,0.0159129599780219,91,33.93865768577528,91,38.788880974567746,91,30.81781942695631,91,10.173155128205178,91,0.00295188450131,7.46289679885362e-05,0.0019006000000001,0.0002611299999999,5.001529363636363,-0.0200898829186987,0.0003189752621457,-0.0558684526115137,0.0200898829186987,accepted,4.65C(44%)-5C
batch2,4,444.0,short (<500),91,0,1.085633720879121,91,0.0161381832637362,91,33.03890158683338,91,37.44301280768703,91,30.399031705345784,91,10.232924780219731,91,0.0031975782160363,-6.578035355948732e-05,-0.009355,-0.000261225,6.00075809090909,-0.034781796484889,0.0005854545529657,-0.0702972069008408,0.034792869133158,accepted,4.65C(69%)-6C
batch2,5,416.0,short (<500),91,0,1.0870349604395604,91,0.0152556375164835,91,32.999161656222306,91,37.68384374561755,91,30.48866432629005,91,10.200482527472545,91,0.0131483209586782,-0.0001860224382863,-0.0227051999999998,-0.0002556779999999,6.0023290909090905,-0.0464854046004899,0.0008205749892219,-0.0861500284792774,0.0464859422029716,accepted,3.6C(30%)-6C
batch2,6,393.0,short (<500),91,0,1.093291446153846,91,0.0160147003736263,91,33.81706063663985,91,39.80772646051718,91,30.481255077258837,91,10.179308040293128,91,0.0028086952903165,5.756180124223628e-05,0.0002542,3.471400000000166e-05,5.000090181818182,-0.020824792460517,0.0002950939552921,-0.0498724789374046,0.0208296304640717,accepted,3.6C(9%)-5C
batch2,7,777.0,medium (500–1000),91,0,1.0931936494505494,91,0.014788525,91,33.787848323118595,91,37.18154029055139,91,30.756023043032545,91,10.035669322344315,91,0.002511680712209,5.744192705845211e-05,0.0069276999999998,2.429600000000004e-05,4.804680545454545,-0.0088230998347084,5.865835912266468e-05,-0.0217379799240435,0.008867753886646,accepted,4.8C(80%)-4.8C-newstructure
batch2,8,904.0,medium (500–1000),91,0,1.090031861868132,91,0.0164637982307692,91,33.60846715529092,91,35.6865351902541,91,31.619425649080583,91,10.039861630036633,91,0.0127386227976874,-5.30790716674609e-05,-0.0007699999999999,4.834999999999909e-05,5.203517545454544,-0.0112034155800459,7.899098323286501e-05,-0.0278411109453321,0.0112223065711663,accepted,5.2C(58%)-4C-newstructure
batch2,9,791.0,medium (500–1000),91,0,1.0974771593406594,91,0.0153945648571428,91,32.347053674564215,91,33.58567747411306,91,31.356329871674863,91,10.039853992673986,91,0.001920456795486,-3.945754419493187e-05,-0.0010336999999998,-9.52149999999992e-05,5.604012272727273,-0.007446960333569,4.5245388051825846e-05,-0.0197541523253084,0.008102861355073,accepted,5.6C(26%)-4.5C-newstructure
batch2,10,492.0,short (<500),91,0,1.1112652248351649,91,0.0170466315824175,91,31.73077993571125,91,34.382358261819455,91,29.964367995803368,91,10.169334908424842,91,0.0121607552582173,6.384393725116053e-05,0.0063651999999998,-7.38219999999977e-05,4.803074909090909,-0.0295202962995694,0.0003540787689973,-0.0558024498619833,0.0295202962995694,accepted,4.8C(80%)-4.8C
batch2,11,449.0,short (<500),91,0,1.1013911505494507,91,0.0172252149010989,91,33.1363899537519,91,37.998486960470515,91,30.626124688076477,91,10.173903791208817,91,0.0149480116709463,0.0001264397738493,0.0104718999999999,0.000393785,5.206142727272727,-0.0240126334676137,0.000327044446642,-0.0548987559471969,0.0240126334676137,accepted,5.2C(50%)-4.25C
batch2,12,466.0,short (<500),91,0,1.1042473527472525,91,0.0164848649010989,91,31.300384352318066,91,33.59966671239308,91,29.99395300865315,91,10.174880036630087,91,0.0021547639237714,3.275929447364646e-05,0.0038705999999999,-0.0004050379999999,5.002077272727272,-0.0393975922721543,0.0006792531042316,-0.0773312434486568,0.0393981179491454,accepted,4.65C(44%)-5C
batch2,13,460.0,short (<500),91,0,1.0948487373626374,91,0.0160168847252747,91,31.94023137554632,91,35.0931665036066,91,30.10554808978084,91,10.214825879120806,91,0.0014935939618285,-8.52741041567002e-06,-0.0016714999999998,-0.000393847,6.002027363636363,-0.0340700221226121,0.0004524309203412,-0.0646744884060953,0.0340711644984118,accepted,4.65C(69%)-6C
batch2,14,426.0,short (<500),91,0,1.0788299714285712,91,0.0162106929120879,91,32.12032476841645,91,35.20250746058758,91,30.372037661583892,91,53.36722245421255,91,0.0033620476229122,-0.0001001943749004,-0.0072919,-0.0002440499999999,6.004558909090909,-0.0445557645103633,0.0007611671443129,-0.0837144352028476,0.0445557645103633,accepted,3.6C(30%)-6C
batch2,15,396.0,short (<500),91,0,1.075459543956044,91,0.0162516321978021,91,32.8583349352744,91,36.09072056043012,91,31.220296718739995,91,10.17295906593412,91,0.0028017104723606,8.864344640866963e-05,0.0058939,-0.0002545839999999,5.003433272727272,-0.0241352883526542,0.0003046127470747,-0.0509346763941556,0.0241352883526542,accepted,3.6C(9%)-5C
batch2,16,472.0,short (<500),91,0,1.0970696681318683,91,0.0174778721208791,91,32.77880302075412,91,37.04035396343241,91,30.509564230968003,91,10.171597252747269,91,0.0020494407595395,-2.2458525242871455e-05,-0.0024861,-4.860000000009301e-07,4.803158181818182,-0.0262446524109426,0.0003199771811309,-0.0532543676756424,0.0262446524109426,accepted,4.8C(80%)-4.8C
batch2,17,471.0,short (<500),91,0,1.094076401098901,91,0.0170663239230769,91,32.98745273638719,91,34.764372319836056,91,30.872457222726588,91,10.181669194139298,91,0.002265141585935,3.920608058608689e-05,0.0018574999999998,-0.000141824,5.6077818181818175,-0.0243463403874459,0.000315977291098,-0.0525623965755335,0.0243463403874459,accepted,5.6C(26%)-4.5C
batch2,18,449.0,short (<500),91,0,1.083009895604396,91,0.0166453053296703,91,32.888914245448206,91,36.4298613577482,91,30.66999234728433,91,10.174119505494549,91,0.0032317999293792,0.000109815863991,0.0071778,0.0001612269999999,5.2028170909090905,-0.0166408911109324,0.0001961992142789,-0.0397456691043013,0.0166416482643709,accepted,5.2C(50%)-4.25C
batch2,19,392.0,short (<500),91,0,1.0949763263736263,91,0.0167231555384615,91,32.77247428690546,91,36.597218578792585,91,30.484255290876288,91,10.17362760073265,91,0.0028561490525544,1.2324980092367542e-05,0.0006085999999998,0.000188742,6.003362454545454,-0.0343082077979218,0.0005105543672328,-0.0656517508735375,0.0343105169987194,accepted,6C(60%)-3C
batch2,20,489.0,short (<500),91,0,1.1002067373626374,91,0.0166123895714285,91,33.62125729062964,91,36.911298724852614,91,31.421703249976893,91,53.2764745970696,91,0.0021502901556481,2.7545793916224383e-05,0.0038581999999998,0.0002223009999999,5.208181909090909,-0.0244351394515884,0.0003619883290668,-0.0605040880380607,0.0244351394515884,accepted,5.2C(58%)-4C
batch2,21,408.0,short (<500),91,0,1.101203652967033,91,0.0172025966043956,91,33.62046949381312,91,38.73104950098303,91,30.632955685321782,91,10.174717582417612,91,0.0115782401118175,3.9052729096991255e-05,-0.0023162999999999,0.0003243459999999,6.00535309090909,-0.0332885526110049,0.0004713254868518,-0.064467582043982,0.0332885526110049,accepted,6C(60%)-3C
batch2,22,,unavailable life,91,1,1.102986986043956,91,0.021770682,91,34.49611332566944,91,38.1144337379883,91,31.259409427769437,91,34.49778465201456,91,0.1134477553321897,0.0007476909772256,-0.0093752,0.0,2.000556454545454,-0.0026188163032225,2.2847111406387513e-05,-0.0067791693229939,0.0045528583595219,accepted,VarCharge-2C-100cycles
batch2,23,,unavailable life,91,1,1.0966435163736266,91,0.0211608889999999,91,34.14808267074589,91,35.53042783267769,91,31.65558038755762,91,22.62894368131869,91,0.112963454923765,0.0006328918507724,-0.0165813000000001,0.0,4.002062181818181,-0.011590160361131,4.4029699642585154e-05,-0.0192175664913609,0.0116945203723536,accepted,VarCharge-4C-100cycles
batch2,24,514.0,medium (500–1000),91,0,1.0965198076923075,91,0.0165101892967033,91,33.21702458756963,91,38.24827157717099,91,30.23416835847165,91,10.169970677655682,91,0.0023909841120449,4.004748686096753e-05,0.0062865999999999,1.9290000000001667e-05,4.804257454545454,-0.0227714797747635,0.0002286202692677,-0.0457299743253289,0.0227734872968341,accepted,4.8C(80%)-4.8C
batch2,25,493.0,short (<500),91,0,1.102427543956044,91,0.0167420883626373,91,32.24100069749957,91,34.46886471025039,91,30.60287004268567,91,10.172898333333311,91,0.0024446152560364,3.655321070234296e-05,0.0053560999999999,0.0001783539999999,5.206673363636363,-0.0236109824444173,0.0002920936192579,-0.0505084648903096,0.0236109824444173,accepted,5.2C(58%)-4C
batch2,26,450.0,short (<500),91,0,1.1040673912087913,91,0.0176581027802197,91,33.695869210067514,91,36.82682539177856,91,30.60643675485992,91,53.303939358974326,91,0.0022245092311513,-8.591318681323915e-06,4.099999999995774e-05,-0.000436645,5.603110545454546,-0.0380385416540002,0.0005997170447101,-0.0733087791289827,0.0380385416540002,accepted,5.6C(26%)-4.5C
batch2,27,474.0,short (<500),91,0,1.0988598538461538,91,0.0175913659670329,91,33.307932151861586,91,38.15734851243812,91,30.512820075544564,91,10.174668223443105,91,0.0025821801659453,8.367819397993538e-05,0.0069487999999999,0.0002632769999999,5.2055739999999995,-0.0246839278022425,0.0003264347368865,-0.0544912575606593,0.0246839278022425,accepted,5.2C(50%)-4.25C
batch2,28,437.0,short (<500),91,0,1.0953680318681318,91,0.0162469502967032,91,32.1423761423245,91,35.363978951304524,91,30.25546474374817,91,53.28949512820504,91,0.002306434409544,5.108195572543323e-05,0.0059302000000001,-0.000241838,4.801469272727273,-0.0279893325926623,0.0003772148929015,-0.0564913867827732,0.0279893325926623,accepted,4.8C(80%)-4.8C
batch2,29,452.0,short (<500),91,0,1.110589825274725,91,0.016734517087912,91,31.793738230497546,91,34.44886956112214,91,30.23331213824923,91,10.173047326007303,91,0.0033098604321563,0.0001140129574773,0.0102275,0.000262622,5.205525454545454,-0.0253222323765719,0.0003102785983552,-0.0526335295361444,0.0253222323765719,accepted,5.2C(58%)-4C
batch2,30,412.0,short (<500),91,0,1.0926990395604397,91,0.0168259676703296,91,33.81905122348488,91,37.3725867014557,91,30.381291128928403,91,53.31188326007324,91,0.0034594448675049,-8.940455964325517e-05,-0.0059188999999999,-0.0005068639999999,5.605024818181818,-0.0396558894899704,0.0006525149114268,-0.0755230365113099,0.039656648307973,accepted,5.6C(26%)-4.5C
batch2,31,425.0,short (<500),91,0,1.0999095824175824,91,0.0162927681648351,91,33.36490461513517,91,35.67206685007865,91,31.02242211502357,91,10.19509214285708,91,0.0018411540152,4.7088318203547896e-05,0.0020728,-0.0004504399999999,5.603557909090909,-0.0306244567640429,0.0004442640470427,-0.0642288335820835,0.0307385726230291,accepted,5.6C(26%)-4.5C
batch2,32,809.0,medium (500–1000),91,0,1.090116698901099,91,0.0148084982527472,91,32.17084948990925,91,33.94776618670259,91,30.54015830017822,91,53.15537093406601,91,0.0031613311452436,-7.674978818282664e-05,-0.0038062999999999,-7.121700000000016e-05,4.800657818181818,-0.0133899398336471,7.388118368069333e-05,-0.0274612065130356,0.0133899398336471,accepted,4.8C(80%)-4.8C-newstructure
batch2,33,1140.0,long (>1000),91,0,1.0702855604395605,91,0.0149870817582417,91,32.75110583059949,91,34.30960017028763,91,31.035494139317212,91,10.039593333333256,91,0.0156441489685361,-0.0001396110686415,-0.0057663999999999,3.687999999999955e-06,5.206912636363636,-0.0115795410077861,5.866400117176798e-05,-0.0240847421362162,0.0116426516657693,accepted,5.2C(58%)-4C-newstructure
batch2,34,1186.0,long (>1000),91,0,1.0670593274725275,91,0.0149491228461538,91,35.67966274463535,91,38.966040174522085,91,31.823347892226767,91,53.16224424908428,91,0.0021694150574683,-6.514612836439189e-05,-0.0043455999999999,-1.720199999999915e-05,5.606394636363636,-0.008120054579074,3.5597117054099105e-05,-0.0191429496439993,0.0082026970220624,accepted,5.6C(26%)-4.5C-newstructure
batch2,35,,unavailable life,91,1,1.055408595164835,91,0.020666521,91,36.52310164180982,91,38.39184523605599,91,32.80433226298537,91,18.557187472527463,91,0.1083960057903418,0.0003064950651377,-0.0359441999999998,0.0,6.0027313636363635,-0.0448212443045177,0.0006040752455982,-0.0757084076580606,0.0448459489358081,accepted,VarCharge-6C-100cycles
batch2,36,,unavailable life,91,1,1.0407606787912087,91,0.02033557,91,38.600933865467184,91,41.42709901534495,91,33.35055208140908,91,17.265190238095265,91,0.1057153151105202,-5.349455263576996e-05,-0.0628937999999998,0.0,8.00883209090909,-0.0844287653143593,0.0020657710680016,-0.1360257368450053,0.0844288147244968,accepted,VarCharge-8C-100cycles
batch2,37,,unavailable life,91,1,1.0961025515384617,91,0.0172475662417582,91,32.92755112744068,91,38.009254551121046,91,30.28246602590952,91,18.634506538461693,91,0.1139116163576294,0.0007803050179964,1.0824838,0.0102260669999999,3.6009953636363634,-0.0029820466170849,1.695856550878882e-05,-0.0286817433780755,0.0029833160464743,accepted,3.6C(80%)-3.6C(SLOWCYCLE
batch2,38,,unavailable life,91,1,1.0958567989010988,91,0.0165751774615384,91,32.211428812132965,91,400.0,91,-270.0,91,15.334740054945106,91,0.1130570445879006,0.000714184744386,1.0762544,0.009355351,4.8102742727272725,-0.0131482097119456,6.0904550971894e-05,-0.036149525403572,0.0131482097119456,accepted,4.8C(80%)-4.8C(SLOWCYCLE
batch2,39,,unavailable life,91,1,1.0827062296703296,91,0.0167889066813186,91,32.89630213564834,91,37.685452286269765,91,30.15512729339204,91,15.339982912087835,91,0.1107185259048111,0.0006805418967988,1.0532462,0.0083352829999999,5.002715363636363,-0.0345530196501599,0.0004339268330283,-0.0609517978351833,0.0345530196501599,accepted,3.6C(9%)-5C(SLOWCYCLE
batch2,40,,unavailable life,91,1,1.097454728571429,91,,0,32.4766687726498,91,36.77439844682266,91,30.064410120843203,91,58.44570928571431,91,0.1128044372519729,0.0007476598901098,1.0758262,,5.204436545454545,-0.0254758308282517,0.0002514390480151,-0.0481632102205803,0.0254758308282517,accepted,5.2C(58%)-4C(SLOWCYCLE
batch2,41,442.0,short (<500),91,0,1.1060005835164834,91,,0,30.168518108923273,91,32.67568137954914,91,28.87487702121466,91,53.30479223443221,91,0.0018394256897354,2.763353240961766e-05,0.0031053999999999,,5.60672409090909,-0.0377682914957012,0.0006724100406155,-0.0809310492448376,0.0377682914957012,accepted,5.6C(26%)-4.5C
batch2,42,474.0,short (<500),91,0,1.1074603032967034,91,,0,31.703853328856898,91,35.61174824671309,91,29.674007982032464,91,10.175137216117207,91,0.0033768528934645,8.673744545309738e-05,0.0084904000000001,,5.203767272727272,-0.0293407149263684,0.0003291640157368,-0.0541676249706457,0.0293407149263684,accepted,5.2C(50%)-4.25C
batch2,43,1029.0,long (>1000),91,0,1.0984949758241755,91,,0,33.9996775960074,91,37.09846747403627,91,30.862318548573196,91,10.036811593406629,91,0.0032942903029447,-8.207105590061978e-05,-0.0031058000000001,,4.802859909090909,-0.0077783483513934,5.3483284647826735e-05,-0.0191648421122405,0.0087937144658571,accepted,4.8C(80%)-4.8C-newstructure
batch2,44,841.0,medium (500–1000),91,0,1.0975979263736264,91,,0,33.97846626034563,91,36.9191521602275,91,30.993070810483346,91,53.14453857142855,91,0.0013269531974359,-2.9368394648826308e-05,-0.0010189,,5.203742999999999,-0.0087505726171709,4.3199281110227894e-05,-0.0203022776205166,0.0087608953225246,accepted,5.2C(58%)-4C-newstructure
batch2,45,997.0,medium (500–1000),91,0,1.1010167824175825,91,,0,35.26189324143087,91,37.8542321823867,91,32.536514802164724,91,10.04019712454209,91,0.0086875165321357,-8.36388612836361e-05,-0.0035545999999999,,5.603183363636363,-0.0111576662855855,6.680132101075869e-05,-0.0266704187870865,0.0111630662928567,accepted,5.6C(26%)-4.5C-newstructure
batch2,46,503.0,medium (500–1000),91,0,1.1026365945054946,91,,0,29.892159474125208,91,31.030537126617812,91,28.630896933787287,91,53.28706027472527,91,0.0023825549347689,1.981349259437136e-05,-0.0018171,,4.806192545454545,-0.0228342986319132,0.000309830998892,-0.0528624050082824,0.0230495166997201,accepted,4.8C(80%)-4.8C
batch3,0,1009.0,long (>1000),91,0,1.070498301098901,91,0.0152288893516483,91,32.20608790756306,91,33.58057561048983,91,30.863653980715338,91,10.042506868131868,91,0.0004890810392959,-1.5158867654082956e-05,-0.0009647000000001,2.0575000000000107e-05,5.007712636363636,-0.0101021773936911,5.687024898905241e-05,-0.0233116574274743,0.0101107364520587,accepted,5C(67%)-4C-newstructure
batch3,1,1063.0,long (>1000),91,0,1.0677745901098905,91,0.0149779332087912,91,34.85069370345211,91,38.01941639228508,91,31.59186343846141,91,10.041386007325949,91,0.0006439276857354,-2.3035981844234756e-05,-0.0017842999999999,9.884200000000004e-05,5.3054359090909085,-0.0096210189293608,5.181521321780508e-05,-0.0223241775540682,0.0096210189293608,accepted,5.3C(54%)-4C-newstructure
batch3,2,1267.0,long (>1000),91,0,1.06208311978022,91,0.0146074834395604,91,36.83768238936076,91,40.57642356099609,91,32.382108166681206,91,10.04364670329666,91,0.0007444865286774,-2.7150113075325063e-05,-0.0021739999999998,-0.0001122919999999,5.603086272727272,-0.0026131423354832,1.6619555727408117e-05,-0.0086480383416137,0.0039609848629265,accepted,5.6C(19%)-4.6C-newstructure
batch3,3,1115.0,long (>1000),91,0,1.0646975626373627,91,0.0150027883186813,91,36.077997165743646,91,39.42741030025635,91,32.18163253779588,91,10.041500054945082,91,0.0005751834222708,-1.969855709507913e-05,-0.0015107999999999,0.0001114169999999,5.611776909090908,-0.0107054143527131,7.645259474220121e-05,-0.0268366147351127,0.0107208378973826,accepted,5.6C(36%)-4.3C-newstructure
batch3,4,1048.0,long (>1000),91,0,1.0746053164835163,91,0.0151241697142857,91,32.12557596502858,91,32.986251006637424,91,31.18530179457063,91,10.045643296703323,91,0.0003997281957818,-1.1781070234118691e-05,-0.0006804999999998,3.035099999999964e-05,5.601279545454545,-0.0101064388689067,6.630317519564988e-05,-0.024810275761238,0.0101064388689067,accepted,5.6C(19%)-4.6C-newstructure
batch3,5,828.0,medium (500–1000),91,0,1.0531787692307693,91,0.0151718816153846,91,35.59140516360937,91,39.72348330869698,91,32.28426586778585,91,10.042010677655757,91,0.0006341328990908,-2.237926580665397e-05,-0.0018407,1.5261000000000788e-05,5.609262636363636,-0.0114457654376924,7.683799523990656e-05,-0.0254450982463654,0.0115110146761396,accepted,5.6C(36%)-4.3C-newstructure
batch3,6,667.0,medium (500–1000),91,0,1.0529569846153846,91,0.013746279076923,91,34.115817620720705,91,37.01743090956861,91,31.43104686423182,91,10.082544725274769,91,0.0053645684656088,-0.0002030154196528,-0.0186739,0.0002643309999999,5.90107309090909,-0.0285175611004537,0.0002980518398608,-0.0532016465912453,0.0285833754302791,accepted,3.7C(31%)-5.9C-newstructure
batch3,7,1836.0,long (>1000),91,0,1.0702813296703295,91,0.0154242547142857,91,32.808879475206744,91,34.28913968958037,91,31.259379424839626,91,11.040780219780252,91,0.0004918251198895,-1.0694795349574862e-05,-0.0018107999999998,5.844999999999982e-05,4.368764727272727,-0.0070377790148798,3.2453221357996856e-05,-0.0170590218350703,0.0070860304726872,accepted,4.8C(80%)-4.8C-newstructure
batch3,8,828.0,medium (500–1000),91,0,1.0681321461538462,91,0.0152446946043956,91,33.068549203584894,91,35.097737468481,91,31.27462993695713,91,10.043185439560489,91,0.0004613301768455,-1.3573261665868152e-05,-0.0009093,-2.2286999999999307e-05,5.003187,-0.011806368426415,8.094615840627263e-05,-0.0268489706128323,0.0118063923009216,accepted,5C(67%)-4C-newstructure
batch3,9,1039.0,long (>1000),91,0,1.0729908626373623,91,0.0157949702857142,91,33.09866042369786,91,35.115827682084735,91,31.314089364855324,91,10.04111170329672,91,0.00028485548135,-8.854330307374407e-06,-0.0003318000000001,7.507400000000136e-05,5.303317,-0.014478011810756,0.0001041604978476,-0.0295752747869662,0.014478011810756,accepted,5.3C(54%)-4C-newstructure
batch3,10,1078.0,long (>1000),91,0,1.0644749285714286,91,0.0153654141648351,91,32.54399223428314,91,34.8049718788191,91,30.701990520122433,91,11.038963479853486,91,0.0004832016131516,-1.0829767478889911e-05,-0.001916,2.1705000000000335e-05,4.366635454545454,-0.0083351835824898,3.878323894759448e-05,-0.0190930258852295,0.0083351835824898,accepted,4.8C(80%)-4.8C-newstructure
batch3,11,817.0,medium (500–1000),91,0,1.0698716164835165,91,0.0155213863076923,91,34.21806492719247,91,37.644616364481685,91,31.37971658410665,91,10.042474047619098,91,0.0007197069881036,-2.6095773212293817e-05,-0.0023049000000001,1.9944000000000905e-05,5.604650363636363,-0.0156206911756534,0.0001303403357952,-0.034087374997818,0.0156469782026673,accepted,5.6C(19%)-4.6C-newstructure
batch3,12,932.0,medium (500–1000),91,0,1.0764089472527474,91,0.0160442633956043,91,33.23519248947025,91,35.574348927373805,91,31.23959468223829,91,10.042464597069564,91,0.0004058924905113,-1.403298136645261e-05,-0.0010042999999999,3.557799999999792e-05,5.602399636363637,-0.0153148930636195,0.0001130342411889,-0.0317349217881972,0.0153148930636195,accepted,5.6C(36%)-4.3C-newstructure
batch3,13,816.0,medium (500–1000),91,0,1.0688204197802196,91,0.0151227033736263,91,34.130941749387844,91,37.257621839520205,91,31.338305665400796,91,10.042348919413891,91,0.0006895107064223,-2.3632121356909914e-05,-0.0016103999999999,-9.288699999999984e-05,5.603689727272727,-0.0117654801974339,8.045138308284514e-05,-0.0276460839609007,0.0117654801974339,accepted,5.6C(19%)-4.6C-newstructure
batch3,14,858.0,medium (500–1000),91,0,1.077195581318681,91,0.015546697032967,91,33.13147973943754,91,35.51498902890774,91,31.083632749232976,91,10.04189241758244,91,0.000384680138098,-7.178810320113945e-06,7.359999999989597e-05,8.781000000001107e-06,5.604952,-0.0132035573326509,0.0001000765453483,-0.0292823603627372,0.0132142476910731,accepted,5.6C(36%)-4.3C-newstructure
batch3,15,876.0,medium (500–1000),91,0,1.0706127043956042,91,0.0153007984835164,91,33.52853845600545,91,36.84860843164023,91,30.892344757535895,91,10.041694835164904,91,0.0005858602717205,-1.980556458034287e-05,-0.0015450999999999,-1.5318000000000276e-05,5.907599727272727,-0.01334033083158,9.984253014088351e-05,-0.0294843450023362,0.0133639385628543,accepted,5.9C(15%)-4.6C-newstructure
batch3,16,1638.0,long (>1000),91,0,1.0635941010989012,91,0.0153039655164835,91,34.95522704674217,91,37.84986899726886,91,31.991540662333605,91,11.04023639194139,91,0.0006256901395871,-1.883284280936714e-05,-0.0010419999999999,1.1260000000005987e-06,4.365435545454544,-0.0053233023549801,2.020628622431914e-05,-0.0134519956396188,0.0056527599490907,accepted,4.8C(80%)-4.8C-newstructure
batch3,17,1315.0,long (>1000),91,0,1.0669601131868132,91,0.0154408818241758,91,35.095867839816854,91,37.43470808452706,91,32.47602651274004,91,10.042097307692297,91,0.0013982274957331,-1.4394919573166945e-06,-0.0024626999999999,-7.325099999999987e-05,5.306667,-0.0072362168298251,3.633180045384266e-05,-0.0178823915504138,0.0077288199909553,accepted,5.3C(54%)-4C-newstructure
batch3,18,1146.0,long (>1000),91,0,1.0688358879120878,91,0.0150125167142857,91,35.30985537838845,91,37.99532327372496,91,32.412012714711054,91,10.043114267399243,91,0.000962628038795,-3.550209428252919e-05,-0.0030027999999999,5.100400000000033e-05,5.602683999999999,-0.0103422572436678,5.571190370898626e-05,-0.0234557699816599,0.0103422572436678,accepted,5.6C(19%)-4.6C-newstructure
batch3,19,1155.0,long (>1000),91,0,1.0726756901098902,91,0.0154603294285714,91,35.11627590175709,91,37.90750564567227,91,32.13535380733202,91,10.043198241758194,91,0.0009421201627835,-3.5161089345438536e-05,-0.0030269999999998,4.6941e-05,5.6024794545454535,-0.01154547966315,6.730667325120848e-05,-0.0252936577042025,0.0115456309997419,accepted,5.6C(36%)-4.3C-newstructure
batch3,20,813.0,medium (500–1000),91,0,1.0675296890109889,91,0.015258267032967,91,33.11391708302053,91,35.760750013088355,91,30.866544154804785,91,10.043402454212483,91,0.0004527759763578,-1.5147082337950086e-05,-0.0010921000000001,7.372899999999981e-05,5.007868636363636,-0.0119193833873199,8.583320053473407e-05,-0.0280719935724769,0.0119193833873199,accepted,5C(67%)-4C-newstructure
batch3,21,772.0,medium (500–1000),91,0,1.0614211648351646,91,0.014105092043956,91,34.92716014483845,91,37.930041643508495,91,32.075242149135455,91,10.080266025641029,91,0.0043738942981023,-0.000165483624781,-0.0147861999999998,0.0002012849999999,5.901506636363636,-0.0235387042230519,0.0001975483079849,-0.0432761485780055,0.0235446764403337,accepted,3.7C(31%)-5.9C-newstructure
batch3,22,1002.0,long (>1000),91,0,1.0581935967032965,91,0.0156770545274725,91,34.63132729414493,91,37.55169419523968,91,31.64945617274125,91,10.042516941391874,91,0.0006521453165345,-2.3564351011294974e-05,-0.0015982999999999,2.3399999999826337e-07,5.902782818181818,-0.0137225505163629,8.977958692912617e-05,-0.02840932971863,0.0137225505163629,accepted,5.9C(60%)-3.1C-newstructure
batch3,23,,unavailable life,91,0,1.0681548208791212,91,0.0152568289560439,91,34.94510048395426,91,38.2149795451217,91,31.805413872732235,91,11.038425604395592,91,0.0005424568864622,-1.0243317407231192e-05,-0.0014676,-4.934999999999315e-06,4.366715181818181,-0.0068086586843723,2.8589729471192788e-05,-0.0156083197208289,0.0071009247205114,accepted,4.8C(80%)-4.8C-newstructure
batch3,24,825.0,medium (500–1000),91,0,1.0506127439560438,91,0.0155441387912087,91,34.700446770400006,91,37.26471307820583,91,32.0984039315807,91,10.041816959706937,91,0.0003087769314241,-2.15247650899136e-07,0.0001227999999999,4.869100000000001e-05,5.005732454545455,-0.010345482795288,6.994312062017459e-05,-0.0247723986145858,0.010345482795288,accepted,5C(67%)-4C-newstructure
batch3,25,989.0,medium (500–1000),91,0,1.064983831868132,91,0.0156385508351648,91,35.59607204985471,91,38.92090922380145,91,32.24536147779434,91,10.042504725274735,91,0.0003510201782357,-2.9054260232480894e-06,0.0001602,7.419100000000123e-05,5.301728727272727,-0.0109258216461676,7.135743905511085e-05,-0.0265762492097603,0.0109258216461676,accepted,5.3C(54%)-4C-newstructure
batch3,26,1028.0,long (>1000),91,0,1.0752355,91,0.0155899342307692,91,35.76291274854084,91,39.16431080920562,91,32.34210502268337,91,10.042283937728902,91,0.0003574127035608,-9.675868768901348e-06,-0.0005151999999999,6.278499999999923e-05,5.605451454545454,-0.0101395927834648,6.032434097872005e-05,-0.0241791392678879,0.0101487083470511,accepted,5.6C(19%)-4.6C-newstructure
batch3,27,850.0,medium (500–1000),91,0,1.0638216736263737,91,0.0149139767472527,91,35.324266419529465,91,38.4786412703192,91,32.18328230954632,91,10.045011721611743,91,0.0004467149085478,-1.3569039655995085e-05,-0.0010832,6.352599999999951e-05,5.602541818181818,-0.0107099108732285,7.410844302086189e-05,-0.0266002908070785,0.0107541384013529,accepted,5.6C(36%)-4.3C-newstructure
batch3,28,541.0,medium (500–1000),91,0,1.043820959340659,91,0.0134412833296703,91,35.72293765850798,91,39.566122209843854,91,32.312166137425436,91,10.091233113553178,91,0.005414313691708,-0.0002047446169772,-0.0184483000000001,0.000384098,5.90237009090909,-0.0302561192147094,0.0003534614925326,-0.0578311205506406,0.0302595764323368,accepted,3.7C(31%)-5.9C-newstructure
batch3,29,858.0,medium (500–1000),91,0,1.0706823153846154,91,0.0148153801978022,91,31.270035996854823,91,31.681090867679043,91,30.851009411771035,91,10.041987307692274,91,0.0004357334531627,-8.117663640705664e-06,-0.0002109999999999,-9.631900000000096e-05,5.905182545454545,-0.0113005751485532,8.638212824469724e-05,-0.0289214751611649,0.0113773183952448,accepted,5.9C(15%)-4.6C-newstructure
batch3,30,935.0,medium (500–1000),91,0,1.0718096351648352,91,0.015566454087912,91,32.251224165061636,91,33.96309272318298,91,30.748356023515697,91,10.043419908424884,91,0.000375267961558,-1.2096585443535233e-05,-0.0006960999999998,3.995099999999987e-05,5.303289272727272,-0.0111375708993828,7.939158148811134e-05,-0.0267371697557434,0.0111532808771506,accepted,5.3C(54%)-4C-newstructure
batch3,31,731.0,medium (500–1000),91,0,1.070885821978022,91,0.0158726897032967,91,34.01108300144201,91,36.77937665931109,91,31.325665569928564,91,10.045659761904709,91,0.0005506441022015,-1.799799808886109e-05,-0.0010414,9.08969999999995e-05,5.900500909090908,-0.0163505485614894,0.0001446761604603,-0.0356194097392656,0.0163581992464132,accepted,5.9C(60%)-3.1C-newstructure
batch3,32,,unavailable life,91,0,1.0743559043956044,91,0.0153613759450549,91,35.46623729799321,91,38.151163414056384,91,32.252182745469476,91,11.039413772893797,91,0.0005456302970799,-1.5948668577794883e-05,-0.0012216999999998,-5.8759999999999715e-05,4.369850181818181,-0.0032569008987653,2.1215204766387927e-05,-0.0101214004162617,0.0046387790730098,accepted,4.8C(80%)-4.8C-newstructure
batch3,33,1284.0,long (>1000),91,0,1.062204853846154,91,0.0153331667692307,91,33.12068377442862,91,34.29304593262315,91,31.691829969176155,91,10.043273534798557,91,0.0005656988239352,-1.9696050326486636e-05,-0.0015305000000001,3.306999999999269e-06,5.006016818181818,-0.0078486783617875,4.0188487978171294e-05,-0.0198859256479102,0.0078731783055266,accepted,5C(67%)-4C-newstructure
batch3,34,1158.0,long (>1000),91,0,1.0632662000000002,91,0.0152969911538461,91,35.79776713861069,91,39.01722722500728,91,32.25191118054439,91,10.043507087912095,91,0.0007869744361229,-2.89226739926711e-05,-0.0024827999999998,2.3565000000001432e-05,5.303351636363636,-0.0095520055677729,4.946983882423062e-05,-0.0215098927699143,0.0095539995596086,accepted,5.3C(54%)-4C-newstructure
batch3,35,1093.0,long (>1000),91,0,1.0645070571428574,91,0.0153690171758241,91,35.55319918303348,91,38.563815675168215,91,32.25979813449367,91,10.04362437728935,91,0.0007007666156341,-2.5849850294632247e-05,-0.0019807,2.9447000000000154e-05,5.606952999999999,-0.009826425701495,5.8229318902417414e-05,-0.0230280751526336,0.0098376414741795,accepted,5.6C(19%)-4.6C-newstructure
batch3,36,923.0,medium (500–1000),91,0,1.0594015769230771,91,0.015127845087912,91,35.895392837699205,91,39.414892824678624,91,32.18943806209024,91,10.043489890109916,91,0.0008511785827867,-3.125922599139511e-05,-0.002261,3.5846999999998574e-05,5.605191272727272,-0.0099083574699246,5.5788165335225655e-05,-0.0229818135179924,0.0099516775845418,accepted,5.6C(36%)-4.3C-newstructure
batch3,37,1390.0,long (>1000),91,0,1.0495570802197802,91,0.0147047295934065,91,35.01801023180783,91,37.831503043531505,91,31.988575022144108,91,11.038430769230729,91,0.001936199574781,-1.1054983277591193e-05,-0.0003543000000001,2.4874999999998856e-05,4.373390909090909,-0.0010767977663257,7.96423654716803e-06,-0.0084398229887185,0.0021765420090845,accepted,4.8C(80%)-4.8C-newstructure
batch3,38,1935.0,long (>1000),91,0,1.0720267340659342,91,0.0158287448681318,91,34.76766970582287,91,37.76934088392071,91,31.52627232457487,91,10.043664212454171,91,0.0004106602908649,-1.464993948081487e-05,-0.0012724000000001,-6.540000000002794e-06,5.003679454545455,-0.0086930833729754,4.5493249228224246e-05,-0.0201470057216749,0.008911695339998,accepted,5C(67%)-4C-newstructure
batch3,39,1156.0,long (>1000),91,0,1.0507221032967031,91,0.0155561977472527,91,33.897654387505355,91,36.09066646701555,91,31.4054275108626,91,10.043042142857145,91,0.0005887008905586,-1.87077990125832e-05,-0.0009133999999999,-1.0096999999998845e-05,5.303251090909091,-0.0064284385895605,3.510467231268054e-05,-0.0174579176948327,0.0067695798651406,accepted,5.3C(54%)-4C-newstructure
batch3,40,796.0,medium (500–1000),91,0,1.063136730769231,91,0.0153798199560439,91,34.080462713172146,91,37.56402713275497,91,30.95630972364551,91,10.043786648351642,91,0.0005901350325123,-2.0118948877207215e-05,-0.0014722999999998,-0.0001511389999999,5.605437545454545,-0.0090788614789257,5.068643250322407e-05,-0.0220537944821722,0.0090971827351251,accepted,5.6C(19%)-4.6C-newstructure
batch3,41,786.0,medium (500–1000),91,0,1.0545433,91,0.0182955428241758,91,33.654851088210236,91,36.65721354600144,91,30.83048852655739,91,10.043180164835102,91,0.0002636533119247,1.1853320593366784e-07,0.0003908999999999,5.2467000000000485e-05,5.603984454545453,-0.0097480505250246,6.03240691683163e-05,-0.0241929936990986,0.0097503793892449,accepted,5.6C(36%)-4.3C-newstructure
batch3,42,1642.0,long (>1000),91,0,1.0696212681318682,91,0.0161146277912087,91,33.06488737559217,91,35.611333339810955,91,30.708071479849178,91,11.03845604395602,91,0.000268571224933,-5.098993470293996e-06,-0.0001573999999999,-0.000482796,4.366198454545454,0.0007845194706261,4.5061465820542114e-05,-0.0056097890463586,0.0040104368754215,accepted,4.8C(80%)-4.8C-newstructure
batch3,43,1046.0,long (>1000),91,0,1.0729930351648351,91,0.0158294503076923,91,33.91226835365639,91,36.977022027000615,91,30.8868078263697,91,10.043630366300306,91,0.0002031962917277,-4.090297818121304e-06,-0.0001888000000001,-0.0002333639999999,5.021840909090908,-0.0032660569334268,4.822275074444368e-05,-0.0129763989917587,0.0060270343418984,accepted,5C(67%)-4C-newstructure
batch3,44,940.0,medium (500–1000),91,0,1.0734825934065937,91,0.0155661546923076,91,33.363634157603535,91,36.35874897390992,91,30.6474392130435,91,10.043224322344283,91,0.0003046082207988,-6.09089345437082e-06,0.0001800999999999,9.350999999999455e-06,5.303420999999999,-0.0112310610964919,7.387618796699746e-05,-0.0259851318875047,0.0112310610964919,accepted,5.3C(54%)-4C-newstructure
batch3,45,1801.0,long (>1000),91,0,1.071540015384615,91,0.0156126756593406,91,32.7403094734237,91,34.700079574516664,91,30.865563883661157,91,11.038641739926762,91,0.0003682617613489,-5.629530179966145e-06,-0.0002056999999999,6.607000000002222e-06,4.367783272727273,-0.0071317524619861,3.014041303195534e-05,-0.0164779607403006,0.0071317524619861,accepted,4.8C(80%)-4.8C-newstructure
