batch,cell_id,charging_policy,life_unavailable,no_valid_IR_full,high_QD_full,high_QD_early,temperature_review,temperature_unavailable,early_rows,n_QD_early,n_IR_early,QD_coverage,IR_coverage
batch1,0,3.6C(80%)-3.6C,False,False,True,True,False,False,91,91,91,1.0,1.0
batch1,1,3.6C(80%)-3.6C,False,False,False,False,False,False,91,91,90,1.0,0.989010989010989
batch1,2,3.6C(80%)-3.6C,False,False,False,False,False,False,91,91,90,1.0,0.989010989010989
batch1,3,4C(80%)-4C,False,False,False,False,False,False,91,91,90,1.0,0.989010989010989
batch1,4,4C(80%)-4C,False,False,False,False,False,False,91,91,90,1.0,0.989010989010989
batch1,5,4.4C(80%)-4.4C,False,False,False,False,False,False,91,91,91,1.0,1.0
batch1,6,4.8C(80%)-4.8C,False,False,False,False,False,False,91,91,90,1.0,0.989010989010989
batch1,7,4.8C(80%)-4.8C,False,False,False,False,False,False,91,91,90,1.0,0.989010989010989
batch1,8,5.4C(40%)-3.6C,False,False,False,False,False,False,91,91,91,1.0,1.0
batch1,9,5.4C(40%)-3.6C,False,False,False,False,False,False,91,91,91,1.0,1.0
batch1,10,5.4C(50%)-3C,False,False,False,False,False,False,91,91,90,1.0,0.989010989010989
batch1,11,5.4C(50%)-3C,False,False,False,False,False,False,91,91,90,1.0,0.989010989010989
batch1,12,5.4C(50%)-3.6C,False,False,False,False,False,False,91,91,91,1.0,1.0
batch1,13,5.4C(50%)-3.6C,False,False,False,False,False,False,91,91,91,1.0,1.0
batch1,14,5.4C(60%)-3C,False,False,False,False,False,False,91,91,91,1.0,1.0
batch1,15,5.4C(60%)-3C,False,False,False,False,False,False,91,91,91,1.0,1.0
batch1,16,5.4C(60%)-3.6C,False,False,False,False,False,False,91,91,90,1.0,0.989010989010989
batch1,17,5.4C(60%)-3.6C,False,False,False,False,False,False,91,91,91,1.0,1.0
batch1,18,5.4C(70%)-3C,False,False,True,True,False,False,91,91,91,1.0,1.0
batch1,19,5.4C(70%)-3C,False,False,False,False,False,False,91,91,91,1.0,1.0
batch1,20,5.4C(80%)-5.4C,False,False,False,False,False,False,91,91,90,1.0,0.989010989010989
batch1,21,5.4C(80%)-5.4C,False,False,False,False,False,False,91,91,90,1.0,0.989010989010989
batch1,22,6C(30%)-3.6C,False,False,False,False,False,False,91,91,91,1.0,1.0
batch1,23,6C(30%)-3.6C,False,False,False,False,False,False,91,91,91,1.0,1.0
batch1,24,6C(40%)-3C,False,False,False,False,False,False,91,91,91,1.0,1.0
batch1,25,6C(40%)-3C,False,False,False,False,False,False,91,91,91,1.0,1.0
batch1,26,6C(40%)-3.6C,False,False,False,False,False,False,91,91,91,1.0,1.0
batch1,27,6C(40%)-3.6C,False,False,False,False,False,False,91,91,91,1.0,1.0
batch1,28,6C(50%)-3C,False,False,False,False,False,False,91,91,91,1.0,1.0
batch1,29,6C(50%)-3C,False,False,False,False,False,False,91,91,91,1.0,1.0
batch1,30,6C(50%)-3.6C,False,False,False,False,False,False,91,91,91,1.0,1.0
batch1,31,6C(50%)-3.6C,False,False,False,False,False,False,91,91,91,1.0,1.0
batch1,32,6C(60%)-3C,False,False,False,False,False,False,91,91,91,1.0,1.0
batch1,33,6C(60%)-3C,False,False,False,False,False,False,91,91,91,1.0,1.0
batch1,34,7C(30%)-3.6C,False,False,False,False,False,False,91,91,91,1.0,1.0
batch1,35,7C(30%)-3.6C,False,False,False,False,False,False,91,91,91,1.0,1.0
batch1,36,7C(40%)-3C,False,False,False,False,False,False,91,91,91,1.0,1.0
batch1,37,7C(40%)-3C,False,False,False,False,False,False,91,91,91,1.0,1.0
batch1,38,7C(40%)-3.6C,False,False,False,False,False,False,91,91,91,1.0,1.0
batch1,39,7C(40%)-3.6C,False,False,False,False,False,False,91,91,91,1.0,1.0
batch1,40,8C(15%)-3.6C,False,False,False,False,False,False,91,91,91,1.0,1.0
batch1,41,8C(15%)-3.6C,False,False,False,False,False,False,91,91,91,1.0,1.0
batch1,42,8C(25%)-3.6C,False,False,False,False,False,False,91,91,91,1.0,1.0
batch1,43,8C(25%)-3.6C,False,False,False,False,False,False,91,91,91,1.0,1.0
batch1,44,8C(35%)-3.6C,False,False,False,False,False,False,91,91,91,1.0,1.0
batch1,45,8C(35%)-3.6C,False,False,False,False,False,False,91,91,91,1.0,1.0
batch2,0,5.2C(58%)-4C,False,False,False,False,False,False,91,91,91,1.0,1.0
batch2,1,5.6C(26%)-4.5C,False,False,False,False,False,False,91,91,91,1.0,1.0
batch2,2,5.2C(50%)-4.25C,False,False,False,False,False,False,91,91,91,1.0,1.0
batch2,3,4.65C(44%)-5C,False,False,False,False,False,False,91,91,91,1.0,1.0
batch2,4,4.65C(69%)-6C,False,False,False,False,False,False,91,91,91,1.0,1.0
batch2,5,3.6C(30%)-6C,False,False,False,False,False,False,91,91,91,1.0,1.0
batch2,6,3.6C(9%)-5C,False,False,False,False,False,False,91,91,91,1.0,1.0
batch2,7,4.8C(80%)-4.8C-newstructure,False,False,False,False,False,False,91,91,91,1.0,1.0
batch2,8,5.2C(58%)-4C-newstructure,False,False,False,False,False,False,91,91,91,1.0,1.0
batch2,9,5.6C(26%)-4.5C-newstructure,False,False,False,False,False,False,91,91,91,1.0,1.0
batch2,10,4.8C(80%)-4.8C,False,False,False,False,False,False,91,91,91,1.0,1.0
batch2,11,5.2C(50%)-4.25C,False,False,False,False,False,False,91,91,91,1.0,1.0
batch2,12,4.65C(44%)-5C,False,False,False,False,False,False,91,91,91,1.0,1.0
batch2,13,4.65C(69%)-6C,False,False,False,False,False,False,91,91,91,1.0,1.0
batch2,14,3.6C(30%)-6C,False,False,False,False,False,False,91,91,91,1.0,1.0
batch2,15,3.6C(9%)-5C,False,False,False,False,False,False,91,91,91,1.0,1.0
batch2,16,4.8C(80%)-4.8C,False,False,False,False,False,False,91,91,91,1.0,1.0
batch2,17,5.6C(26%)-4.5C,False,False,False,False,False,False,91,91,91,1.0,1.0
batch2,18,5.2C(50%)-4.25C,False,False,False,False,False,False,91,91,91,1.0,1.0
batch2,19,6C(60%)-3C,False,False,False,False,False,False,91,91,91,1.0,1.0
batch2,20,5.2C(58%)-4C,False,False,False,False,False,False,91,91,91,1.0,1.0
batch2,21,6C(60%)-3C,False,False,False,False,False,False,91,91,91,1.0,1.0
batch2,22,VarCharge-2C-100cycles,True,False,True,True,False,False,91,91,91,1.0,1.0
batch2,23,VarCharge-4C-100cycles,True,False,True,True,False,False,91,91,91,1.0,1.0
batch2,24,4.8C(80%)-4.8C,False,False,False,False,False,False,91,91,91,1.0,1.0
batch2,25,5.2C(58%)-4C,False,False,False,False,False,False,91,91,91,1.0,1.0
batch2,26,5.6C(26%)-4.5C,False,False,False,False,False,False,91,91,91,1.0,1.0
batch2,27,5.2C(50%)-4.25C,False,False,False,False,False,False,91,91,91,1.0,1.0
batch2,28,4.8C(80%)-4.8C,False,False,False,False,False,False,91,91,91,1.0,1.0
batch2,29,5.2C(58%)-4C,False,False,False,False,False,False,91,91,91,1.0,1.0
batch2,30,5.6C(26%)-4.5C,False,False,False,False,False,False,91,91,91,1.0,1.0
batch2,31,5.6C(26%)-4.5C,False,False,False,False,False,False,91,91,91,1.0,1.0
batch2,32,4.8C(80%)-4.8C-newstructure,False,False,False,False,False,False,91,91,91,1.0,1.0
batch2,33,5.2C(58%)-4C-newstructure,False,False,False,False,False,False,91,91,91,1.0,1.0
batch2,34,5.6C(26%)-4.5C-newstructure,False,False,False,False,False,False,91,91,91,1.0,1.0
batch2,35,VarCharge-6C-100cycles,True,False,True,True,False,False,91,91,91,1.0,1.0
batch2,36,VarCharge-8C-100cycles,True,False,True,True,False,False,91,91,91,1.0,1.0
batch2,37,3.6C(80%)-3.6C(SLOWCYCLE,True,False,True,True,False,False,91,91,91,1.0,1.0
batch2,38,4.8C(80%)-4.8C(SLOWCYCLE,True,False,True,True,True,False,91,91,91,1.0,1.0
batch2,39,3.6C(9%)-5C(SLOWCYCLE,True,False,True,True,False,False,91,91,91,1.0,1.0
batch2,40,5.2C(58%)-4C(SLOWCYCLE,True,True,True,True,False,False,91,91,0,1.0,0.0
batch2,41,5.6C(26%)-4.5C,False,True,False,False,False,False,91,91,0,1.0,0.0
batch2,42,5.2C(50%)-4.25C,False,True,False,False,False,False,91,91,0,1.0,0.0
batch2,43,4.8C(80%)-4.8C-newstructure,False,True,False,False,False,False,91,91,0,1.0,0.0
batch2,44,5.2C(58%)-4C-newstructure,False,True,False,False,False,False,91,91,0,1.0,0.0
batch2,45,5.6C(26%)-4.5C-newstructure,False,True,False,False,False,False,91,91,0,1.0,0.0
batch2,46,4.8C(80%)-4.8C,False,True,False,False,False,False,91,91,0,1.0,0.0
batch3,0,5C(67%)-4C-newstructure,False,False,False,False,False,False,91,91,91,1.0,1.0
batch3,1,5.3C(54%)-4C-newstructure,False,False,False,False,False,False,91,91,91,1.0,1.0
batch3,2,5.6C(19%)-4.6C-newstructure,False,False,False,False,False,False,91,91,91,1.0,1.0
batch3,3,5.6C(36%)-4.3C-newstructure,False,False,False,False,False,False,91,91,91,1.0,1.0
batch3,4,5.6C(19%)-4.6C-newstructure,False,False,False,False,False,False,91,91,91,1.0,1.0
batch3,5,5.6C(36%)-4.3C-newstructure,False,False,False,False,False,False,91,91,91,1.0,1.0
batch3,6,3.7C(31%)-5.9C-newstructure,False,False,False,False,False,False,91,91,91,1.0,1.0
batch3,7,4.8C(80%)-4.8C-newstructure,False,False,False,False,False,False,91,91,91,1.0,1.0
batch3,8,5C(67%)-4C-newstructure,False,False,False,False,False,False,91,91,91,1.0,1.0
batch3,9,5.3C(54%)-4C-newstructure,False,False,False,False,False,False,91,91,91,1.0,1.0
batch3,10,4.8C(80%)-4.8C-newstructure,False,False,False,False,False,False,91,91,91,1.0,1.0
batch3,11,5.6C(19%)-4.6C-newstructure,False,False,False,False,False,False,91,91,91,1.0,1.0
batch3,12,5.6C(36%)-4.3C-newstructure,False,False,False,False,False,False,91,91,91,1.0,1.0
batch3,13,5.6C(19%)-4.6C-newstructure,False,False,False,False,False,False,91,91,91,1.0,1.0
batch3,14,5.6C(36%)-4.3C-newstructure,False,False,False,False,False,False,91,91,91,1.0,1.0
batch3,15,5.9C(15%)-4.6C-newstructure,False,False,False,False,False,False,91,91,91,1.0,1.0
batch3,16,4.8C(80%)-4.8C-newstructure,False,False,False,False,False,False,91,91,91,1.0,1.0
batch3,17,5.3C(54%)-4C-newstructure,False,False,False,False,False,False,91,91,91,1.0,1.0
batch3,18,5.6C(19%)-4.6C-newstructure,False,False,False,False,False,False,91,91,91,1.0,1.0
batch3,19,5.6C(36%)-4.3C-newstructure,False,False,False,False,False,False,91,91,91,1.0,1.0
batch3,20,5C(67%)-4C-newstructure,False,False,False,False,False,False,91,91,91,1.0,1.0
batch3,21,3.7C(31%)-5.9C-newstructure,False,False,False,False,False,False,91,91,91,1.0,1.0
batch3,22,5.9C(60%)-3.1C-newstructure,False,False,False,False,False,False,91,91,91,1.0,1.0
batch3,23,4.8C(80%)-4.8C-newstructure,True,False,False,False,False,False,91,91,91,1.0,1.0
batch3,24,5C(67%)-4C-newstructure,False,False,False,False,False,False,91,91,91,1.0,1.0
batch3,25,5.3C(54%)-4C-newstructure,False,False,False,False,False,False,91,91,91,1.0,1.0
batch3,26,5.6C(19%)-4.6C-newstructure,False,False,False,False,False,False,91,91,91,1.0,1.0
batch3,27,5.6C(36%)-4.3C-newstructure,False,False,False,False,False,False,91,91,91,1.0,1.0
batch3,28,3.7C(31%)-5.9C-newstructure,False,False,False,False,False,False,91,91,91,1.0,1.0
batch3,29,5.9C(15%)-4.6C-newstructure,False,False,False,False,False,False,91,91,91,1.0,1.0
batch3,30,5.3C(54%)-4C-newstructure,False,False,False,False,False,False,91,91,91,1.0,1.0
batch3,31,5.9C(60%)-3.1C-newstructure,False,False,False,False,False,False,91,91,91,1.0,1.0
batch3,32,4.8C(80%)-4.8C-newstructure,True,False,False,False,False,False,91,91,91,1.0,1.0
batch3,33,5C(67%)-4C-newstructure,False,False,False,False,False,False,91,91,91,1.0,1.0
batch3,34,5.3C(54%)-4C-newstructure,False,False,False,False,False,False,91,91,91,1.0,1.0
batch3,35,5.6C(19%)-4.6C-newstructure,False,False,False,False,False,False,91,91,91,1.0,1.0
batch3,36,5.6C(36%)-4.3C-newstructure,False,False,False,False,False,False,91,91,91,1.0,1.0
batch3,37,4.8C(80%)-4.8C-newstructure,False,False,False,False,False,False,91,91,91,1.0,1.0
batch3,38,5C(67%)-4C-newstructure,False,False,False,False,False,False,91,91,91,1.0,1.0
batch3,39,5.3C(54%)-4C-newstructure,False,False,False,False,False,False,91,91,91,1.0,1.0
batch3,40,5.6C(19%)-4.6C-newstructure,False,False,False,False,False,False,91,91,91,1.0,1.0
batch3,41,5.6C(36%)-4.3C-newstructure,False,False,False,False,False,False,91,91,91,1.0,1.0
batch3,42,4.8C(80%)-4.8C-newstructure,False,False,False,False,False,False,91,91,91,1.0,1.0
batch3,43,5C(67%)-4C-newstructure,False,False,False,False,False,False,91,91,91,1.0,1.0
batch3,44,5.3C(54%)-4C-newstructure,False,False,False,False,False,False,91,91,91,1.0,1.0
batch3,45,4.8C(80%)-4.8C-newstructure,False,False,False,False,False,False,91,91,91,1.0,1.0
