config_id,model,feature_set,target,alpha,mean_fold_mape_pct,std_fold_mape_pct,worst_fold_mape_pct,mean_fold_mae_cycles,mean_fold_rmse_cycles,pooled_oof_mape_pct,oof_n,nonpositive_prediction_n
ridge_F1_raw_a0.1,ridge,F1,raw,0.1,8.612354696640903,2.0018130394540234,10.985725795636975,69.84021955953946,88.02789590397296,8.650341954573092,29,0
ols_F1_raw,ols,F1,raw,,8.616771550592237,1.991772773222,10.996752792131934,69.88948881753592,88.07825991440443,8.656104841254766,29,0
ridge_F1_raw_a1,ridge,F1,raw,1.0,8.631432647151202,2.0226851817515885,10.890617950867957,69.75745030522492,87.70186944087469,8.659763960522588,29,0
ridge_F1_log10_a1,ridge,F1,log10,1.0,8.864133931368036,1.7920420054548707,10.43429132662419,71.52940870150367,90.43457870181025,8.834735251922927,29,0
ridge_F1_log10_a0.1,ridge,F1,log10,0.1,8.872678623803193,1.7258250121501941,10.450673345049443,71.78622906940976,90.88006051092444,8.847852808874372,29,0
ols_F1_log10,ols,F1,log10,,8.873788925496992,1.7191237238941948,10.46747562298447,71.81672409975518,90.94293423881018,8.84948342783636,29,0
ridge_F1_log10_a10,ridge,F1,log10,10.0,9.451563887279258,1.9228915702023226,11.675472065417669,74.32519963129371,92.595919920918,9.405603103254318,29,0
ridge_F1_raw_a10,ridge,F1,raw,10.0,9.564891853216,1.815607638093341,11.68928976265714,74.55660181482693,91.2477933803975,9.536513914829667,29,0
ridge_F2_log10_a10,ridge,F2,log10,10.0,9.972797096484374,2.0128720499839834,12.423522003618274,78.21294345848084,95.39433713422775,9.961190529162241,29,0
ridge_F2_raw_a10,ridge,F2,raw,10.0,9.975645280517636,2.0361651247517534,12.313669809225646,77.65563447477938,93.54250535477887,9.979811489148151,29,0
ridge_F2_raw_a1,ridge,F2,raw,1.0,10.644971920005956,3.837989012281357,16.312266712218666,81.37916379157522,99.07541710160699,10.449547961653794,29,0
ridge_F2_log10_a1,ridge,F2,log10,1.0,10.686784036082017,4.014434284065981,16.707022160329835,82.40028251632134,101.12248715707321,10.479189618004504,29,0
ridge_F2_log10_a0.1,ridge,F2,log10,0.1,11.057564521164014,4.72354369277846,18.66973356612278,84.57792369482459,103.88611428740248,10.795075933406816,29,0
ols_F2_log10,ols,F2,log10,,11.11645460806648,4.81007301514604,18.92831390411059,84.92278737956411,104.27375352947976,10.847080149582204,29,0
ridge_F2_raw_a0.1,ridge,F2,raw,0.1,11.252249294744402,4.315521752756891,18.354963294269634,84.9374572444145,102.2927792441491,11.007328122346982,29,0
ols_F2_raw,ols,F2,raw,,11.331986390517415,4.390400417543729,18.619838666490825,85.40362978341889,102.75051671306639,11.080681139621777,29,0
ridge_F2_log10_a100,ridge,F2,log10,100.0,12.891817600434402,1.3878918847838109,14.317634696932544,98.7687610114683,115.79053820214054,12.842651493658606,29,0
ridge_F2_raw_a100,ridge,F2,raw,100.0,13.257806464471859,1.5934186258992047,15.509341128033629,100.19847859915085,116.35804873191744,13.180167338142141,29,0
ridge_F1_log10_a100,ridge,F1,log10,100.0,13.544756977104925,2.33455901656944,17.08696719505287,102.88947533704079,121.69001892878626,13.422611797175684,29,0
ridge_F1_raw_a100,ridge,F1,raw,100.0,13.939917562267265,2.747068730670563,18.490535280838245,104.41288632789545,122.21805218735346,13.78299970990275,29,0
median_raw,median,F1,raw,,16.416236409378765,4.523413379906837,24.199422848569636,123.54,145.1697221851675,16.147850670096325,29,0
