batch,cell_id,cycle_life,known_life,mask_high_QD,median_window,min_span,n_fit,segment_start,segment_end,candidate_cycle,pre_slope,post_slope,relative_sse_improvement,fit_a,fit_b,fit_c,status
batch1,0,1190.0,True,True,11,75,1167,18.0,1184.0,293.0,-3.250772702436902e-05,-4.475843569787118e-05,0.09116902638064106,1.0778803219219837,-3.250772702436902e-05,-1.2250708673502164e-05,best_split_unconfirmed
batch1,1,1179.0,True,True,11,75,1159,15.0,1173.0,420.0,-2.4403457797310494e-05,-4.386778536205635e-05,0.9052860632067232,1.0826205958294468,-2.4403457797310494e-05,-1.9464327564745858e-05,candidate_passed_heuristic
batch1,2,1177.0,True,True,11,75,1157,15.0,1171.0,445.0,-2.3505143895800372e-05,-4.463942052972131e-05,0.8482794029488863,1.0868131050974157,-2.3505143895800372e-05,-2.113427663392094e-05,candidate_passed_heuristic
batch1,3,1226.0,True,True,11,75,1206,15.0,1220.0,960.0,-4.553954501521201e-05,-0.0002500562615765964,0.9296359301430861,1.0904007664959836,-4.553954501521201e-05,-0.00020451671656138438,candidate_passed_heuristic
batch1,4,1227.0,True,True,11,75,1207,15.0,1221.0,895.0,-3.9950232741176445e-05,-8.585102552648852e-05,0.8462413824175812,1.0871332903895328,-3.9950232741176445e-05,-4.590079278531208e-05,candidate_passed_heuristic
batch1,5,1074.0,True,True,11,75,1054,15.0,1068.0,880.0,-7.023835687211141e-05,-0.0006881269504980037,0.9411872723547253,1.0898953566145682,-7.023835687211141e-05,-0.0006178885936258923,candidate_passed_heuristic
batch1,6,636.0,True,True,11,75,616,15.0,630.0,510.0,-0.00011122425939741703,-0.0010973492187042186,0.9575679234435835,1.0894363055026413,-0.00011122425939741703,-0.0009861249593068016,candidate_passed_heuristic
batch1,7,870.0,True,True,11,75,850,15.0,864.0,640.0,-7.715220022027872e-05,-0.0006981230165338625,0.9605574575562302,1.1045596022300992,-7.715220022027872e-05,-0.0006209708163135838,candidate_passed_heuristic
batch1,8,879.0,True,True,11,75,859,15.0,873.0,675.0,-5.9392488843144054e-05,-0.0004207371679362839,0.9524843206717662,1.1007478343526083,-5.9392488843144054e-05,-0.00036134467909313984,candidate_passed_heuristic
batch1,9,1054.0,True,True,11,75,1034,15.0,1048.0,790.0,-6.318778509385573e-05,-0.0005530428535073669,0.9577051021755857,1.0960502635452358,-6.318778509385573e-05,-0.0004898550684135112,candidate_passed_heuristic
batch1,10,906.0,True,True,11,75,886,15.0,900.0,690.0,-5.70618076669532e-05,-0.0003691155739164375,0.9308350913428322,1.0882480396570255,-5.70618076669532e-05,-0.0003120537662494843,candidate_passed_heuristic
batch1,11,788.0,True,True,11,75,768,15.0,782.0,590.0,-6.310278333431935e-05,-0.0007036131876833824,0.9719288827216447,1.0666412685047775,-6.310278333431935e-05,-0.000640510404349063,candidate_passed_heuristic
batch1,12,902.0,True,True,11,75,882,15.0,896.0,685.0,-5.856418598860876e-05,-0.000567463469766772,0.9553371072776429,1.0891929832941756,-5.856418598860876e-05,-0.0005088992837781632,candidate_passed_heuristic
batch1,13,897.0,True,True,11,75,877,15.0,891.0,705.0,-6.266320759324409e-05,-0.0005833105693205863,0.9398613549393373,1.091641532072705,-6.266320759324409e-05,-0.0005206473617273423,candidate_passed_heuristic
batch1,14,880.0,True,True,11,75,860,15.0,874.0,655.0,-6.608245116856028e-05,-0.0006802822076612512,0.9792955882608521,1.0837279100488841,-6.608245116856028e-05,-0.0006141997564926909,candidate_passed_heuristic
batch1,15,719.0,True,True,11,75,699,15.0,713.0,550.0,-6.673353093629734e-05,-0.0008767802391710951,0.9737560104756985,1.0746527830010115,-6.673353093629734e-05,-0.0008100467082347978,candidate_passed_heuristic
batch1,16,862.0,True,True,11,75,842,15.0,856.0,670.0,-6.477608092247315e-05,-0.0008359729143386943,0.9722720042856391,1.094046605293864,-6.477608092247315e-05,-0.0007711968334162212,candidate_passed_heuristic
batch1,17,857.0,True,True,11,75,837,15.0,851.0,650.0,-6.055794489197129e-05,-0.0007429520815001752,0.970408513378859,1.084397166899471,-6.055794489197129e-05,-0.0006823941366082039,candidate_passed_heuristic
batch1,18,691.0,True,True,11,75,640,46.0,685.0,566.0,-0.0001275944351738178,-0.0009738258379509402,0.9763727679641278,1.0718042885471424,-0.0001275944351738178,-0.0008462314027771223,candidate_passed_heuristic
batch1,19,788.0,True,True,11,75,768,15.0,782.0,575.0,-8.987854826873729e-05,-0.0007346462624565062,0.97902180909497,1.0959083734837618,-8.987854826873729e-05,-0.0006447677141877689,candidate_passed_heuristic
batch1,20,534.0,True,True,11,75,514,15.0,528.0,415.0,-0.000273831415452584,-0.000698352092152248,0.9058723643863319,1.0835483981776401,-0.000273831415452584,-0.000424520676699664,candidate_passed_heuristic
batch1,21,559.0,True,True,11,75,539,15.0,553.0,435.0,-0.00020199296979557188,-0.0008623686315329972,0.9312941721663739,1.0937053599344873,-0.00020199296979557188,-0.0006603756617374253,candidate_passed_heuristic
batch1,22,891.0,True,True,11,75,871,15.0,885.0,655.0,-5.5630834884975194e-05,-0.00032647676405737463,0.9205818275871267,1.0886053532994944,-5.5630834884975194e-05,-0.0002708459291723994,candidate_passed_heuristic
batch1,23,1014.0,True,True,11,75,994,15.0,1008.0,765.0,-6.357089928440401e-05,-0.0005808249773994905,0.9593668449971465,1.0904654516252898,-6.357089928440401e-05,-0.0005172540781150865,candidate_passed_heuristic
batch1,24,1017.0,True,True,11,75,997,15.0,1011.0,755.0,-6.541670334970877e-05,-0.0005394518018512022,0.9661718868363632,1.0859137536646495,-6.541670334970877e-05,-0.00047403509850149346,candidate_passed_heuristic
batch1,25,854.0,True,True,11,75,834,15.0,848.0,610.0,-6.85460820445074e-05,-0.0006168429057422252,0.9775232340172807,1.0854719006449023,-6.85460820445074e-05,-0.0005482968236977178,candidate_passed_heuristic
batch1,26,870.0,True,True,11,75,850,15.0,864.0,650.0,-7.33137370543618e-05,-0.0007109618920827429,0.9658861175321443,1.0981994722224333,-7.33137370543618e-05,-0.0006376481550283811,candidate_passed_heuristic
batch1,27,842.0,True,True,11,75,822,15.0,836.0,635.0,-7.069754387722989e-05,-0.0007111670786053422,0.9655200106486894,1.0892729980566338,-7.069754387722989e-05,-0.0006404695347281123,candidate_passed_heuristic
batch1,28,860.0,True,True,11,75,840,15.0,854.0,625.0,-6.954657409340614e-05,-0.0006651954419831647,0.9792839591726831,1.0876426423153704,-6.954657409340614e-05,-0.0005956488678897586,candidate_passed_heuristic
batch1,29,917.0,True,True,11,75,897,15.0,911.0,680.0,-7.28902336101768e-05,-0.0006365758752208105,0.9739437664144645,1.0903286939356176,-7.28902336101768e-05,-0.0005636856416106337,candidate_passed_heuristic
batch1,30,709.0,True,True,11,75,689,15.0,703.0,550.0,-7.95028625721879e-05,-0.0009781301915151607,0.9745905233592609,1.089615939677339,-7.95028625721879e-05,-0.0008986273289429728,candidate_passed_heuristic
batch1,31,876.0,True,True,11,75,856,15.0,870.0,670.0,-7.494109196332377e-05,-0.0007878606187300069,0.9760031218487069,1.1040804278166694,-7.494109196332377e-05,-0.0007129195267666831,candidate_passed_heuristic
batch1,32,731.0,True,True,11,75,711,15.0,725.0,545.0,-8.196746928979313e-05,-0.0008404243677770011,0.9739464916101122,1.0880211803409938,-8.196746928979313e-05,-0.000758456898487208,candidate_passed_heuristic
batch1,33,757.0,True,True,11,75,737,15.0,751.0,555.0,-8.702584656717847e-05,-0.0008210183106593952,0.9666319608363695,1.103112987957026,-8.702584656717847e-05,-0.0007339924640922167,candidate_passed_heuristic
batch1,34,742.0,True,True,11,75,722,15.0,736.0,580.0,-7.316565229631034e-05,-0.0009462911259490947,0.9669230390408297,1.087469682791812,-7.316565229631034e-05,-0.0008731254736527844,candidate_passed_heuristic
batch1,35,703.0,True,True,11,75,683,15.0,697.0,520.0,-6.968733273949733e-05,-0.0008402591219031419,0.9698354476725889,1.0813353829893448,-6.968733273949733e-05,-0.0007705717891636445,candidate_passed_heuristic
batch1,36,704.0,True,True,11,75,684,15.0,698.0,525.0,-7.964463857567527e-05,-0.0008849016853025807,0.9756543304753393,1.0884014997026679,-7.964463857567527e-05,-0.0008052570467269055,candidate_passed_heuristic
batch1,37,648.0,True,True,11,75,628,15.0,642.0,480.0,-8.551021290220609e-05,-0.0008945103375913946,0.9742402160440273,1.0848479868981395,-8.551021290220609e-05,-0.0008090001246891885,candidate_passed_heuristic
batch1,38,617.0,True,True,11,75,597,15.0,611.0,470.0,-8.607571456061328e-05,-0.001052916764516863,0.9705241587772253,1.08338155508498,-8.607571456061328e-05,-0.0009668410499562497,candidate_passed_heuristic
batch1,39,625.0,True,True,11,75,605,15.0,619.0,470.0,-8.823941515393023e-05,-0.0010711896101353508,0.9750082711055271,1.0933833526143675,-8.823941515393023e-05,-0.0009829501949814206,candidate_passed_heuristic
batch1,40,966.0,True,True,11,75,946,15.0,960.0,690.0,-6.789220489451191e-05,-0.0005404292922882053,0.954204560616135,1.0943641746163553,-6.789220489451191e-05,-0.0004725370873936934,candidate_passed_heuristic
batch1,41,1051.0,True,True,11,75,1031,15.0,1045.0,800.0,-6.727265908527266e-05,-0.0005773745558130043,0.9691791485057453,1.0908523893783715,-6.727265908527266e-05,-0.0005101018967277317,candidate_passed_heuristic
batch1,42,702.0,True,True,11,75,682,15.0,696.0,495.0,-7.694251598296073e-05,-0.0007973520386607006,0.9799027257646681,1.0907342929530202,-7.694251598296073e-05,-0.0007204095226777398,candidate_passed_heuristic
batch1,43,651.0,True,True,11,75,631,15.0,645.0,485.0,-8.081086466253575e-05,-0.0008992993883674553,0.9819967603146248,1.0765125708240386,-8.081086466253575e-05,-0.0008184885237049195,candidate_passed_heuristic
batch1,44,616.0,True,True,11,75,596,15.0,610.0,430.0,-9.646607915600375e-05,-0.0008969178706973246,0.9762675561949054,1.0941621447808034,-9.646607915600375e-05,-0.0008004517915413209,candidate_passed_heuristic
batch1,45,599.0,True,True,11,75,579,15.0,593.0,430.0,-9.454966266407008e-05,-0.0009901631151045286,0.9759273771257756,1.0947313733653898,-9.454966266407008e-05,-0.0008956134524404585,candidate_passed_heuristic
batch2,0,477.0,True,True,11,75,458,15.0,472.0,365.0,-0.00010149777877521186,-0.0016199800052842323,0.9116420367686067,1.1162159758229944,-0.00010149777877521186,-0.0015184822265090203,candidate_passed_heuristic
batch2,1,491.0,True,True,11,75,472,15.0,486.0,345.0,-0.00016460248806292714,-0.0010460954981457399,0.8635927497176372,1.1165219671759792,-0.00016460248806292714,-0.0008814930100828127,candidate_passed_heuristic
batch2,2,424.0,True,True,11,75,405,15.0,419.0,325.0,-0.00011457670074519642,-0.0013078031850941967,0.8495086737210867,1.0855637991125497,-0.00011457670074519642,-0.0011932264843490003,candidate_passed_heuristic
batch2,3,499.0,True,True,11,75,480,15.0,494.0,380.0,-0.00015344976551303876,-0.0013418080872567794,0.8921128911233813,1.1155400467341867,-0.00015344976551303876,-0.0011883583217437406,candidate_passed_heuristic
batch2,4,444.0,True,True,11,75,425,15.0,439.0,310.0,-0.0001541369954053212,-0.0010620938935450223,0.884793204329636,1.0953123288868731,-0.0001541369954053212,-0.0009079568981397012,candidate_passed_heuristic
batch2,5,416.0,True,True,11,75,397,15.0,411.0,245.0,-0.0002293606460061735,-0.0008505471831312218,0.914249337059727,1.0976422206575602,-0.0002293606460061735,-0.0006211865371250482,candidate_passed_heuristic
batch2,6,393.0,True,True,11,75,374,15.0,388.0,265.0,-0.00012039321822889922,-0.0012534308395639826,0.9077179473134686,1.1003975638635985,-0.00012039321822889922,-0.0011330376213350834,candidate_passed_heuristic
batch2,7,777.0,True,True,11,75,758,15.0,772.0,585.0,-9.168099707493836e-05,-0.0007478670581187544,0.914548458981227,1.1051778781461994,-9.168099707493836e-05,-0.0006561860610438161,candidate_passed_heuristic
batch2,8,904.0,True,True,11,75,885,15.0,899.0,695.0,-3.5624879866900174e-05,-0.0008582861972697649,0.9552439138409681,1.099872709824214,-3.5624879866900174e-05,-0.0008226613174028647,candidate_passed_heuristic
batch2,9,791.0,True,True,11,75,772,15.0,786.0,605.0,-5.014657586609323e-05,-0.000883555465963987,0.9279673677578582,1.1066121633367962,-5.014657586609323e-05,-0.0008334088900978937,candidate_passed_heuristic
batch2,10,492.0,True,True,11,75,473,15.0,487.0,345.0,-8.5934823162809e-05,-0.0012809803624272012,0.9286589304170014,1.1225477706768914,-8.5934823162809e-05,-0.0011950455392643923,candidate_passed_heuristic
batch2,11,449.0,True,True,11,75,430,15.0,444.0,340.0,-4.3777308780035765e-05,-0.001776036122547002,0.9394218986668503,1.1111323192755675,-4.3777308780035765e-05,-0.0017322588137669663,candidate_passed_heuristic
batch2,12,466.0,True,True,11,75,447,15.0,461.0,305.0,-0.00013781035477105879,-0.0010491732725790264,0.9143066775093818,1.1150467514662425,-0.00013781035477105879,-0.0009113629178079677,candidate_passed_heuristic
batch2,13,460.0,True,True,11,75,441,15.0,455.0,330.0,-0.00011381797334249196,-0.001255474382116473,0.9324880588902238,1.1042123441332963,-0.00011381797334249196,-0.001141656408773981,candidate_passed_heuristic
batch2,14,426.0,True,True,11,75,407,15.0,421.0,320.0,-0.00020494083730681972,-0.001258590406241726,0.9155551605832938,1.0913646683015,-0.00020494083730681972,-0.0010536495689349062,candidate_passed_heuristic
batch2,15,396.0,True,True,11,75,377,15.0,391.0,275.0,-0.00014134939424881662,-0.0011421382162828276,0.902931956914973,1.0846491488411192,-0.00014134939424881662,-0.001000788822034011,candidate_passed_heuristic
batch2,16,472.0,True,True,11,75,453,15.0,467.0,335.0,-0.00015632746216101632,-0.00109364895582907,0.8929437076981632,1.1081801014846329,-0.00015632746216101632,-0.0009373214936680537,candidate_passed_heuristic
batch2,17,471.0,True,True,11,75,452,15.0,466.0,295.0,-0.0001358882332201617,-0.0008526449518754161,0.9094477441763842,1.10135807239766,-0.0001358882332201617,-0.0007167567186552544,candidate_passed_heuristic
batch2,18,449.0,True,True,11,75,430,15.0,444.0,345.0,-0.00012070862478547772,-0.0013733908242179013,0.8969234385136857,1.092625604963439,-0.00012070862478547772,-0.0012526821994324237,candidate_passed_heuristic
batch2,19,392.0,True,True,11,75,373,15.0,387.0,290.0,-0.00011005929533792549,-0.001595818843750052,0.9132276647299163,1.102473230792379,-0.00011005929533792549,-0.0014857595484121264,candidate_passed_heuristic
batch2,20,489.0,True,True,11,75,470,15.0,484.0,385.0,-2.5380556021349745e-05,-0.0018563009661721433,0.9419100661853552,1.1077991652173176,-2.5380556021349745e-05,-0.0018309204101507935,candidate_passed_heuristic
batch2,21,408.0,True,True,11,75,389,15.0,403.0,290.0,-9.616058519367733e-05,-0.0014958817055351688,0.9307870245601927,1.108872778941763,-9.616058519367733e-05,-0.0013997211203414916,candidate_passed_heuristic
batch2,22,,False,True,11,75,811,105.0,915.0,345.0,-5.880440107412777e-05,-2.8205107194194024e-05,0.38935400436161405,1.0915478697475367,-5.880440107412777e-05,3.0599293879933744e-05,best_split_unconfirmed
batch2,23,,False,True,11,75,890,105.0,994.0,250.0,1.6844130724992063e-05,-7.556362848930325e-05,0.5484638363912273,1.078139010284483,1.6844130724992063e-05,-9.240775921429531e-05,candidate_passed_heuristic
batch2,24,514.0,True,True,11,75,495,15.0,509.0,380.0,-8.487259256840665e-05,-0.001282363975525593,0.9280980217856071,1.1068686418918632,-8.487259256840665e-05,-0.0011974913829571863,candidate_passed_heuristic
batch2,25,493.0,True,True,11,75,474,15.0,488.0,385.0,-4.228322234358405e-05,-0.0017152260446296399,0.9423960347428838,1.1105053755993721,-4.228322234358405e-05,-0.0016729428222860558,candidate_passed_heuristic
batch2,26,450.0,True,True,11,75,431,15.0,445.0,320.0,-0.0001763107545895058,-0.0011927608709513765,0.8943001869172906,1.1169762687247946,-0.0001763107545895058,-0.0010164501163618708,candidate_passed_heuristic
batch2,27,474.0,True,True,11,75,455,15.0,469.0,365.0,-4.6395428640164973e-05,-0.0017244078619365235,0.9419010771358574,1.1075878421162582,-4.6395428640164973e-05,-0.0016780124332963586,candidate_passed_heuristic
batch2,28,437.0,True,True,11,75,418,15.0,432.0,310.0,-0.00013389010031939798,-0.0012670075269366199,0.908675356118232,1.1064058434570465,-0.00013389010031939798,-0.001133117426617222,candidate_passed_heuristic
batch2,29,452.0,True,True,11,75,433,15.0,447.0,340.0,-5.2015433983523044e-05,-0.0017534850015710965,0.9430834315333022,1.1189550631665863,-5.2015433983523044e-05,-0.0017014695675875735,candidate_passed_heuristic
batch2,30,412.0,True,True,11,75,393,15.0,407.0,300.0,-0.0001618978069024049,-0.0012424765511068966,0.9215308267419747,1.1023673567788612,-0.0001618978069024049,-0.0010805787442044917,candidate_passed_heuristic
batch2,31,425.0,True,True,11,75,406,15.0,420.0,295.0,-0.00017245190716555327,-0.0011345830577875733,0.8863618997993216,1.1114038244304547,-0.00017245190716555327,-0.0009621311506220201,candidate_passed_heuristic
batch2,32,809.0,True,True,11,75,790,15.0,804.0,600.0,-8.623988025167645e-05,-0.0006708573823498549,0.9210601173541035,1.1003554777198843,-8.623988025167645e-05,-0.0005846175020981784,candidate_passed_heuristic
batch2,33,1140.0,True,True,11,75,1121,15.0,1135.0,905.0,-5.720254792476084e-05,-0.0005822687640920912,0.9820297956736793,1.077398070738388,-5.720254792476084e-05,-0.0005250662161673304,candidate_passed_heuristic
batch2,34,1186.0,True,True,11,75,1167,15.0,1181.0,940.0,-5.973152844276309e-05,-0.0005243379469432293,0.9730444132769142,1.0730510983828103,-5.973152844276309e-05,-0.0004646064185004662,candidate_passed_heuristic
batch2,35,,False,True,11,75,314,105.0,418.0,305.0,-0.00033069502477761626,-0.0006799202437544293,0.9201214183002465,1.0352882930828884,-0.00033069502477761626,-0.00034922521897681296,candidate_passed_heuristic
batch2,36,,False,True,11,75,171,105.0,275.0,180.0,-0.0005198443262705529,-0.0008224772999255571,0.8773028138927762,1.0073507135216915,-0.0005198443262705529,-0.0003026329736550043,candidate_passed_heuristic
batch2,37,,False,True,11,75,80,15.0,94.0,,,,,,,,insufficient_record
batch2,38,,False,True,11,75,80,15.0,94.0,,,,,,,,insufficient_record
batch2,39,,False,True,11,75,324,106.0,429.0,311.0,-0.0002622230484935646,-0.0009972953237593273,0.9393968094950249,1.0743206505559113,-0.0002622230484935646,-0.0007350722752657628,candidate_passed_heuristic
batch2,40,,False,True,11,75,349,106.0,454.0,346.0,-0.00026940922639296326,-0.001161376093588914,0.9380706624285936,1.0925351237600427,-0.00026940922639296326,-0.0008919668671959507,candidate_passed_heuristic
batch2,41,442.0,True,True,11,75,423,15.0,437.0,315.0,-0.00013506532713865224,-0.001338500798916509,0.9108914746041186,1.1171752806568693,-0.00013506532713865224,-0.0012034354717778567,candidate_passed_heuristic
batch2,42,474.0,True,True,11,75,455,15.0,469.0,335.0,-4.215993378541114e-05,-0.001421881873498061,0.9411010719720757,1.115272155155445,-4.215993378541114e-05,-0.00137972193971265,candidate_passed_heuristic
batch2,43,1029.0,True,True,11,75,1010,15.0,1024.0,805.0,-4.773035018893741e-05,-0.0007464307347475855,0.9436462198910517,1.1080064666940999,-4.773035018893741e-05,-0.0006987003845586482,candidate_passed_heuristic
batch2,44,841.0,True,True,11,75,822,15.0,836.0,690.0,-4.34969251432288e-05,-0.001209719249742949,0.9495920543578952,1.1066835695052126,-4.34969251432288e-05,-0.0011662223245997201,candidate_passed_heuristic
batch2,45,997.0,True,True,11,75,978,15.0,992.0,740.0,-3.955704106435113e-05,-0.0006872973106334763,0.9378377742723067,1.1105876348905332,-3.955704106435113e-05,-0.0006477402695691252,candidate_passed_heuristic
batch2,46,503.0,True,True,11,75,484,15.0,498.0,385.0,-0.00014990943783660534,-0.0013836894150920731,0.9046648965201846,1.1162907162075884,-0.00014990943783660534,-0.0012337799772554677,candidate_passed_heuristic
batch3,0,1009.0,True,True,11,75,989,15.0,1003.0,840.0,-6.306307266926256e-05,-0.000768548429572898,0.9512256591208379,1.0780945162811972,-6.306307266926256e-05,-0.0007054853569036354,candidate_passed_heuristic
batch3,1,1063.0,True,True,11,75,1043,15.0,1057.0,870.0,-5.951751050442233e-05,-0.0007021114716228384,0.973929011406567,1.0742356565668014,-5.951751050442233e-05,-0.0006425939611184161,candidate_passed_heuristic
batch3,2,1267.0,True,True,11,75,1247,15.0,1261.0,985.0,-5.266081975185574e-05,-0.0004707363258880426,0.9855388703661165,1.0672307233979177,-5.266081975185574e-05,-0.00041807550613618685,candidate_passed_heuristic
batch3,3,1115.0,True,True,11,75,1095,15.0,1109.0,905.0,-5.7029658749859836e-05,-0.0006292744484085483,0.9689601997365027,1.0713474854108433,-5.7029658749859836e-05,-0.0005722447896586884,candidate_passed_heuristic
batch3,4,1048.0,True,True,11,75,1028,15.0,1042.0,815.0,-6.335343319496245e-05,-0.000604543975391737,0.9607091084055289,1.082148305874571,-6.335343319496245e-05,-0.0005411905421967746,candidate_passed_heuristic
batch3,5,828.0,True,True,11,75,808,15.0,822.0,675.0,-8.231695709791376e-05,-0.0007258653422142777,0.930564953728706,1.0614657185173453,-8.231695709791376e-05,-0.0006435483851163639,candidate_passed_heuristic
batch3,6,667.0,True,True,11,75,647,15.0,661.0,460.0,-0.00020905824710799596,-0.0003875353642085182,0.9678084172020291,1.0614764691856784,-0.00020905824710799596,-0.00017847711710052225,candidate_passed_heuristic
batch3,7,1836.0,True,True,11,75,1816,15.0,1830.0,1420.0,-4.148163056596227e-05,-0.00030431873659668765,0.9686581505867357,1.077473214148643,-4.148163056596227e-05,-0.00026283710603072536,candidate_passed_heuristic
batch3,8,828.0,True,True,11,75,808,15.0,822.0,680.0,-7.164128164380417e-05,-0.0008651838505743863,0.9460394192208542,1.075841273668464,-7.164128164380417e-05,-0.0007935425689305821,candidate_passed_heuristic
batch3,9,1039.0,True,True,11,75,1019,15.0,1033.0,845.0,-5.489775511563027e-05,-0.0007265000699776954,0.9494820714288068,1.0811851099111074,-5.489775511563027e-05,-0.0006716023148620652,candidate_passed_heuristic
batch3,10,1078.0,True,True,11,75,1058,15.0,1072.0,875.0,-5.6433107229507845e-05,-0.0006857768036599898,0.9739225571608068,1.0715203183064126,-5.6433107229507845e-05,-0.000629343696430482,candidate_passed_heuristic
batch3,11,817.0,True,True,11,75,797,15.0,811.0,640.0,-8.625540956204932e-05,-0.0007211659422554297,0.940187000841187,1.0784652123454561,-8.625540956204932e-05,-0.0006349105326933803,candidate_passed_heuristic
batch3,12,932.0,True,True,11,75,912,15.0,926.0,750.0,-6.192956165814708e-05,-0.0007804167953215377,0.9431477761283042,1.0847832447558354,-6.192956165814708e-05,-0.0007184872336633907,candidate_passed_heuristic
batch3,13,816.0,True,True,11,75,796,15.0,810.0,625.0,-8.623221694232505e-05,-0.0006483105467213416,0.9388246557341401,1.0771235125836296,-8.623221694232505e-05,-0.0005620783297790166,candidate_passed_heuristic
batch3,14,858.0,True,True,11,75,838,15.0,852.0,665.0,-7.044291814771025e-05,-0.0007028471616861123,0.9381114489030975,1.0854881636230005,-7.044291814771025e-05,-0.000632404243538402,candidate_passed_heuristic
batch3,15,876.0,True,True,11,75,856,15.0,870.0,670.0,-7.889283949600546e-05,-0.0006166083531611921,0.9343321564653841,1.0791494577100915,-7.889283949600546e-05,-0.0005377155136651866,candidate_passed_heuristic
batch3,16,1638.0,True,True,11,75,1618,15.0,1632.0,1295.0,-4.6639824598286536e-05,-0.0003605217334379694,0.9837028996582339,1.069440459655049,-4.6639824598286536e-05,-0.0003138819088396829,candidate_passed_heuristic
batch3,17,1315.0,True,True,11,75,1295,15.0,1309.0,1025.0,-5.260308489381816e-05,-0.0004580386543977921,0.9849705484160446,1.0730404283647765,-5.260308489381816e-05,-0.0004054355695039739,candidate_passed_heuristic
batch3,18,1146.0,True,True,11,75,1126,15.0,1140.0,905.0,-6.15006511124699e-05,-0.0005654064439062618,0.979081704816004,1.0750098756860857,-6.15006511124699e-05,-0.0005039057927937919,candidate_passed_heuristic
batch3,19,1155.0,True,True,11,75,1135,15.0,1149.0,905.0,-6.025486964870707e-05,-0.0005598802598979225,0.9857775219552443,1.078481384143282,-6.025486964870707e-05,-0.0004996253902492155,candidate_passed_heuristic
batch3,20,813.0,True,True,11,75,793,15.0,807.0,675.0,-7.032341157518471e-05,-0.0009786231017805283,0.9538696178677077,1.0751713746163372,-7.032341157518471e-05,-0.0009082996902053435,candidate_passed_heuristic
batch3,21,772.0,True,True,11,75,752,15.0,766.0,590.0,-0.00015357914484568136,-0.00044667979349803427,0.936209391734242,1.0675163282424904,-0.00015357914484568136,-0.0002931006486523529,candidate_passed_heuristic
batch3,22,1002.0,True,True,11,75,982,15.0,996.0,865.0,-5.682231508696769e-05,-0.0008470431055408965,0.9404407617831668,1.0651386368783304,-5.682231508696769e-05,-0.0007902207904539288,candidate_passed_heuristic
batch3,23,,False,True,11,75,2170,15.0,2184.0,1855.0,-3.685940638771875e-05,-0.00018052138025461943,0.9671258561132192,1.071457563131335,-3.685940638771875e-05,-0.00014366197386690067,candidate_passed_heuristic
batch3,24,825.0,True,True,11,75,805,15.0,819.0,680.0,-7.319327853429417e-05,-0.0007694671728221696,0.9298221887648214,1.0587888997489496,-7.319327853429417e-05,-0.0006962738942878754,candidate_passed_heuristic
batch3,25,989.0,True,True,11,75,969,15.0,983.0,820.0,-5.9967537574860607e-05,-0.000757102383117668,0.9623867360715608,1.0722153044767642,-5.9967537574860607e-05,-0.0006971348455428074,candidate_passed_heuristic
batch3,26,1028.0,True,True,11,75,1008,15.0,1022.0,795.0,-6.196112906588717e-05,-0.0006123738234381362,0.9705977724548919,1.0823627532316633,-6.196112906588717e-05,-0.0005504126943722491,candidate_passed_heuristic
batch3,27,850.0,True,True,11,75,830,15.0,844.0,675.0,-7.287045220969486e-05,-0.0007397228008913739,0.9536105793700665,1.0713399785358728,-7.287045220969486e-05,-0.000666852348681679,candidate_passed_heuristic
batch3,28,541.0,True,True,11,75,521,15.0,535.0,375.0,-0.00023640152895207316,-0.0004779455784499519,0.9535472384061713,1.0539296532617666,-0.00023640152895207316,-0.00024154404949787878,candidate_passed_heuristic
batch3,29,858.0,True,True,11,75,838,15.0,852.0,665.0,-8.07750829501276e-05,-0.0006662410649400353,0.9433942206653826,1.0790822525027177,-8.07750829501276e-05,-0.0005854659819899076,candidate_passed_heuristic
batch3,30,935.0,True,True,11,75,915,15.0,929.0,760.0,-6.052249894165202e-05,-0.0007602593083101973,0.9467757022407884,1.0788993256737982,-6.052249894165202e-05,-0.0006997368093685452,candidate_passed_heuristic
batch3,31,731.0,True,True,11,75,711,15.0,725.0,595.0,-7.683327333953625e-05,-0.0010110433758238003,0.9510244537066229,1.0788229688184523,-7.683327333953625e-05,-0.0009342101024842641,candidate_passed_heuristic
batch3,32,,False,True,11,75,2218,15.0,2232.0,1925.0,-3.6070426382397006e-05,-0.00010258337898009953,0.9248729793960876,1.0773558678355606,-3.6070426382397006e-05,-6.651295259770252e-05,candidate_passed_heuristic
batch3,33,1284.0,True,True,11,75,1264,15.0,1278.0,1085.0,-5.296134405997875e-05,-0.0006095194270227601,0.9753720475040729,1.0679338410374415,-5.296134405997875e-05,-0.0005565580829627814,candidate_passed_heuristic
batch3,34,1158.0,True,True,11,75,1138,15.0,1152.0,925.0,-5.918609016939609e-05,-0.0005612463357967147,0.9880285500159138,1.068962346388142,-5.918609016939609e-05,-0.0005020602456273186,candidate_passed_heuristic
batch3,35,1093.0,True,True,11,75,1073,15.0,1087.0,850.0,-6.339479032955034e-05,-0.0005391463263375216,0.9686693160920264,1.0715521392848901,-6.339479032955034e-05,-0.0004757515360079712,candidate_passed_heuristic
batch3,36,923.0,True,True,11,75,903,15.0,917.0,790.0,-7.172683907046529e-05,-0.0008178361595679457,0.9271419895517472,1.066646494262423,-7.172683907046529e-05,-0.0007461093204974805,candidate_passed_heuristic
batch3,37,1390.0,True,True,11,75,1370,15.0,1384.0,1165.0,-5.448383657637499e-05,-0.0004412053742200633,0.9354970638074332,1.056381358152468,-5.448383657637499e-05,-0.00038672153764368833,candidate_passed_heuristic
batch3,38,1935.0,True,True,11,75,1915,15.0,1929.0,1520.0,-4.2429872921280164e-05,-0.000286015770298089,0.9730938253218683,1.0778120006809961,-4.2429872921280164e-05,-0.00024358589737680884,candidate_passed_heuristic
batch3,39,1156.0,True,True,11,75,1136,15.0,1150.0,1000.0,-5.737468089690627e-05,-0.0006884647858081555,0.952093550905119,1.0571994849460715,-5.737468089690627e-05,-0.0006310901049112492,candidate_passed_heuristic
batch3,40,796.0,True,True,11,75,776,15.0,790.0,620.0,-8.259467433853125e-05,-0.0007010930948570954,0.9454568574887745,1.0712651151879307,-8.259467433853125e-05,-0.0006184984205185642,candidate_passed_heuristic
batch3,41,786.0,True,True,11,75,766,15.0,780.0,600.0,-6.374472133973247e-05,-0.0006848510761604431,0.9521708583194123,1.0615380155338956,-6.374472133973247e-05,-0.0006211063548207106,candidate_passed_heuristic
batch3,42,1642.0,True,True,11,75,1622,15.0,1636.0,1295.0,-5.167782358914268e-05,-0.0003504102370126132,0.9512497430096375,1.0786384511602674,-5.167782358914268e-05,-0.00029873241342347055,candidate_passed_heuristic
batch3,43,1046.0,True,True,11,75,1026,15.0,1040.0,865.0,-5.615678562797526e-05,-0.0007736538673833842,0.9646499403041021,1.0806101003624398,-5.615678562797526e-05,-0.000717497081755409,candidate_passed_heuristic
batch3,44,940.0,True,True,11,75,920,15.0,934.0,785.0,-5.938701088324612e-05,-0.0008601329460391591,0.9351468460082688,1.0817051649523377,-5.938701088324612e-05,-0.0008007459351559129,candidate_passed_heuristic
batch3,45,1801.0,True,True,11,75,1781,15.0,1795.0,1425.0,-4.614346080314471e-05,-0.000333324459712993,0.9664046127949051,1.0795274899296095,-4.614346080314471e-05,-0.0002871809989098483,candidate_passed_heuristic
