batch,grouping,group,feature,target,n,pearson,spearman,status
batch1,all_entries,all,peak_I_native,QD_slope_masked,46,-0.15732850445102986,-0.44039469626888683,computed
batch1,all_entries,all,peak_I_native,cycle_life,46,-0.5798362002153401,-0.49506599329385853,computed
batch1,all_entries,all,mean_positive_I_native,QD_slope_masked,46,-0.33854858646388336,-0.3943879124267653,computed
batch1,all_entries,all,mean_positive_I_native,cycle_life,46,-0.6443924867089502,-0.638398915732494,computed
batch1,all_entries,all,positive_duration_native,QD_slope_masked,46,0.2579553302091031,0.32432932469935244,computed
batch1,all_entries,all,positive_duration_native,cycle_life,46,0.6180966917500955,0.656593068968035,computed
batch1,all_entries,all,near_peak_time_share,QD_slope_masked,46,-0.035081871741037204,0.2666049953746531,computed
batch1,all_entries,all,near_peak_time_share,cycle_life,46,0.40895185011544344,0.29659553528717647,computed
batch1,all_entries,all,late_minus_early_I_native,QD_slope_masked,46,0.480807065544429,0.34357076780758555,computed
batch1,all_entries,all,late_minus_early_I_native,cycle_life,46,0.7793244183235669,0.6956950796505199,computed
batch1,known_life,all,peak_I_native,QD_slope_masked,46,-0.15732850445102986,-0.44039469626888683,computed
batch1,known_life,all,peak_I_native,cycle_life,46,-0.5798362002153401,-0.49506599329385853,computed
batch1,known_life,all,mean_positive_I_native,QD_slope_masked,46,-0.33854858646388336,-0.3943879124267653,computed
batch1,known_life,all,mean_positive_I_native,cycle_life,46,-0.6443924867089502,-0.638398915732494,computed
batch1,known_life,all,positive_duration_native,QD_slope_masked,46,0.2579553302091031,0.32432932469935244,computed
batch1,known_life,all,positive_duration_native,cycle_life,46,0.6180966917500955,0.656593068968035,computed
batch1,known_life,all,near_peak_time_share,QD_slope_masked,46,-0.035081871741037204,0.2666049953746531,computed
batch1,known_life,all,near_peak_time_share,cycle_life,46,0.40895185011544344,0.29659553528717647,computed
batch1,known_life,all,late_minus_early_I_native,QD_slope_masked,46,0.480807065544429,0.34357076780758555,computed
batch1,known_life,all,late_minus_early_I_native,cycle_life,46,0.7793244183235669,0.6956950796505199,computed
batch1,known_life_no_time_gap,all,peak_I_native,QD_slope_masked,45,-0.17808123123620317,-0.47575757575757577,computed
batch1,known_life_no_time_gap,all,peak_I_native,cycle_life,45,-0.5930765592889172,-0.5168324670284332,computed
batch1,known_life_no_time_gap,all,mean_positive_I_native,QD_slope_masked,45,-0.4940830854088772,-0.4777338603425559,computed
batch1,known_life_no_time_gap,all,mean_positive_I_native,cycle_life,45,-0.7646159349108786,-0.7086105819449112,computed
batch1,known_life_no_time_gap,all,positive_duration_native,QD_slope_masked,45,0.43728139313693426,0.40289855072463765,computed
batch1,known_life_no_time_gap,all,positive_duration_native,cycle_life,45,0.7720212603659194,0.7280453273589822,computed
batch1,known_life_no_time_gap,all,near_peak_time_share,QD_slope_masked,45,-0.024376646332145972,0.3022397891963109,computed
batch1,known_life_no_time_gap,all,near_peak_time_share,cycle_life,45,0.4185079415600952,0.3203109566210634,computed
batch1,known_life_no_time_gap,all,late_minus_early_I_native,QD_slope_masked,45,0.506923396076645,0.3691699604743083,computed
batch1,known_life_no_time_gap,all,late_minus_early_I_native,cycle_life,45,0.7911520083575116,0.7186902973630566,computed
batch1,policy_known_life,3.6C(80%)-3.6C,peak_I_native,QD_slope_masked,3,,,insufficient_or_constant
batch1,policy_known_life,3.6C(80%)-3.6C,peak_I_native,cycle_life,3,,,insufficient_or_constant
batch1,policy_known_life,3.6C(80%)-3.6C,mean_positive_I_native,QD_slope_masked,3,,,insufficient_or_constant
batch1,policy_known_life,3.6C(80%)-3.6C,mean_positive_I_native,cycle_life,3,,,insufficient_or_constant
batch1,policy_known_life,3.6C(80%)-3.6C,positive_duration_native,QD_slope_masked,3,,,insufficient_or_constant
batch1,policy_known_life,3.6C(80%)-3.6C,positive_duration_native,cycle_life,3,,,insufficient_or_constant
batch1,policy_known_life,3.6C(80%)-3.6C,near_peak_time_share,QD_slope_masked,3,,,insufficient_or_constant
batch1,policy_known_life,3.6C(80%)-3.6C,near_peak_time_share,cycle_life,3,,,insufficient_or_constant
batch1,policy_known_life,3.6C(80%)-3.6C,late_minus_early_I_native,QD_slope_masked,3,,,insufficient_or_constant
batch1,policy_known_life,3.6C(80%)-3.6C,late_minus_early_I_native,cycle_life,3,,,insufficient_or_constant
batch1,policy_known_life,4.4C(80%)-4.4C,peak_I_native,QD_slope_masked,1,,,insufficient_or_constant
batch1,policy_known_life,4.4C(80%)-4.4C,peak_I_native,cycle_life,1,,,insufficient_or_constant
batch1,policy_known_life,4.4C(80%)-4.4C,mean_positive_I_native,QD_slope_masked,1,,,insufficient_or_constant
batch1,policy_known_life,4.4C(80%)-4.4C,mean_positive_I_native,cycle_life,1,,,insufficient_or_constant
batch1,policy_known_life,4.4C(80%)-4.4C,positive_duration_native,QD_slope_masked,1,,,insufficient_or_constant
batch1,policy_known_life,4.4C(80%)-4.4C,positive_duration_native,cycle_life,1,,,insufficient_or_constant
batch1,policy_known_life,4.4C(80%)-4.4C,near_peak_time_share,QD_slope_masked,1,,,insufficient_or_constant
batch1,policy_known_life,4.4C(80%)-4.4C,near_peak_time_share,cycle_life,1,,,insufficient_or_constant
batch1,policy_known_life,4.4C(80%)-4.4C,late_minus_early_I_native,QD_slope_masked,1,,,insufficient_or_constant
batch1,policy_known_life,4.4C(80%)-4.4C,late_minus_early_I_native,cycle_life,1,,,insufficient_or_constant
batch1,policy_known_life,4.8C(80%)-4.8C,peak_I_native,QD_slope_masked,2,,,insufficient_or_constant
batch1,policy_known_life,4.8C(80%)-4.8C,peak_I_native,cycle_life,2,,,insufficient_or_constant
batch1,policy_known_life,4.8C(80%)-4.8C,mean_positive_I_native,QD_slope_masked,2,,,insufficient_or_constant
batch1,policy_known_life,4.8C(80%)-4.8C,mean_positive_I_native,cycle_life,2,,,insufficient_or_constant
batch1,policy_known_life,4.8C(80%)-4.8C,positive_duration_native,QD_slope_masked,2,,,insufficient_or_constant
batch1,policy_known_life,4.8C(80%)-4.8C,positive_duration_native,cycle_life,2,,,insufficient_or_constant
batch1,policy_known_life,4.8C(80%)-4.8C,near_peak_time_share,QD_slope_masked,2,,,insufficient_or_constant
batch1,policy_known_life,4.8C(80%)-4.8C,near_peak_time_share,cycle_life,2,,,insufficient_or_constant
batch1,policy_known_life,4.8C(80%)-4.8C,late_minus_early_I_native,QD_slope_masked,2,,,insufficient_or_constant
batch1,policy_known_life,4.8C(80%)-4.8C,late_minus_early_I_native,cycle_life,2,,,insufficient_or_constant
batch1,policy_known_life,4C(80%)-4C,peak_I_native,QD_slope_masked,2,,,insufficient_or_constant
batch1,policy_known_life,4C(80%)-4C,peak_I_native,cycle_life,2,,,insufficient_or_constant
batch1,policy_known_life,4C(80%)-4C,mean_positive_I_native,QD_slope_masked,2,,,insufficient_or_constant
batch1,policy_known_life,4C(80%)-4C,mean_positive_I_native,cycle_life,2,,,insufficient_or_constant
batch1,policy_known_life,4C(80%)-4C,positive_duration_native,QD_slope_masked,2,,,insufficient_or_constant
batch1,policy_known_life,4C(80%)-4C,positive_duration_native,cycle_life,2,,,insufficient_or_constant
batch1,policy_known_life,4C(80%)-4C,near_peak_time_share,QD_slope_masked,2,,,insufficient_or_constant
batch1,policy_known_life,4C(80%)-4C,near_peak_time_share,cycle_life,2,,,insufficient_or_constant
batch1,policy_known_life,4C(80%)-4C,late_minus_early_I_native,QD_slope_masked,2,,,insufficient_or_constant
batch1,policy_known_life,4C(80%)-4C,late_minus_early_I_native,cycle_life,2,,,insufficient_or_constant
batch1,policy_known_life,5.4C(40%)-3.6C,peak_I_native,QD_slope_masked,2,,,insufficient_or_constant
batch1,policy_known_life,5.4C(40%)-3.6C,peak_I_native,cycle_life,2,,,insufficient_or_constant
batch1,policy_known_life,5.4C(40%)-3.6C,mean_positive_I_native,QD_slope_masked,2,,,insufficient_or_constant
batch1,policy_known_life,5.4C(40%)-3.6C,mean_positive_I_native,cycle_life,2,,,insufficient_or_constant
batch1,policy_known_life,5.4C(40%)-3.6C,positive_duration_native,QD_slope_masked,2,,,insufficient_or_constant
batch1,policy_known_life,5.4C(40%)-3.6C,positive_duration_native,cycle_life,2,,,insufficient_or_constant
batch1,policy_known_life,5.4C(40%)-3.6C,near_peak_time_share,QD_slope_masked,2,,,insufficient_or_constant
batch1,policy_known_life,5.4C(40%)-3.6C,near_peak_time_share,cycle_life,2,,,insufficient_or_constant
batch1,policy_known_life,5.4C(40%)-3.6C,late_minus_early_I_native,QD_slope_masked,2,,,insufficient_or_constant
batch1,policy_known_life,5.4C(40%)-3.6C,late_minus_early_I_native,cycle_life,2,,,insufficient_or_constant
batch1,policy_known_life,5.4C(50%)-3.6C,peak_I_native,QD_slope_masked,2,,,insufficient_or_constant
batch1,policy_known_life,5.4C(50%)-3.6C,peak_I_native,cycle_life,2,,,insufficient_or_constant
batch1,policy_known_life,5.4C(50%)-3.6C,mean_positive_I_native,QD_slope_masked,2,,,insufficient_or_constant
batch1,policy_known_life,5.4C(50%)-3.6C,mean_positive_I_native,cycle_life,2,,,insufficient_or_constant
batch1,policy_known_life,5.4C(50%)-3.6C,positive_duration_native,QD_slope_masked,2,,,insufficient_or_constant
batch1,policy_known_life,5.4C(50%)-3.6C,positive_duration_native,cycle_life,2,,,insufficient_or_constant
batch1,policy_known_life,5.4C(50%)-3.6C,near_peak_time_share,QD_slope_masked,2,,,insufficient_or_constant
batch1,policy_known_life,5.4C(50%)-3.6C,near_peak_time_share,cycle_life,2,,,insufficient_or_constant
batch1,policy_known_life,5.4C(50%)-3.6C,late_minus_early_I_native,QD_slope_masked,2,,,insufficient_or_constant
batch1,policy_known_life,5.4C(50%)-3.6C,late_minus_early_I_native,cycle_life,2,,,insufficient_or_constant
batch1,policy_known_life,5.4C(50%)-3C,peak_I_native,QD_slope_masked,2,,,insufficient_or_constant
batch1,policy_known_life,5.4C(50%)-3C,peak_I_native,cycle_life,2,,,insufficient_or_constant
batch1,policy_known_life,5.4C(50%)-3C,mean_positive_I_native,QD_slope_masked,2,,,insufficient_or_constant
batch1,policy_known_life,5.4C(50%)-3C,mean_positive_I_native,cycle_life,2,,,insufficient_or_constant
batch1,policy_known_life,5.4C(50%)-3C,positive_duration_native,QD_slope_masked,2,,,insufficient_or_constant
batch1,policy_known_life,5.4C(50%)-3C,positive_duration_native,cycle_life,2,,,insufficient_or_constant
batch1,policy_known_life,5.4C(50%)-3C,near_peak_time_share,QD_slope_masked,2,,,insufficient_or_constant
batch1,policy_known_life,5.4C(50%)-3C,near_peak_time_share,cycle_life,2,,,insufficient_or_constant
batch1,policy_known_life,5.4C(50%)-3C,late_minus_early_I_native,QD_slope_masked,2,,,insufficient_or_constant
batch1,policy_known_life,5.4C(50%)-3C,late_minus_early_I_native,cycle_life,2,,,insufficient_or_constant
batch1,policy_known_life,5.4C(60%)-3.6C,peak_I_native,QD_slope_masked,2,,,insufficient_or_constant
batch1,policy_known_life,5.4C(60%)-3.6C,peak_I_native,cycle_life,2,,,insufficient_or_constant
batch1,policy_known_life,5.4C(60%)-3.6C,mean_positive_I_native,QD_slope_masked,2,,,insufficient_or_constant
batch1,policy_known_life,5.4C(60%)-3.6C,mean_positive_I_native,cycle_life,2,,,insufficient_or_constant
batch1,policy_known_life,5.4C(60%)-3.6C,positive_duration_native,QD_slope_masked,2,,,insufficient_or_constant
batch1,policy_known_life,5.4C(60%)-3.6C,positive_duration_native,cycle_life,2,,,insufficient_or_constant
batch1,policy_known_life,5.4C(60%)-3.6C,near_peak_time_share,QD_slope_masked,2,,,insufficient_or_constant
batch1,policy_known_life,5.4C(60%)-3.6C,near_peak_time_share,cycle_life,2,,,insufficient_or_constant
batch1,policy_known_life,5.4C(60%)-3.6C,late_minus_early_I_native,QD_slope_masked,2,,,insufficient_or_constant
batch1,policy_known_life,5.4C(60%)-3.6C,late_minus_early_I_native,cycle_life,2,,,insufficient_or_constant
batch1,policy_known_life,5.4C(60%)-3C,peak_I_native,QD_slope_masked,2,,,insufficient_or_constant
batch1,policy_known_life,5.4C(60%)-3C,peak_I_native,cycle_life,2,,,insufficient_or_constant
batch1,policy_known_life,5.4C(60%)-3C,mean_positive_I_native,QD_slope_masked,2,,,insufficient_or_constant
batch1,policy_known_life,5.4C(60%)-3C,mean_positive_I_native,cycle_life,2,,,insufficient_or_constant
batch1,policy_known_life,5.4C(60%)-3C,positive_duration_native,QD_slope_masked,2,,,insufficient_or_constant
batch1,policy_known_life,5.4C(60%)-3C,positive_duration_native,cycle_life,2,,,insufficient_or_constant
batch1,policy_known_life,5.4C(60%)-3C,near_peak_time_share,QD_slope_masked,2,,,insufficient_or_constant
batch1,policy_known_life,5.4C(60%)-3C,near_peak_time_share,cycle_life,2,,,insufficient_or_constant
batch1,policy_known_life,5.4C(60%)-3C,late_minus_early_I_native,QD_slope_masked,2,,,insufficient_or_constant
batch1,policy_known_life,5.4C(60%)-3C,late_minus_early_I_native,cycle_life,2,,,insufficient_or_constant
batch1,policy_known_life,5.4C(70%)-3C,peak_I_native,QD_slope_masked,2,,,insufficient_or_constant
batch1,policy_known_life,5.4C(70%)-3C,peak_I_native,cycle_life,2,,,insufficient_or_constant
batch1,policy_known_life,5.4C(70%)-3C,mean_positive_I_native,QD_slope_masked,2,,,insufficient_or_constant
batch1,policy_known_life,5.4C(70%)-3C,mean_positive_I_native,cycle_life,2,,,insufficient_or_constant
batch1,policy_known_life,5.4C(70%)-3C,positive_duration_native,QD_slope_masked,2,,,insufficient_or_constant
batch1,policy_known_life,5.4C(70%)-3C,positive_duration_native,cycle_life,2,,,insufficient_or_constant
batch1,policy_known_life,5.4C(70%)-3C,near_peak_time_share,QD_slope_masked,2,,,insufficient_or_constant
batch1,policy_known_life,5.4C(70%)-3C,near_peak_time_share,cycle_life,2,,,insufficient_or_constant
batch1,policy_known_life,5.4C(70%)-3C,late_minus_early_I_native,QD_slope_masked,2,,,insufficient_or_constant
batch1,policy_known_life,5.4C(70%)-3C,late_minus_early_I_native,cycle_life,2,,,insufficient_or_constant
batch1,policy_known_life,5.4C(80%)-5.4C,peak_I_native,QD_slope_masked,2,,,insufficient_or_constant
batch1,policy_known_life,5.4C(80%)-5.4C,peak_I_native,cycle_life,2,,,insufficient_or_constant
batch1,policy_known_life,5.4C(80%)-5.4C,mean_positive_I_native,QD_slope_masked,2,,,insufficient_or_constant
batch1,policy_known_life,5.4C(80%)-5.4C,mean_positive_I_native,cycle_life,2,,,insufficient_or_constant
batch1,policy_known_life,5.4C(80%)-5.4C,positive_duration_native,QD_slope_masked,2,,,insufficient_or_constant
batch1,policy_known_life,5.4C(80%)-5.4C,positive_duration_native,cycle_life,2,,,insufficient_or_constant
batch1,policy_known_life,5.4C(80%)-5.4C,near_peak_time_share,QD_slope_masked,2,,,insufficient_or_constant
batch1,policy_known_life,5.4C(80%)-5.4C,near_peak_time_share,cycle_life,2,,,insufficient_or_constant
batch1,policy_known_life,5.4C(80%)-5.4C,late_minus_early_I_native,QD_slope_masked,2,,,insufficient_or_constant
batch1,policy_known_life,5.4C(80%)-5.4C,late_minus_early_I_native,cycle_life,2,,,insufficient_or_constant
batch1,policy_known_life,6C(30%)-3.6C,peak_I_native,QD_slope_masked,2,,,insufficient_or_constant
batch1,policy_known_life,6C(30%)-3.6C,peak_I_native,cycle_life,2,,,insufficient_or_constant
batch1,policy_known_life,6C(30%)-3.6C,mean_positive_I_native,QD_slope_masked,2,,,insufficient_or_constant
batch1,policy_known_life,6C(30%)-3.6C,mean_positive_I_native,cycle_life,2,,,insufficient_or_constant
batch1,policy_known_life,6C(30%)-3.6C,positive_duration_native,QD_slope_masked,2,,,insufficient_or_constant
batch1,policy_known_life,6C(30%)-3.6C,positive_duration_native,cycle_life,2,,,insufficient_or_constant
batch1,policy_known_life,6C(30%)-3.6C,near_peak_time_share,QD_slope_masked,2,,,insufficient_or_constant
batch1,policy_known_life,6C(30%)-3.6C,near_peak_time_share,cycle_life,2,,,insufficient_or_constant
batch1,policy_known_life,6C(30%)-3.6C,late_minus_early_I_native,QD_slope_masked,2,,,insufficient_or_constant
batch1,policy_known_life,6C(30%)-3.6C,late_minus_early_I_native,cycle_life,2,,,insufficient_or_constant
batch1,policy_known_life,6C(40%)-3.6C,peak_I_native,QD_slope_masked,2,,,insufficient_or_constant
batch1,policy_known_life,6C(40%)-3.6C,peak_I_native,cycle_life,2,,,insufficient_or_constant
batch1,policy_known_life,6C(40%)-3.6C,mean_positive_I_native,QD_slope_masked,2,,,insufficient_or_constant
batch1,policy_known_life,6C(40%)-3.6C,mean_positive_I_native,cycle_life,2,,,insufficient_or_constant
batch1,policy_known_life,6C(40%)-3.6C,positive_duration_native,QD_slope_masked,2,,,insufficient_or_constant
batch1,policy_known_life,6C(40%)-3.6C,positive_duration_native,cycle_life,2,,,insufficient_or_constant
batch1,policy_known_life,6C(40%)-3.6C,near_peak_time_share,QD_slope_masked,2,,,insufficient_or_constant
batch1,policy_known_life,6C(40%)-3.6C,near_peak_time_share,cycle_life,2,,,insufficient_or_constant
batch1,policy_known_life,6C(40%)-3.6C,late_minus_early_I_native,QD_slope_masked,2,,,insufficient_or_constant
batch1,policy_known_life,6C(40%)-3.6C,late_minus_early_I_native,cycle_life,2,,,insufficient_or_constant
batch1,policy_known_life,6C(40%)-3C,peak_I_native,QD_slope_masked,2,,,insufficient_or_constant
batch1,policy_known_life,6C(40%)-3C,peak_I_native,cycle_life,2,,,insufficient_or_constant
batch1,policy_known_life,6C(40%)-3C,mean_positive_I_native,QD_slope_masked,2,,,insufficient_or_constant
batch1,policy_known_life,6C(40%)-3C,mean_positive_I_native,cycle_life,2,,,insufficient_or_constant
batch1,policy_known_life,6C(40%)-3C,positive_duration_native,QD_slope_masked,2,,,insufficient_or_constant
batch1,policy_known_life,6C(40%)-3C,positive_duration_native,cycle_life,2,,,insufficient_or_constant
batch1,policy_known_life,6C(40%)-3C,near_peak_time_share,QD_slope_masked,2,,,insufficient_or_constant
batch1,policy_known_life,6C(40%)-3C,near_peak_time_share,cycle_life,2,,,insufficient_or_constant
batch1,policy_known_life,6C(40%)-3C,late_minus_early_I_native,QD_slope_masked,2,,,insufficient_or_constant
batch1,policy_known_life,6C(40%)-3C,late_minus_early_I_native,cycle_life,2,,,insufficient_or_constant
batch1,policy_known_life,6C(50%)-3.6C,peak_I_native,QD_slope_masked,2,,,insufficient_or_constant
batch1,policy_known_life,6C(50%)-3.6C,peak_I_native,cycle_life,2,,,insufficient_or_constant
batch1,policy_known_life,6C(50%)-3.6C,mean_positive_I_native,QD_slope_masked,2,,,insufficient_or_constant
batch1,policy_known_life,6C(50%)-3.6C,mean_positive_I_native,cycle_life,2,,,insufficient_or_constant
batch1,policy_known_life,6C(50%)-3.6C,positive_duration_native,QD_slope_masked,2,,,insufficient_or_constant
batch1,policy_known_life,6C(50%)-3.6C,positive_duration_native,cycle_life,2,,,insufficient_or_constant
batch1,policy_known_life,6C(50%)-3.6C,near_peak_time_share,QD_slope_masked,2,,,insufficient_or_constant
batch1,policy_known_life,6C(50%)-3.6C,near_peak_time_share,cycle_life,2,,,insufficient_or_constant
batch1,policy_known_life,6C(50%)-3.6C,late_minus_early_I_native,QD_slope_masked,2,,,insufficient_or_constant
batch1,policy_known_life,6C(50%)-3.6C,late_minus_early_I_native,cycle_life,2,,,insufficient_or_constant
batch1,policy_known_life,6C(50%)-3C,peak_I_native,QD_slope_masked,2,,,insufficient_or_constant
batch1,policy_known_life,6C(50%)-3C,peak_I_native,cycle_life,2,,,insufficient_or_constant
batch1,policy_known_life,6C(50%)-3C,mean_positive_I_native,QD_slope_masked,2,,,insufficient_or_constant
batch1,policy_known_life,6C(50%)-3C,mean_positive_I_native,cycle_life,2,,,insufficient_or_constant
batch1,policy_known_life,6C(50%)-3C,positive_duration_native,QD_slope_masked,2,,,insufficient_or_constant
batch1,policy_known_life,6C(50%)-3C,positive_duration_native,cycle_life,2,,,insufficient_or_constant
batch1,policy_known_life,6C(50%)-3C,near_peak_time_share,QD_slope_masked,2,,,insufficient_or_constant
batch1,policy_known_life,6C(50%)-3C,near_peak_time_share,cycle_life,2,,,insufficient_or_constant
batch1,policy_known_life,6C(50%)-3C,late_minus_early_I_native,QD_slope_masked,2,,,insufficient_or_constant
batch1,policy_known_life,6C(50%)-3C,late_minus_early_I_native,cycle_life,2,,,insufficient_or_constant
batch1,policy_known_life,6C(60%)-3C,peak_I_native,QD_slope_masked,2,,,insufficient_or_constant
batch1,policy_known_life,6C(60%)-3C,peak_I_native,cycle_life,2,,,insufficient_or_constant
batch1,policy_known_life,6C(60%)-3C,mean_positive_I_native,QD_slope_masked,2,,,insufficient_or_constant
batch1,policy_known_life,6C(60%)-3C,mean_positive_I_native,cycle_life,2,,,insufficient_or_constant
batch1,policy_known_life,6C(60%)-3C,positive_duration_native,QD_slope_masked,2,,,insufficient_or_constant
batch1,policy_known_life,6C(60%)-3C,positive_duration_native,cycle_life,2,,,insufficient_or_constant
batch1,policy_known_life,6C(60%)-3C,near_peak_time_share,QD_slope_masked,2,,,insufficient_or_constant
batch1,policy_known_life,6C(60%)-3C,near_peak_time_share,cycle_life,2,,,insufficient_or_constant
batch1,policy_known_life,6C(60%)-3C,late_minus_early_I_native,QD_slope_masked,2,,,insufficient_or_constant
batch1,policy_known_life,6C(60%)-3C,late_minus_early_I_native,cycle_life,2,,,insufficient_or_constant
batch1,policy_known_life,7C(30%)-3.6C,peak_I_native,QD_slope_masked,2,,,insufficient_or_constant
batch1,policy_known_life,7C(30%)-3.6C,peak_I_native,cycle_life,2,,,insufficient_or_constant
batch1,policy_known_life,7C(30%)-3.6C,mean_positive_I_native,QD_slope_masked,2,,,insufficient_or_constant
batch1,policy_known_life,7C(30%)-3.6C,mean_positive_I_native,cycle_life,2,,,insufficient_or_constant
batch1,policy_known_life,7C(30%)-3.6C,positive_duration_native,QD_slope_masked,2,,,insufficient_or_constant
batch1,policy_known_life,7C(30%)-3.6C,positive_duration_native,cycle_life,2,,,insufficient_or_constant
batch1,policy_known_life,7C(30%)-3.6C,near_peak_time_share,QD_slope_masked,2,,,insufficient_or_constant
batch1,policy_known_life,7C(30%)-3.6C,near_peak_time_share,cycle_life,2,,,insufficient_or_constant
batch1,policy_known_life,7C(30%)-3.6C,late_minus_early_I_native,QD_slope_masked,2,,,insufficient_or_constant
batch1,policy_known_life,7C(30%)-3.6C,late_minus_early_I_native,cycle_life,2,,,insufficient_or_constant
batch1,policy_known_life,7C(40%)-3.6C,peak_I_native,QD_slope_masked,2,,,insufficient_or_constant
batch1,policy_known_life,7C(40%)-3.6C,peak_I_native,cycle_life,2,,,insufficient_or_constant
batch1,policy_known_life,7C(40%)-3.6C,mean_positive_I_native,QD_slope_masked,2,,,insufficient_or_constant
batch1,policy_known_life,7C(40%)-3.6C,mean_positive_I_native,cycle_life,2,,,insufficient_or_constant
batch1,policy_known_life,7C(40%)-3.6C,positive_duration_native,QD_slope_masked,2,,,insufficient_or_constant
batch1,policy_known_life,7C(40%)-3.6C,positive_duration_native,cycle_life,2,,,insufficient_or_constant
batch1,policy_known_life,7C(40%)-3.6C,near_peak_time_share,QD_slope_masked,2,,,insufficient_or_constant
batch1,policy_known_life,7C(40%)-3.6C,near_peak_time_share,cycle_life,2,,,insufficient_or_constant
batch1,policy_known_life,7C(40%)-3.6C,late_minus_early_I_native,QD_slope_masked,2,,,insufficient_or_constant
batch1,policy_known_life,7C(40%)-3.6C,late_minus_early_I_native,cycle_life,2,,,insufficient_or_constant
batch1,policy_known_life,7C(40%)-3C,peak_I_native,QD_slope_masked,2,,,insufficient_or_constant
batch1,policy_known_life,7C(40%)-3C,peak_I_native,cycle_life,2,,,insufficient_or_constant
batch1,policy_known_life,7C(40%)-3C,mean_positive_I_native,QD_slope_masked,2,,,insufficient_or_constant
batch1,policy_known_life,7C(40%)-3C,mean_positive_I_native,cycle_life,2,,,insufficient_or_constant
batch1,policy_known_life,7C(40%)-3C,positive_duration_native,QD_slope_masked,2,,,insufficient_or_constant
batch1,policy_known_life,7C(40%)-3C,positive_duration_native,cycle_life,2,,,insufficient_or_constant
batch1,policy_known_life,7C(40%)-3C,near_peak_time_share,QD_slope_masked,2,,,insufficient_or_constant
batch1,policy_known_life,7C(40%)-3C,near_peak_time_share,cycle_life,2,,,insufficient_or_constant
batch1,policy_known_life,7C(40%)-3C,late_minus_early_I_native,QD_slope_masked,2,,,insufficient_or_constant
batch1,policy_known_life,7C(40%)-3C,late_minus_early_I_native,cycle_life,2,,,insufficient_or_constant
batch1,policy_known_life,8C(15%)-3.6C,peak_I_native,QD_slope_masked,2,,,insufficient_or_constant
batch1,policy_known_life,8C(15%)-3.6C,peak_I_native,cycle_life,2,,,insufficient_or_constant
batch1,policy_known_life,8C(15%)-3.6C,mean_positive_I_native,QD_slope_masked,2,,,insufficient_or_constant
batch1,policy_known_life,8C(15%)-3.6C,mean_positive_I_native,cycle_life,2,,,insufficient_or_constant
batch1,policy_known_life,8C(15%)-3.6C,positive_duration_native,QD_slope_masked,2,,,insufficient_or_constant
batch1,policy_known_life,8C(15%)-3.6C,positive_duration_native,cycle_life,2,,,insufficient_or_constant
batch1,policy_known_life,8C(15%)-3.6C,near_peak_time_share,QD_slope_masked,2,,,insufficient_or_constant
batch1,policy_known_life,8C(15%)-3.6C,near_peak_time_share,cycle_life,2,,,insufficient_or_constant
batch1,policy_known_life,8C(15%)-3.6C,late_minus_early_I_native,QD_slope_masked,2,,,insufficient_or_constant
batch1,policy_known_life,8C(15%)-3.6C,late_minus_early_I_native,cycle_life,2,,,insufficient_or_constant
batch1,policy_known_life,8C(25%)-3.6C,peak_I_native,QD_slope_masked,2,,,insufficient_or_constant
batch1,policy_known_life,8C(25%)-3.6C,peak_I_native,cycle_life,2,,,insufficient_or_constant
batch1,policy_known_life,8C(25%)-3.6C,mean_positive_I_native,QD_slope_masked,2,,,insufficient_or_constant
batch1,policy_known_life,8C(25%)-3.6C,mean_positive_I_native,cycle_life,2,,,insufficient_or_constant
batch1,policy_known_life,8C(25%)-3.6C,positive_duration_native,QD_slope_masked,2,,,insufficient_or_constant
batch1,policy_known_life,8C(25%)-3.6C,positive_duration_native,cycle_life,2,,,insufficient_or_constant
batch1,policy_known_life,8C(25%)-3.6C,near_peak_time_share,QD_slope_masked,2,,,insufficient_or_constant
batch1,policy_known_life,8C(25%)-3.6C,near_peak_time_share,cycle_life,2,,,insufficient_or_constant
batch1,policy_known_life,8C(25%)-3.6C,late_minus_early_I_native,QD_slope_masked,2,,,insufficient_or_constant
batch1,policy_known_life,8C(25%)-3.6C,late_minus_early_I_native,cycle_life,2,,,insufficient_or_constant
batch1,policy_known_life,8C(35%)-3.6C,peak_I_native,QD_slope_masked,2,,,insufficient_or_constant
batch1,policy_known_life,8C(35%)-3.6C,peak_I_native,cycle_life,2,,,insufficient_or_constant
batch1,policy_known_life,8C(35%)-3.6C,mean_positive_I_native,QD_slope_masked,2,,,insufficient_or_constant
batch1,policy_known_life,8C(35%)-3.6C,mean_positive_I_native,cycle_life,2,,,insufficient_or_constant
batch1,policy_known_life,8C(35%)-3.6C,positive_duration_native,QD_slope_masked,2,,,insufficient_or_constant
batch1,policy_known_life,8C(35%)-3.6C,positive_duration_native,cycle_life,2,,,insufficient_or_constant
batch1,policy_known_life,8C(35%)-3.6C,near_peak_time_share,QD_slope_masked,2,,,insufficient_or_constant
batch1,policy_known_life,8C(35%)-3.6C,near_peak_time_share,cycle_life,2,,,insufficient_or_constant
batch1,policy_known_life,8C(35%)-3.6C,late_minus_early_I_native,QD_slope_masked,2,,,insufficient_or_constant
batch1,policy_known_life,8C(35%)-3.6C,late_minus_early_I_native,cycle_life,2,,,insufficient_or_constant
batch2,all_entries,all,peak_I_native,QD_slope_masked,47,-0.4982260037224038,-0.2614477335800185,computed
batch2,all_entries,all,peak_I_native,cycle_life,39,-0.16056615847686243,-0.32837331881969484,computed
batch2,all_entries,all,mean_positive_I_native,QD_slope_masked,47,-0.7373495953040494,-0.37314986123959293,computed
batch2,all_entries,all,mean_positive_I_native,cycle_life,39,-0.10231527117344102,0.014475149380769532,computed
batch2,all_entries,all,positive_duration_native,QD_slope_masked,47,0.6454632326747181,0.3064292321924144,computed
batch2,all_entries,all,positive_duration_native,cycle_life,39,0.03295239671874269,0.16034011621775482,computed
batch2,all_entries,all,near_peak_time_share,QD_slope_masked,47,-0.0763910363665592,-0.039084181313598525,computed
batch2,all_entries,all,near_peak_time_share,cycle_life,39,0.053861495807226954,0.12845429765172403,computed
batch2,all_entries,all,late_minus_early_I_native,QD_slope_masked,47,0.6300932823922313,0.1912580943570768,computed
batch2,all_entries,all,late_minus_early_I_native,cycle_life,39,0.19265722248591358,0.28383439764809626,computed
batch2,known_life,all,peak_I_native,QD_slope_masked,39,-0.3735701004722594,-0.3412955465587045,computed
batch2,known_life,all,peak_I_native,cycle_life,39,-0.16056615847686243,-0.32837331881969484,computed
batch2,known_life,all,mean_positive_I_native,QD_slope_masked,39,-0.09858936977420031,-0.2682186234817814,computed
batch2,known_life,all,mean_positive_I_native,cycle_life,39,-0.10231527117344102,0.014475149380769532,computed
batch2,known_life,all,positive_duration_native,QD_slope_masked,39,0.1254581545932293,0.17044534412955467,computed
batch2,known_life,all,positive_duration_native,cycle_life,39,0.03295239671874269,0.16034011621775482,computed
batch2,known_life,all,near_peak_time_share,QD_slope_masked,39,0.23304158733984,0.1348178137651822,computed
batch2,known_life,all,near_peak_time_share,cycle_life,39,0.053861495807226954,0.12845429765172403,computed
batch2,known_life,all,late_minus_early_I_native,QD_slope_masked,39,0.059666051939373535,0.12510121457489878,computed
batch2,known_life,all,late_minus_early_I_native,cycle_life,39,0.19265722248591358,0.28383439764809626,computed
batch2,known_life_no_time_gap,all,peak_I_native,QD_slope_masked,39,-0.3735701004722594,-0.3412955465587045,computed
batch2,known_life_no_time_gap,all,peak_I_native,cycle_life,39,-0.16056615847686243,-0.32837331881969484,computed
batch2,known_life_no_time_gap,all,mean_positive_I_native,QD_slope_masked,39,-0.09858936977420031,-0.2682186234817814,computed
batch2,known_life_no_time_gap,all,mean_positive_I_native,cycle_life,39,-0.10231527117344102,0.014475149380769532,computed
batch2,known_life_no_time_gap,all,positive_duration_native,QD_slope_masked,39,0.1254581545932293,0.17044534412955467,computed
batch2,known_life_no_time_gap,all,positive_duration_native,cycle_life,39,0.03295239671874269,0.16034011621775482,computed
batch2,known_life_no_time_gap,all,near_peak_time_share,QD_slope_masked,39,0.23304158733984,0.1348178137651822,computed
batch2,known_life_no_time_gap,all,near_peak_time_share,cycle_life,39,0.053861495807226954,0.12845429765172403,computed
batch2,known_life_no_time_gap,all,late_minus_early_I_native,QD_slope_masked,39,0.059666051939373535,0.12510121457489878,computed
batch2,known_life_no_time_gap,all,late_minus_early_I_native,cycle_life,39,0.19265722248591358,0.28383439764809626,computed
batch2,policy_known_life,3.6C(30%)-6C,peak_I_native,QD_slope_masked,2,,,insufficient_or_constant
batch2,policy_known_life,3.6C(30%)-6C,peak_I_native,cycle_life,2,,,insufficient_or_constant
batch2,policy_known_life,3.6C(30%)-6C,mean_positive_I_native,QD_slope_masked,2,,,insufficient_or_constant
batch2,policy_known_life,3.6C(30%)-6C,mean_positive_I_native,cycle_life,2,,,insufficient_or_constant
batch2,policy_known_life,3.6C(30%)-6C,positive_duration_native,QD_slope_masked,2,,,insufficient_or_constant
batch2,policy_known_life,3.6C(30%)-6C,positive_duration_native,cycle_life,2,,,insufficient_or_constant
batch2,policy_known_life,3.6C(30%)-6C,near_peak_time_share,QD_slope_masked,2,,,insufficient_or_constant
batch2,policy_known_life,3.6C(30%)-6C,near_peak_time_share,cycle_life,2,,,insufficient_or_constant
batch2,policy_known_life,3.6C(30%)-6C,late_minus_early_I_native,QD_slope_masked,2,,,insufficient_or_constant
batch2,policy_known_life,3.6C(30%)-6C,late_minus_early_I_native,cycle_life,2,,,insufficient_or_constant
batch2,policy_known_life,3.6C(9%)-5C,peak_I_native,QD_slope_masked,2,,,insufficient_or_constant
batch2,policy_known_life,3.6C(9%)-5C,peak_I_native,cycle_life,2,,,insufficient_or_constant
batch2,policy_known_life,3.6C(9%)-5C,mean_positive_I_native,QD_slope_masked,2,,,insufficient_or_constant
batch2,policy_known_life,3.6C(9%)-5C,mean_positive_I_native,cycle_life,2,,,insufficient_or_constant
batch2,policy_known_life,3.6C(9%)-5C,positive_duration_native,QD_slope_masked,2,,,insufficient_or_constant
batch2,policy_known_life,3.6C(9%)-5C,positive_duration_native,cycle_life,2,,,insufficient_or_constant
batch2,policy_known_life,3.6C(9%)-5C,near_peak_time_share,QD_slope_masked,2,,,insufficient_or_constant
batch2,policy_known_life,3.6C(9%)-5C,near_peak_time_share,cycle_life,2,,,insufficient_or_constant
batch2,policy_known_life,3.6C(9%)-5C,late_minus_early_I_native,QD_slope_masked,2,,,insufficient_or_constant
batch2,policy_known_life,3.6C(9%)-5C,late_minus_early_I_native,cycle_life,2,,,insufficient_or_constant
batch2,policy_known_life,4.65C(44%)-5C,peak_I_native,QD_slope_masked,2,,,insufficient_or_constant
batch2,policy_known_life,4.65C(44%)-5C,peak_I_native,cycle_life,2,,,insufficient_or_constant
batch2,policy_known_life,4.65C(44%)-5C,mean_positive_I_native,QD_slope_masked,2,,,insufficient_or_constant
batch2,policy_known_life,4.65C(44%)-5C,mean_positive_I_native,cycle_life,2,,,insufficient_or_constant
batch2,policy_known_life,4.65C(44%)-5C,positive_duration_native,QD_slope_masked,2,,,insufficient_or_constant
batch2,policy_known_life,4.65C(44%)-5C,positive_duration_native,cycle_life,2,,,insufficient_or_constant
batch2,policy_known_life,4.65C(44%)-5C,near_peak_time_share,QD_slope_masked,2,,,insufficient_or_constant
batch2,policy_known_life,4.65C(44%)-5C,near_peak_time_share,cycle_life,2,,,insufficient_or_constant
batch2,policy_known_life,4.65C(44%)-5C,late_minus_early_I_native,QD_slope_masked,2,,,insufficient_or_constant
batch2,policy_known_life,4.65C(44%)-5C,late_minus_early_I_native,cycle_life,2,,,insufficient_or_constant
batch2,policy_known_life,4.65C(69%)-6C,peak_I_native,QD_slope_masked,2,,,insufficient_or_constant
batch2,policy_known_life,4.65C(69%)-6C,peak_I_native,cycle_life,2,,,insufficient_or_constant
batch2,policy_known_life,4.65C(69%)-6C,mean_positive_I_native,QD_slope_masked,2,,,insufficient_or_constant
batch2,policy_known_life,4.65C(69%)-6C,mean_positive_I_native,cycle_life,2,,,insufficient_or_constant
batch2,policy_known_life,4.65C(69%)-6C,positive_duration_native,QD_slope_masked,2,,,insufficient_or_constant
batch2,policy_known_life,4.65C(69%)-6C,positive_duration_native,cycle_life,2,,,insufficient_or_constant
batch2,policy_known_life,4.65C(69%)-6C,near_peak_time_share,QD_slope_masked,2,,,insufficient_or_constant
batch2,policy_known_life,4.65C(69%)-6C,near_peak_time_share,cycle_life,2,,,insufficient_or_constant
batch2,policy_known_life,4.65C(69%)-6C,late_minus_early_I_native,QD_slope_masked,2,,,insufficient_or_constant
batch2,policy_known_life,4.65C(69%)-6C,late_minus_early_I_native,cycle_life,2,,,insufficient_or_constant
batch2,policy_known_life,4.8C(80%)-4.8C,peak_I_native,QD_slope_masked,5,-0.2526097737072693,-0.6,computed
batch2,policy_known_life,4.8C(80%)-4.8C,peak_I_native,cycle_life,5,0.8053087889651743,0.7999999999999999,computed
batch2,policy_known_life,4.8C(80%)-4.8C,mean_positive_I_native,QD_slope_masked,5,0.3910484365667357,0.6,computed
batch2,policy_known_life,4.8C(80%)-4.8C,mean_positive_I_native,cycle_life,5,-0.35682778193044573,-0.3,computed
batch2,policy_known_life,4.8C(80%)-4.8C,positive_duration_native,QD_slope_masked,5,-0.2585795823737599,-0.19999999999999998,computed
batch2,policy_known_life,4.8C(80%)-4.8C,positive_duration_native,cycle_life,5,0.44691966783566145,0.39999999999999997,computed
batch2,policy_known_life,4.8C(80%)-4.8C,near_peak_time_share,QD_slope_masked,5,0.25735738840273487,0.19999999999999998,computed
batch2,policy_known_life,4.8C(80%)-4.8C,near_peak_time_share,cycle_life,5,-0.45842733618673315,-0.39999999999999997,computed
batch2,policy_known_life,4.8C(80%)-4.8C,late_minus_early_I_native,QD_slope_masked,5,-0.08728476541222983,0.09999999999999999,computed
batch2,policy_known_life,4.8C(80%)-4.8C,late_minus_early_I_native,cycle_life,5,0.47390186308348126,0.3,computed
batch2,policy_known_life,4.8C(80%)-4.8C-newstructure,peak_I_native,QD_slope_masked,3,,,insufficient_or_constant
batch2,policy_known_life,4.8C(80%)-4.8C-newstructure,peak_I_native,cycle_life,3,,,insufficient_or_constant
batch2,policy_known_life,4.8C(80%)-4.8C-newstructure,mean_positive_I_native,QD_slope_masked,3,,,insufficient_or_constant
batch2,policy_known_life,4.8C(80%)-4.8C-newstructure,mean_positive_I_native,cycle_life,3,,,insufficient_or_constant
batch2,policy_known_life,4.8C(80%)-4.8C-newstructure,positive_duration_native,QD_slope_masked,3,,,insufficient_or_constant
batch2,policy_known_life,4.8C(80%)-4.8C-newstructure,positive_duration_native,cycle_life,3,,,insufficient_or_constant
batch2,policy_known_life,4.8C(80%)-4.8C-newstructure,near_peak_time_share,QD_slope_masked,3,,,insufficient_or_constant
batch2,policy_known_life,4.8C(80%)-4.8C-newstructure,near_peak_time_share,cycle_life,3,,,insufficient_or_constant
batch2,policy_known_life,4.8C(80%)-4.8C-newstructure,late_minus_early_I_native,QD_slope_masked,3,,,insufficient_or_constant
batch2,policy_known_life,4.8C(80%)-4.8C-newstructure,late_minus_early_I_native,cycle_life,3,,,insufficient_or_constant
batch2,policy_known_life,5.2C(50%)-4.25C,peak_I_native,QD_slope_masked,5,0.5428547557092529,0.6,computed
batch2,policy_known_life,5.2C(50%)-4.25C,peak_I_native,cycle_life,5,0.45008571844948264,0.5270462766947299,computed
batch2,policy_known_life,5.2C(50%)-4.25C,mean_positive_I_native,QD_slope_masked,5,-0.01595714622029993,-0.3,computed
batch2,policy_known_life,5.2C(50%)-4.25C,mean_positive_I_native,cycle_life,5,0.06444379942924156,0.0,computed
batch2,policy_known_life,5.2C(50%)-4.25C,positive_duration_native,QD_slope_masked,5,0.26574983091305765,0.39999999999999997,computed
batch2,policy_known_life,5.2C(50%)-4.25C,positive_duration_native,cycle_life,5,0.251490591098589,0.3689323936863109,computed
batch2,policy_known_life,5.2C(50%)-4.25C,near_peak_time_share,QD_slope_masked,5,-0.14319598812822287,-0.39999999999999997,computed
batch2,policy_known_life,5.2C(50%)-4.25C,near_peak_time_share,cycle_life,5,-0.22667242346750963,-0.3689323936863109,computed
batch2,policy_known_life,5.2C(50%)-4.25C,late_minus_early_I_native,QD_slope_masked,5,0.5019694070339207,0.19999999999999998,computed
batch2,policy_known_life,5.2C(50%)-4.25C,late_minus_early_I_native,cycle_life,5,0.6161673352973899,0.5797509043642028,computed
batch2,policy_known_life,5.2C(58%)-4C,peak_I_native,QD_slope_masked,4,,,insufficient_or_constant
batch2,policy_known_life,5.2C(58%)-4C,peak_I_native,cycle_life,4,,,insufficient_or_constant
batch2,policy_known_life,5.2C(58%)-4C,mean_positive_I_native,QD_slope_masked,4,,,insufficient_or_constant
batch2,policy_known_life,5.2C(58%)-4C,mean_positive_I_native,cycle_life,4,,,insufficient_or_constant
batch2,policy_known_life,5.2C(58%)-4C,positive_duration_native,QD_slope_masked,4,,,insufficient_or_constant
batch2,policy_known_life,5.2C(58%)-4C,positive_duration_native,cycle_life,4,,,insufficient_or_constant
batch2,policy_known_life,5.2C(58%)-4C,near_peak_time_share,QD_slope_masked,4,,,insufficient_or_constant
batch2,policy_known_life,5.2C(58%)-4C,near_peak_time_share,cycle_life,4,,,insufficient_or_constant
batch2,policy_known_life,5.2C(58%)-4C,late_minus_early_I_native,QD_slope_masked,4,,,insufficient_or_constant
batch2,policy_known_life,5.2C(58%)-4C,late_minus_early_I_native,cycle_life,4,,,insufficient_or_constant
batch2,policy_known_life,5.2C(58%)-4C-newstructure,peak_I_native,QD_slope_masked,3,,,insufficient_or_constant
batch2,policy_known_life,5.2C(58%)-4C-newstructure,peak_I_native,cycle_life,3,,,insufficient_or_constant
batch2,policy_known_life,5.2C(58%)-4C-newstructure,mean_positive_I_native,QD_slope_masked,3,,,insufficient_or_constant
batch2,policy_known_life,5.2C(58%)-4C-newstructure,mean_positive_I_native,cycle_life,3,,,insufficient_or_constant
batch2,policy_known_life,5.2C(58%)-4C-newstructure,positive_duration_native,QD_slope_masked,3,,,insufficient_or_constant
batch2,policy_known_life,5.2C(58%)-4C-newstructure,positive_duration_native,cycle_life,3,,,insufficient_or_constant
batch2,policy_known_life,5.2C(58%)-4C-newstructure,near_peak_time_share,QD_slope_masked,3,,,insufficient_or_constant
batch2,policy_known_life,5.2C(58%)-4C-newstructure,near_peak_time_share,cycle_life,3,,,insufficient_or_constant
batch2,policy_known_life,5.2C(58%)-4C-newstructure,late_minus_early_I_native,QD_slope_masked,3,,,insufficient_or_constant
batch2,policy_known_life,5.2C(58%)-4C-newstructure,late_minus_early_I_native,cycle_life,3,,,insufficient_or_constant
batch2,policy_known_life,5.6C(26%)-4.5C,peak_I_native,QD_slope_masked,6,0.11012000816443011,0.028571428571428574,computed
batch2,policy_known_life,5.6C(26%)-4.5C,peak_I_native,cycle_life,6,0.5664520062022642,0.5428571428571429,computed
batch2,policy_known_life,5.6C(26%)-4.5C,mean_positive_I_native,QD_slope_masked,6,0.349965345662116,0.5428571428571429,computed
batch2,policy_known_life,5.6C(26%)-4.5C,mean_positive_I_native,cycle_life,6,0.8511242041054237,0.7142857142857143,computed
batch2,policy_known_life,5.6C(26%)-4.5C,positive_duration_native,QD_slope_masked,6,-0.32306939233435433,-0.48571428571428577,computed
batch2,policy_known_life,5.6C(26%)-4.5C,positive_duration_native,cycle_life,6,-0.7673925596969755,-0.7714285714285715,computed
batch2,policy_known_life,5.6C(26%)-4.5C,near_peak_time_share,QD_slope_masked,6,0.36822953950396037,0.48571428571428577,computed
batch2,policy_known_life,5.6C(26%)-4.5C,near_peak_time_share,cycle_life,6,0.8071765841536651,0.7714285714285715,computed
batch2,policy_known_life,5.6C(26%)-4.5C,late_minus_early_I_native,QD_slope_masked,6,0.1688032540084453,0.2571428571428572,computed
batch2,policy_known_life,5.6C(26%)-4.5C,late_minus_early_I_native,cycle_life,6,0.7488334748894532,0.4285714285714286,computed
batch2,policy_known_life,5.6C(26%)-4.5C-newstructure,peak_I_native,QD_slope_masked,3,,,insufficient_or_constant
batch2,policy_known_life,5.6C(26%)-4.5C-newstructure,peak_I_native,cycle_life,3,,,insufficient_or_constant
batch2,policy_known_life,5.6C(26%)-4.5C-newstructure,mean_positive_I_native,QD_slope_masked,3,,,insufficient_or_constant
batch2,policy_known_life,5.6C(26%)-4.5C-newstructure,mean_positive_I_native,cycle_life,3,,,insufficient_or_constant
batch2,policy_known_life,5.6C(26%)-4.5C-newstructure,positive_duration_native,QD_slope_masked,3,,,insufficient_or_constant
batch2,policy_known_life,5.6C(26%)-4.5C-newstructure,positive_duration_native,cycle_life,3,,,insufficient_or_constant
batch2,policy_known_life,5.6C(26%)-4.5C-newstructure,near_peak_time_share,QD_slope_masked,3,,,insufficient_or_constant
batch2,policy_known_life,5.6C(26%)-4.5C-newstructure,near_peak_time_share,cycle_life,3,,,insufficient_or_constant
batch2,policy_known_life,5.6C(26%)-4.5C-newstructure,late_minus_early_I_native,QD_slope_masked,3,,,insufficient_or_constant
batch2,policy_known_life,5.6C(26%)-4.5C-newstructure,late_minus_early_I_native,cycle_life,3,,,insufficient_or_constant
batch2,policy_known_life,6C(60%)-3C,peak_I_native,QD_slope_masked,2,,,insufficient_or_constant
batch2,policy_known_life,6C(60%)-3C,peak_I_native,cycle_life,2,,,insufficient_or_constant
batch2,policy_known_life,6C(60%)-3C,mean_positive_I_native,QD_slope_masked,2,,,insufficient_or_constant
batch2,policy_known_life,6C(60%)-3C,mean_positive_I_native,cycle_life,2,,,insufficient_or_constant
batch2,policy_known_life,6C(60%)-3C,positive_duration_native,QD_slope_masked,2,,,insufficient_or_constant
batch2,policy_known_life,6C(60%)-3C,positive_duration_native,cycle_life,2,,,insufficient_or_constant
batch2,policy_known_life,6C(60%)-3C,near_peak_time_share,QD_slope_masked,2,,,insufficient_or_constant
batch2,policy_known_life,6C(60%)-3C,near_peak_time_share,cycle_life,2,,,insufficient_or_constant
batch2,policy_known_life,6C(60%)-3C,late_minus_early_I_native,QD_slope_masked,2,,,insufficient_or_constant
batch2,policy_known_life,6C(60%)-3C,late_minus_early_I_native,cycle_life,2,,,insufficient_or_constant
batch3,all_entries,all,peak_I_native,QD_slope_masked,46,-0.3792854913303086,-0.4734505087881591,computed
batch3,all_entries,all,peak_I_native,cycle_life,44,-0.7082221120607687,-0.5848897047438631,computed
batch3,all_entries,all,mean_positive_I_native,QD_slope_masked,46,-0.20927613560079375,-0.2855997533148319,computed
batch3,all_entries,all,mean_positive_I_native,cycle_life,44,-0.19931797327973486,0.025230812663971924,computed
batch3,all_entries,all,positive_duration_native,QD_slope_masked,46,0.21636980259463628,0.30718470551958066,computed
batch3,all_entries,all,positive_duration_native,cycle_life,44,0.1340914891296592,-0.03544999656418401,computed
batch3,all_entries,all,near_peak_time_share,QD_slope_masked,46,0.20236460281414564,0.11773049645390071,computed
batch3,all_entries,all,near_peak_time_share,cycle_life,44,0.5042593262480957,0.5103249008374879,computed
batch3,all_entries,all,late_minus_early_I_native,QD_slope_masked,46,0.25285401175113414,0.3800801726796176,computed
batch3,all_entries,all,late_minus_early_I_native,cycle_life,44,0.31998998647723575,0.08767355015078511,computed
batch3,known_life,all,peak_I_native,QD_slope_masked,44,-0.3849632153407404,-0.4796335447498238,computed
batch3,known_life,all,peak_I_native,cycle_life,44,-0.7082221120607687,-0.5848897047438631,computed
batch3,known_life,all,mean_positive_I_native,QD_slope_masked,44,-0.19935571307491662,-0.2670894996476392,computed
batch3,known_life,all,mean_positive_I_native,cycle_life,44,-0.19931797327973486,0.025230812663971924,computed
batch3,known_life,all,positive_duration_native,QD_slope_masked,44,0.20733419159106775,0.2834390415785764,computed
batch3,known_life,all,positive_duration_native,cycle_life,44,0.1340914891296592,-0.03544999656418401,computed
batch3,known_life,all,near_peak_time_share,QD_slope_masked,44,0.19214851704892097,0.10641296687808316,computed
batch3,known_life,all,near_peak_time_share,cycle_life,44,0.5042593262480957,0.5103249008374879,computed
batch3,known_life,all,late_minus_early_I_native,QD_slope_masked,44,0.2453102456181676,0.3701198026779422,computed
batch3,known_life,all,late_minus_early_I_native,cycle_life,44,0.31998998647723575,0.08767355015078511,computed
batch3,known_life_no_time_gap,all,peak_I_native,QD_slope_masked,44,-0.3849632153407404,-0.4796335447498238,computed
batch3,known_life_no_time_gap,all,peak_I_native,cycle_life,44,-0.7082221120607687,-0.5848897047438631,computed
batch3,known_life_no_time_gap,all,mean_positive_I_native,QD_slope_masked,44,-0.19935571307491662,-0.2670894996476392,computed
batch3,known_life_no_time_gap,all,mean_positive_I_native,cycle_life,44,-0.19931797327973486,0.025230812663971924,computed
batch3,known_life_no_time_gap,all,positive_duration_native,QD_slope_masked,44,0.20733419159106775,0.2834390415785764,computed
batch3,known_life_no_time_gap,all,positive_duration_native,cycle_life,44,0.1340914891296592,-0.03544999656418401,computed
batch3,known_life_no_time_gap,all,near_peak_time_share,QD_slope_masked,44,0.19214851704892097,0.10641296687808316,computed
batch3,known_life_no_time_gap,all,near_peak_time_share,cycle_life,44,0.5042593262480957,0.5103249008374879,computed
batch3,known_life_no_time_gap,all,late_minus_early_I_native,QD_slope_masked,44,0.2453102456181676,0.3701198026779422,computed
batch3,known_life_no_time_gap,all,late_minus_early_I_native,cycle_life,44,0.31998998647723575,0.08767355015078511,computed
batch3,policy_known_life,3.7C(31%)-5.9C-newstructure,peak_I_native,QD_slope_masked,3,,,insufficient_or_constant
batch3,policy_known_life,3.7C(31%)-5.9C-newstructure,peak_I_native,cycle_life,3,,,insufficient_or_constant
batch3,policy_known_life,3.7C(31%)-5.9C-newstructure,mean_positive_I_native,QD_slope_masked,3,,,insufficient_or_constant
batch3,policy_known_life,3.7C(31%)-5.9C-newstructure,mean_positive_I_native,cycle_life,3,,,insufficient_or_constant
batch3,policy_known_life,3.7C(31%)-5.9C-newstructure,positive_duration_native,QD_slope_masked,3,,,insufficient_or_constant
batch3,policy_known_life,3.7C(31%)-5.9C-newstructure,positive_duration_native,cycle_life,3,,,insufficient_or_constant
batch3,policy_known_life,3.7C(31%)-5.9C-newstructure,near_peak_time_share,QD_slope_masked,3,,,insufficient_or_constant
batch3,policy_known_life,3.7C(31%)-5.9C-newstructure,near_peak_time_share,cycle_life,3,,,insufficient_or_constant
batch3,policy_known_life,3.7C(31%)-5.9C-newstructure,late_minus_early_I_native,QD_slope_masked,3,,,insufficient_or_constant
batch3,policy_known_life,3.7C(31%)-5.9C-newstructure,late_minus_early_I_native,cycle_life,3,,,insufficient_or_constant
batch3,policy_known_life,4.8C(80%)-4.8C-newstructure,peak_I_native,QD_slope_masked,6,0.11037732597383092,0.028571428571428574,computed
batch3,policy_known_life,4.8C(80%)-4.8C-newstructure,peak_I_native,cycle_life,6,-0.10914920060887756,0.14285714285714288,computed
batch3,policy_known_life,4.8C(80%)-4.8C-newstructure,mean_positive_I_native,QD_slope_masked,6,-0.5946185649421274,-0.7714285714285715,computed
batch3,policy_known_life,4.8C(80%)-4.8C-newstructure,mean_positive_I_native,cycle_life,6,-0.5114018544203388,-0.7714285714285715,computed
batch3,policy_known_life,4.8C(80%)-4.8C-newstructure,positive_duration_native,QD_slope_masked,6,0.5492382457403778,0.7714285714285715,computed
batch3,policy_known_life,4.8C(80%)-4.8C-newstructure,positive_duration_native,cycle_life,6,0.4698005846229583,0.7714285714285715,computed
batch3,policy_known_life,4.8C(80%)-4.8C-newstructure,near_peak_time_share,QD_slope_masked,6,-0.5468867832169776,-0.7714285714285715,computed
batch3,policy_known_life,4.8C(80%)-4.8C-newstructure,near_peak_time_share,cycle_life,6,-0.45907343220528674,-0.7714285714285715,computed
batch3,policy_known_life,4.8C(80%)-4.8C-newstructure,late_minus_early_I_native,QD_slope_masked,6,0.4734288475107966,0.7714285714285715,computed
batch3,policy_known_life,4.8C(80%)-4.8C-newstructure,late_minus_early_I_native,cycle_life,6,0.38720384353310844,0.7714285714285715,computed
batch3,policy_known_life,5.3C(54%)-4C-newstructure,peak_I_native,QD_slope_masked,8,0.009365488867625704,0.04761904761904763,computed
batch3,policy_known_life,5.3C(54%)-4C-newstructure,peak_I_native,cycle_life,8,0.6528421727047616,0.4285714285714286,computed
batch3,policy_known_life,5.3C(54%)-4C-newstructure,mean_positive_I_native,QD_slope_masked,8,-0.1883541642359797,-0.09523809523809526,computed
batch3,policy_known_life,5.3C(54%)-4C-newstructure,mean_positive_I_native,cycle_life,8,0.6758733057586791,0.7142857142857144,computed
batch3,policy_known_life,5.3C(54%)-4C-newstructure,positive_duration_native,QD_slope_masked,8,0.28498462642378297,0.09523809523809526,computed
batch3,policy_known_life,5.3C(54%)-4C-newstructure,positive_duration_native,cycle_life,8,-0.6836255166757713,-0.7142857142857144,computed
batch3,policy_known_life,5.3C(54%)-4C-newstructure,near_peak_time_share,QD_slope_masked,8,-0.2832763489591797,-0.09523809523809526,computed
batch3,policy_known_life,5.3C(54%)-4C-newstructure,near_peak_time_share,cycle_life,8,0.6900804257879058,0.7142857142857144,computed
batch3,policy_known_life,5.3C(54%)-4C-newstructure,late_minus_early_I_native,QD_slope_masked,8,0.38977217894461014,0.38095238095238104,computed
batch3,policy_known_life,5.3C(54%)-4C-newstructure,late_minus_early_I_native,cycle_life,8,-0.6766864819116366,-0.7380952380952381,computed
batch3,policy_known_life,5.6C(19%)-4.6C-newstructure,peak_I_native,QD_slope_masked,8,0.021581410291932196,0.28571428571428575,computed
batch3,policy_known_life,5.6C(19%)-4.6C-newstructure,peak_I_native,cycle_life,8,-0.2735100338964597,-0.3333333333333334,computed
batch3,policy_known_life,5.6C(19%)-4.6C-newstructure,mean_positive_I_native,QD_slope_masked,8,-0.4066013052490056,-0.30952380952380953,computed
batch3,policy_known_life,5.6C(19%)-4.6C-newstructure,mean_positive_I_native,cycle_life,8,0.9425186229122761,0.8571428571428572,computed
batch3,policy_known_life,5.6C(19%)-4.6C-newstructure,positive_duration_native,QD_slope_masked,8,0.47427374942023726,0.30952380952380953,computed
batch3,policy_known_life,5.6C(19%)-4.6C-newstructure,positive_duration_native,cycle_life,8,-0.8980508490880451,-0.8571428571428572,computed
batch3,policy_known_life,5.6C(19%)-4.6C-newstructure,near_peak_time_share,QD_slope_masked,8,-0.4149817354692222,-0.30952380952380953,computed
batch3,policy_known_life,5.6C(19%)-4.6C-newstructure,near_peak_time_share,cycle_life,8,0.8884068026545022,0.8571428571428572,computed
batch3,policy_known_life,5.6C(19%)-4.6C-newstructure,late_minus_early_I_native,QD_slope_masked,8,0.5595292746583849,0.3571428571428572,computed
batch3,policy_known_life,5.6C(19%)-4.6C-newstructure,late_minus_early_I_native,cycle_life,8,-0.7764713006899446,-0.6666666666666669,computed
batch3,policy_known_life,5.6C(36%)-4.3C-newstructure,peak_I_native,QD_slope_masked,8,-0.10475798565535309,-0.11904761904761905,computed
batch3,policy_known_life,5.6C(36%)-4.3C-newstructure,peak_I_native,cycle_life,8,0.18055560213990332,-0.1666666666666667,computed
batch3,policy_known_life,5.6C(36%)-4.3C-newstructure,mean_positive_I_native,QD_slope_masked,8,-0.06609674091421527,0.023809523809523815,computed
batch3,policy_known_life,5.6C(36%)-4.3C-newstructure,mean_positive_I_native,cycle_life,8,-0.025737143454895257,-0.30952380952380953,computed
batch3,policy_known_life,5.6C(36%)-4.3C-newstructure,positive_duration_native,QD_slope_masked,8,0.1632586293034891,0.023809523809523815,computed
batch3,policy_known_life,5.6C(36%)-4.3C-newstructure,positive_duration_native,cycle_life,8,0.046916100956519526,0.3571428571428572,computed
batch3,policy_known_life,5.6C(36%)-4.3C-newstructure,near_peak_time_share,QD_slope_masked,8,-0.1484061243085635,-0.023809523809523815,computed
batch3,policy_known_life,5.6C(36%)-4.3C-newstructure,near_peak_time_share,cycle_life,8,-0.058361050654838445,-0.3571428571428572,computed
batch3,policy_known_life,5.6C(36%)-4.3C-newstructure,late_minus_early_I_native,QD_slope_masked,8,0.2453955269019719,0.30952380952380953,computed
batch3,policy_known_life,5.6C(36%)-4.3C-newstructure,late_minus_early_I_native,cycle_life,8,0.09305267371702458,0.3571428571428572,computed
batch3,policy_known_life,5.9C(15%)-4.6C-newstructure,peak_I_native,QD_slope_masked,2,,,insufficient_or_constant
batch3,policy_known_life,5.9C(15%)-4.6C-newstructure,peak_I_native,cycle_life,2,,,insufficient_or_constant
batch3,policy_known_life,5.9C(15%)-4.6C-newstructure,mean_positive_I_native,QD_slope_masked,2,,,insufficient_or_constant
batch3,policy_known_life,5.9C(15%)-4.6C-newstructure,mean_positive_I_native,cycle_life,2,,,insufficient_or_constant
batch3,policy_known_life,5.9C(15%)-4.6C-newstructure,positive_duration_native,QD_slope_masked,2,,,insufficient_or_constant
batch3,policy_known_life,5.9C(15%)-4.6C-newstructure,positive_duration_native,cycle_life,2,,,insufficient_or_constant
batch3,policy_known_life,5.9C(15%)-4.6C-newstructure,near_peak_time_share,QD_slope_masked,2,,,insufficient_or_constant
batch3,policy_known_life,5.9C(15%)-4.6C-newstructure,near_peak_time_share,cycle_life,2,,,insufficient_or_constant
batch3,policy_known_life,5.9C(15%)-4.6C-newstructure,late_minus_early_I_native,QD_slope_masked,2,,,insufficient_or_constant
batch3,policy_known_life,5.9C(15%)-4.6C-newstructure,late_minus_early_I_native,cycle_life,2,,,insufficient_or_constant
batch3,policy_known_life,5.9C(60%)-3.1C-newstructure,peak_I_native,QD_slope_masked,2,,,insufficient_or_constant
batch3,policy_known_life,5.9C(60%)-3.1C-newstructure,peak_I_native,cycle_life,2,,,insufficient_or_constant
batch3,policy_known_life,5.9C(60%)-3.1C-newstructure,mean_positive_I_native,QD_slope_masked,2,,,insufficient_or_constant
batch3,policy_known_life,5.9C(60%)-3.1C-newstructure,mean_positive_I_native,cycle_life,2,,,insufficient_or_constant
batch3,policy_known_life,5.9C(60%)-3.1C-newstructure,positive_duration_native,QD_slope_masked,2,,,insufficient_or_constant
batch3,policy_known_life,5.9C(60%)-3.1C-newstructure,positive_duration_native,cycle_life,2,,,insufficient_or_constant
batch3,policy_known_life,5.9C(60%)-3.1C-newstructure,near_peak_time_share,QD_slope_masked,2,,,insufficient_or_constant
batch3,policy_known_life,5.9C(60%)-3.1C-newstructure,near_peak_time_share,cycle_life,2,,,insufficient_or_constant
batch3,policy_known_life,5.9C(60%)-3.1C-newstructure,late_minus_early_I_native,QD_slope_masked,2,,,insufficient_or_constant
batch3,policy_known_life,5.9C(60%)-3.1C-newstructure,late_minus_early_I_native,cycle_life,2,,,insufficient_or_constant
batch3,policy_known_life,5C(67%)-4C-newstructure,peak_I_native,QD_slope_masked,7,0.44641994358595005,-0.14285714285714288,computed
batch3,policy_known_life,5C(67%)-4C-newstructure,peak_I_native,cycle_life,7,-0.17718891697677322,-0.14285714285714288,computed
batch3,policy_known_life,5C(67%)-4C-newstructure,mean_positive_I_native,QD_slope_masked,7,-0.0841722291587514,-0.3214285714285715,computed
batch3,policy_known_life,5C(67%)-4C-newstructure,mean_positive_I_native,cycle_life,7,0.27400863402632236,0.3214285714285715,computed
batch3,policy_known_life,5C(67%)-4C-newstructure,positive_duration_native,QD_slope_masked,7,0.06416409075197475,0.3571428571428572,computed
batch3,policy_known_life,5C(67%)-4C-newstructure,positive_duration_native,cycle_life,7,-0.26362389740462455,-0.25,computed
batch3,policy_known_life,5C(67%)-4C-newstructure,near_peak_time_share,QD_slope_masked,7,-0.06147433033365312,-0.3571428571428572,computed
batch3,policy_known_life,5C(67%)-4C-newstructure,near_peak_time_share,cycle_life,7,0.258002961242939,0.25,computed
batch3,policy_known_life,5C(67%)-4C-newstructure,late_minus_early_I_native,QD_slope_masked,7,0.023569578636006505,0.3571428571428572,computed
batch3,policy_known_life,5C(67%)-4C-newstructure,late_minus_early_I_native,cycle_life,7,-0.23664396424965203,-0.25,computed
