batch,charging_policy,n_life,life_min,life_median,life_max
batch1,3.6C(80%)-3.6C,3,1177.0,1179.0,1190.0
batch1,4.4C(80%)-4.4C,1,1074.0,1074.0,1074.0
batch1,4.8C(80%)-4.8C,2,636.0,753.0,870.0
batch1,4C(80%)-4C,2,1226.0,1226.5,1227.0
batch1,5.4C(40%)-3.6C,2,879.0,966.5,1054.0
batch1,5.4C(50%)-3.6C,2,897.0,899.5,902.0
batch1,5.4C(50%)-3C,2,788.0,847.0,906.0
batch1,5.4C(60%)-3.6C,2,857.0,859.5,862.0
batch1,5.4C(60%)-3C,2,719.0,799.5,880.0
batch1,5.4C(70%)-3C,2,691.0,739.5,788.0
batch1,5.4C(80%)-5.4C,2,534.0,546.5,559.0
batch1,6C(30%)-3.6C,2,891.0,952.5,1014.0
batch1,6C(40%)-3.6C,2,842.0,856.0,870.0
batch1,6C(40%)-3C,2,854.0,935.5,1017.0
batch1,6C(50%)-3.6C,2,709.0,792.5,876.0
batch1,6C(50%)-3C,2,860.0,888.5,917.0
batch1,6C(60%)-3C,2,731.0,744.0,757.0
batch1,7C(30%)-3.6C,2,703.0,722.5,742.0
batch1,7C(40%)-3.6C,2,617.0,621.0,625.0
batch1,7C(40%)-3C,2,648.0,676.0,704.0
batch1,8C(15%)-3.6C,2,966.0,1008.5,1051.0
batch1,8C(25%)-3.6C,2,651.0,676.5,702.0
batch1,8C(35%)-3.6C,2,599.0,607.5,616.0
batch2,3.6C(30%)-6C,2,416.0,421.0,426.0
batch2,3.6C(9%)-5C,2,393.0,394.5,396.0
batch2,4.65C(44%)-5C,2,466.0,482.5,499.0
batch2,4.65C(69%)-6C,2,444.0,452.0,460.0
batch2,4.8C(80%)-4.8C,5,437.0,492.0,514.0
batch2,4.8C(80%)-4.8C-newstructure,3,777.0,809.0,1029.0
batch2,5.2C(50%)-4.25C,5,424.0,449.0,474.0
batch2,5.2C(58%)-4C,4,452.0,483.0,493.0
batch2,5.2C(58%)-4C-newstructure,3,841.0,904.0,1140.0
batch2,5.6C(26%)-4.5C,6,412.0,446.0,491.0
batch2,5.6C(26%)-4.5C-newstructure,3,791.0,997.0,1186.0
batch2,6C(60%)-3C,2,392.0,400.0,408.0
batch3,3.7C(31%)-5.9C-newstructure,3,541.0,667.0,772.0
batch3,4.8C(80%)-4.8C-newstructure,6,1078.0,1640.0,1836.0
batch3,5.3C(54%)-4C-newstructure,8,935.0,1051.0,1315.0
batch3,5.6C(19%)-4.6C-newstructure,8,796.0,1038.0,1267.0
batch3,5.6C(36%)-4.3C-newstructure,8,786.0,890.5,1155.0
batch3,5.9C(15%)-4.6C-newstructure,2,858.0,867.0,876.0
batch3,5.9C(60%)-3.1C-newstructure,2,731.0,866.5,1002.0
batch3,5C(67%)-4C-newstructure,7,813.0,1009.0,1935.0
