batch,cell_id,cycle_life,life_group,early_observed_rows,early_high_QD_rows,mean_QD,n_QD,mean_IR,n_IR,mean_Tavg,n_Tavg,mean_Tmax,n_Tmax,mean_Tmin,n_Tmin,mean_chargetime,n_chargetime,std_QD,QD_slope,delta_QD,delta_IR,peak_positive_I_cycle10,deltaQ_mean,deltaQ_var,deltaQ_min,deltaQ_abs_mean,deltaQ_status,charging_policy,QD_slope_masked,std_QD_masked,cycle,storage_index,samples,alignment_passed,peak_I_native,mean_positive_I_native,positive_duration_native,near_peak_time_share,late_minus_early_I_native,positive_intervals_used,gap_count,excluded_gap_duration_native,record_duration_native,batch_life_median,batch_deltaQ_var_median,deltaQ_var_to_batch_median,batch_QD_slope_masked_median,same_policy_peer_n,same_policy_peer_life_median,same_policy_peer_deltaQ_var_median,same_policy_peer_QD_slope_masked_median
batch1,20,534.0,medium (500–1000),91,0,1.0694118197802198,91,0.0151817665111111,90,32.126769964969824,91,34.907946274725276,91,29.93218830769231,91,9.027973278388265,91,0.0040831479779759,-0.0001494513553113,-0.0144763999999999,-0.000199698,5.404611090909091,-0.0327959830071476,0.0004293016817129,-0.0635804268966032,0.0327964648448622,accepted,5.4C(80%)-5.4C,-0.0001494513553113,0.0040831479779759,10,9,1062,True,5.404611090909091,2.159851918620573,27.06252666666672,0.3282825402604692,-3.456296366134488,561,0,0.0,49.93565833333335,858.5,0.00014087948965875002,3.0472972520896415,-1.3709554069112175e-05,1,559.0,0.0004463360322465,-9.035583054625644e-05
batch1,21,559.0,medium (500–1000),91,0,1.082014156043956,91,0.0150822513777777,90,33.108983859799515,91,36.906906846153845,91,30.216419516483516,91,8.989637289377253,91,0.0026035155677663,-9.035583054625644e-05,-0.0090732,9.15870000000006e-05,5.412843909090909,-0.0306575771127106,0.0004463360322465,-0.0647202627657549,0.0306575771127106,accepted,5.4C(80%)-5.4C,-9.035583054625644e-05,0.0026035155677663,10,9,1059,True,5.412843909090909,2.1487024103027674,27.476876666666612,0.3233784577407689,-3.3955803065838603,559,0,0.0,49.930509999999956,858.5,0.00014087948965875002,3.168211592245629,-1.3709554069112175e-05,1,534.0,0.0004293016817129,-0.0001494513553113
batch1,45,599.0,medium (500–1000),91,0,1.087237353846154,91,0.0166798505054945,91,33.01980626490123,91,36.75081394505495,91,29.918866,91,10.258617820512796,91,0.0006784801283109,-2.2526972447838814e-05,-0.0016899999999999,0.000274533,8.007060000000001,-0.0288660905211357,0.0003755845892835,-0.0594035099161143,0.0288716110483485,accepted,8C(35%)-3.6C,-2.2526972447838814e-05,0.0006784801283109,10,9,1055,True,8.007060000000001,2.077568833882593,28.46331500000003,0.09211453409414846,-3.1626120906781554,581,0,0.0,51.07867166666668,858.5,0.00014087948965875002,2.6659990761839936,-1.3709554069112175e-05,1,616.0,0.0003795770928016,-4.222089504697998e-05
batch2,19,392.0,short (<500),91,0,1.0949763263736263,91,0.0167231555384615,91,32.77247428690546,91,36.597218578792585,91,30.484255290876288,91,10.17362760073265,91,0.0028561490525544,1.2324980092367542e-05,0.0006085999999998,0.000188742,6.003362454545454,-0.0343082077979218,0.0005105543672328,-0.0656517508735375,0.0343105169987194,accepted,6C(60%)-3C,1.2324980092367542e-05,0.0028561490525544,10,9,1001,True,6.003362454545454,2.0719855529767632,28.536731666666554,0.21010359805862,-3.1834688665431643,416,0,0.0,68.49645499999994,472.0,0.0003256380937,1.5678582362147024,1.981349259437136e-05,1,408.0,0.0004713254868518,3.9052729096991255e-05
batch2,6,393.0,short (<500),91,0,1.093291446153846,91,0.0160147003736263,91,33.81706063663985,91,39.80772646051718,91,30.481255077258837,91,10.179308040293128,91,0.0028086952903165,5.756180124223628e-05,0.0002542,3.471400000000166e-05,5.000090181818182,-0.020824792460517,0.0002950939552921,-0.0498724789374046,0.0208296304640717,accepted,3.6C(9%)-5C,5.756180124223628e-05,0.0028086952903165,10,9,1035,True,5.000090181818182,2.0582844441932373,28.55252166666663,0.3001023318839382,-3.205841864570895,418,0,0.0,70.8647133333332,472.0,0.0003256380937,0.906202195017026,1.981349259437136e-05,1,396.0,0.0003046127470747,8.864344640866963e-05
batch2,15,396.0,short (<500),91,0,1.075459543956044,91,0.0162516321978021,91,32.8583349352744,91,36.09072056043012,91,31.220296718739995,91,10.17295906593412,91,0.0028017104723606,8.864344640866963e-05,0.0058939,-0.0002545839999999,5.003433272727272,-0.0241352883526542,0.0003046127470747,-0.0509346763941556,0.0241352883526542,accepted,3.6C(9%)-5C,8.864344640866963e-05,0.0028017104723606,10,9,1047,True,5.003433272727272,2.0503478360513214,28.131478333333504,0.3044306772123084,-3.3017502323140424,416,0,0.0,71.64623333333341,472.0,0.0003256380937,0.9354333935983854,1.981349259437136e-05,1,393.0,0.0002950939552921,5.756180124223628e-05
batch3,28,541.0,medium (500–1000),91,0,1.043820959340659,91,0.0134412833296703,91,35.72293765850798,91,39.566122209843854,91,32.312166137425436,91,10.091233113553178,91,0.005414313691708,-0.0002047446169772,-0.0184483000000001,0.000384098,5.90237009090909,-0.0302561192147094,0.0003534614925326,-0.0578311205506406,0.0302595764323368,accepted,3.7C(31%)-5.9C-newstructure,-0.0002047446169772,0.005414313691708,10,9,774,True,5.90237009090909,2.1500216813353843,27.080673333333593,0.18509608697568103,-3.3186270375475706,414,0,0.0,46.67121499999994,1005.5,6.680492422342919e-05,5.290949681350546,-1.5152974996016521e-05,2,719.5,0.00024780007392285,-0.0001842495222169
batch3,6,667.0,medium (500–1000),91,0,1.0529569846153846,91,0.013746279076923,91,34.115817620720705,91,37.01743090956861,91,31.43104686423182,91,10.082544725274769,91,0.0053645684656088,-0.0002030154196528,-0.0186739,0.0002643309999999,5.90107309090909,-0.0285175611004537,0.0002980518398608,-0.0532016465912453,0.0285833754302791,accepted,3.7C(31%)-5.9C-newstructure,-0.0002030154196528,0.0053645684656088,10,9,763,True,5.90107309090909,2.1573681320349745,27.120214999999977,0.18484440481021128,-3.2937353330023433,415,0,0.0,45.762938333333054,1005.5,6.680492422342919e-05,4.461525004713202,-1.5152974996016521e-05,2,656.5,0.00027550490025875,-0.0001851141208791
batch3,31,731.0,medium (500–1000),91,0,1.070885821978022,91,0.0158726897032967,91,34.01108300144201,91,36.77937665931109,91,31.325665569928564,91,10.045659761904709,91,0.0005506441022015,-1.799799808886109e-05,-0.0010414,9.08969999999995e-05,5.900500909090908,-0.0163505485614894,0.0001446761604603,-0.0356194097392656,0.0163581992464132,accepted,5.9C(60%)-3.1C-newstructure,-1.799799808886109e-05,0.0005506441022015,10,9,772,True,5.900500909090908,2.0990338125283436,28.18968999999997,0.21527900212217166,-3.1913633483230406,415,0,0.0,47.70530333333324,1005.5,6.680492422342919e-05,2.165651142368343,-1.5152974996016521e-05,1,1002.0,8.977958692912617e-05,-2.3564351011294974e-05
