batch,cell_id,protocol_key,preview_partition
batch1,3,4C(80%)-4C,development
batch1,4,4C(80%)-4C,development
batch1,5,4.4C(80%)-4.4C,development
batch1,6,4.8C(80%)-4.8C,development
batch1,7,4.8C(80%)-4.8C,development
batch1,8,5.4C(40%)-3.6C,development
batch1,9,5.4C(40%)-3.6C,development
batch1,10,5.4C(50%)-3C,development
batch1,11,5.4C(50%)-3C,development
batch1,12,5.4C(50%)-3.6C,development
batch1,13,5.4C(50%)-3.6C,development
batch1,16,5.4C(60%)-3.6C,development
batch1,17,5.4C(60%)-3.6C,development
batch1,20,5.4C(80%)-5.4C,development
batch1,21,5.4C(80%)-5.4C,development
batch1,22,6C(30%)-3.6C,development
batch1,23,6C(30%)-3.6C,development
batch1,24,6C(40%)-3C,development
batch1,25,6C(40%)-3C,development
batch1,26,6C(40%)-3.6C,development
batch1,27,6C(40%)-3.6C,development
batch1,30,6C(50%)-3.6C,development
batch1,31,6C(50%)-3.6C,development
batch1,32,6C(60%)-3C,development
batch1,33,6C(60%)-3C,development
batch1,36,7C(40%)-3C,development
batch1,37,7C(40%)-3C,development
batch1,38,7C(40%)-3.6C,development
batch1,39,7C(40%)-3.6C,development
batch1,40,8C(15%)-3.6C,development
batch1,41,8C(15%)-3.6C,development
batch1,42,8C(25%)-3.6C,development
batch1,43,8C(25%)-3.6C,development
batch1,44,8C(35%)-3.6C,development
batch1,45,8C(35%)-3.6C,development
batch1,0,3.6C(80%)-3.6C,holdout
batch1,1,3.6C(80%)-3.6C,holdout
batch1,2,3.6C(80%)-3.6C,holdout
batch1,14,5.4C(60%)-3C,holdout
batch1,15,5.4C(60%)-3C,holdout
batch1,18,5.4C(70%)-3C,holdout
batch1,19,5.4C(70%)-3C,holdout
batch1,28,6C(50%)-3C,holdout
batch1,29,6C(50%)-3C,holdout
batch1,34,7C(30%)-3.6C,holdout
batch1,35,7C(30%)-3.6C,holdout
