batch,cell_id,cycle_life,life_group,early_observed_rows,early_high_QD_rows,mean_QD,n_QD,mean_IR,n_IR,mean_Tavg,n_Tavg,mean_Tmax,n_Tmax,mean_Tmin,n_Tmin,mean_chargetime,n_chargetime,std_QD,QD_slope,delta_QD,delta_IR,peak_positive_I_cycle10,deltaQ_mean,deltaQ_var,deltaQ_min,deltaQ_abs_mean,deltaQ_status
batch1,0,1190.0,long (>1000),91,1,1.0812566329670328,91,0.016642758736263735,91,31.5760350032552,91,35.35307925274725,91,29.319548450549448,91,13.384324395604375,91,0.04853023255896164,-0.00031399105112279297,0.0013753000000000792,9.497300000000167e-05,3.6012545454545455,-0.0028734152246919164,9.663600264771342e-06,-0.008459642934268818,0.0029553268326952846,accepted
batch1,1,1179.0,long (>1000),91,0,1.0815340197802197,91,0.01692239737777778,90,31.295828166311242,91,34.13187856043956,91,29.527047417582416,91,13.372037857142836,91,0.000584714111761717,-1.386407708233212e-05,0.000853100000000051,0.00012915599999999833,3.600945,-0.00409961462134519,9.683678956852016e-06,-0.011003816596621974,0.00409961462134519,accepted
batch1,2,1177.0,long (>1000),91,0,1.085623934065934,91,0.01677251648888889,90,31.442116534374804,91,34.516218494505495,91,29.601948725274728,91,13.379404835164845,91,0.00046066444264291793,-5.208700429995722e-06,0.001158699999999957,0.00016711299999999998,3.6007022727272724,-0.004486734282886989,1.8323155109711005e-05,-0.017216391849644463,0.004487075271877125,accepted
batch1,3,1226.0,long (>1000),91,0,1.0851624384615386,91,0.01631193822222222,90,29.908329568221973,91,30.63438460439561,91,29.35390849450549,91,12.053525549450544,91,0.0007552388304766988,6.368388278398741e-06,0.00044200000000005346,0.0002006830000000001,4.001638272727273,-0.007455784700018413,3.608997994486938e-05,-0.018960539773269502,0.007467845820598903,accepted
batch1,4,1227.0,long (>1000),91,0,1.083062524175824,91,0.01666588161111111,90,31.4281820570246,91,34.36929807692308,91,29.46489059340659,91,12.053579249084253,91,0.0007702218768843537,8.424255454690661e-06,0.0006920999999999733,0.00011794600000000072,4.000961090909091,-0.005750008121960181,2.2503824885676158e-05,-0.013957995093677344,0.0057514170096480835,accepted
batch1,5,1074.0,long (>1000),91,0,1.0804949736263736,91,0.01626589675824176,91,30.91369988695243,91,33.02052492307693,91,29.230312285714287,91,15.437651080586145,91,0.0008207529116386806,2.0457525083623468e-06,-0.0003965999999999692,7.70969999999982e-05,4.4007665454545455,-0.01107391297973859,6.624026126041227e-05,-0.025178778949337288,0.01109450776639639,accepted
batch1,6,636.0,medium (500–1000),91,0,1.0810752142857143,91,0.01665881344444444,90,32.24983543491405,91,35.77836934065934,91,29.72024863736264,91,10.043405329670298,91,0.0009287218036481327,-1.8384228380318223e-05,-0.0018586000000000436,-2.167499999999878e-05,4.800375181818182,-0.015965056248274823,0.00017026371292231957,-0.03788603931347978,0.015970913590886853,accepted
batch1,7,870.0,medium (500–1000),91,0,1.0969791296703297,91,0.0162134779,90,31.973256280500298,91,35.318750197802196,91,29.560738692307694,91,10.04442992673991,91,0.0007485354756670526,-1.2389668737060214e-05,-0.0018245000000001177,9.131499999999806e-05,4.800307545454546,-0.016645727245619735,0.00015364340477588736,-0.03823338650707442,0.016645727245619735,accepted
batch1,8,879.0,medium (500–1000),91,0,1.0949735648351648,91,0.016709904560439564,91,32.07835379862389,91,34.45538021978022,91,30.304491109890108,91,11.24570701465201,91,0.0004296208807706272,-7.819638477472863e-06,-3.7999999999982492e-06,0.0001435579999999985,5.40255109090909,-0.012818967232022799,9.97253091328456e-05,-0.030807702259195047,0.012819174369232257,accepted
batch1,9,1054.0,long (>1000),91,0,1.0879482351648353,91,0.01682917540659341,91,32.64506491955275,91,35.99536445054945,91,30.267455241758242,91,11.243820860805872,91,0.000397237190374168,5.299069915599302e-06,0.0009996999999999368,9.736800000000045e-05,5.403459727272727,-0.011510600568480111,8.72200481780871e-05,-0.028724475696229934,0.011510600568480111,accepted
batch1,10,906.0,medium (500–1000),91,0,1.0820693120879123,91,0.016567735833333333,90,33.183029052978426,91,36.87021273626374,91,30.26350730769231,91,11.686669780219818,91,0.0009485382274069258,6.0261347348371834e-06,0.0021002000000001075,0.000209398999999999,5.410183999999999,-0.010668007843734223,9.493510903192643e-05,-0.026992931922526497,0.010675593703957927,accepted
batch1,11,788.0,medium (500–1000),91,0,1.0604056857142858,91,0.016176453566666662,90,32.737335353469376,91,36.225496956043955,91,30.124853406593406,91,11.68509159340663,91,0.0008829459157428636,4.613694855870166e-06,0.0018716000000000843,7.510800000000081e-05,5.401534999999999,-0.008378205102529986,7.130228856858242e-05,-0.023691513033622602,0.00840950919932506,accepted
batch1,12,902.0,medium (500–1000),91,0,1.0823681483516483,91,0.016436112274725276,91,33.46370483841537,91,37.46491136263736,91,30.395312010989013,91,10.682910934065939,91,0.00038143861610797535,6.052810957250435e-07,0.0007700999999999958,0.00011290700000000237,5.401746545454546,-0.011237958333707347,7.495650888780392e-05,-0.027438869587688153,0.011237958333707347,accepted
batch1,13,897.0,medium (500–1000),91,0,1.0844547164835165,91,0.01703356196703297,91,32.09855469451812,91,34.69118423076923,91,30.022724736263736,91,10.683663827838837,91,0.00045535950907284385,-7.604817646123064e-06,-4.8000000000048004e-05,0.00013387500000000205,5.401798636363636,-0.013148734381658471,8.953514522265102e-05,-0.029137075239816568,0.013148734381658471,accepted
batch1,14,880.0,medium (500–1000),91,0,1.0763410802197801,91,0.016969576923076924,91,33.06387883092461,91,36.636338208791216,91,30.06437465934066,91,15.291828736263737,91,0.0008773181232495764,1.630952062430929e-05,0.000999500000000042,0.00012491199999999786,5.407163454545454,-0.011946218223467892,8.993529426869348e-05,-0.0282939556930506,0.011946218223467892,accepted
batch1,15,719.0,medium (500–1000),91,0,1.0679383197802197,91,0.01682554152747253,91,33.14516569291013,91,37.077339648351646,91,29.948493087912087,91,15.29100639194134,91,0.0009428549617718078,1.673795190317282e-05,0.001147500000000079,0.00017167199999999772,5.402488727272727,-0.011013089313180444,9.595130743781206e-05,-0.02894455469678503,0.011013089313180444,accepted
batch1,16,862.0,medium (500–1000),91,0,1.0866914197802198,91,0.016695404900000002,90,32.420218382666164,91,35.87168251648352,91,29.84068751648352,91,10.125278095238116,91,0.0008802816536919416,1.3498762541802934e-05,0.0005359000000000336,0.00016666599999999934,5.405946181818182,-0.012403806163792485,7.954013514589506e-05,-0.027606674842371115,0.012403806163792485,accepted
batch1,17,857.0,medium (500–1000),91,0,1.0773481252747252,91,0.01667530443956044,91,32.10059557412021,91,35.46543687912088,91,29.520876340659335,91,10.138984047619054,91,0.0006029263938111272,5.362154801722931e-06,0.0012254000000000431,0.0001762249999999986,5.4059219090909085,-0.013343115757399526,0.00010711259692754453,-0.031067967108938555,0.013343115757399526,accepted
batch1,18,691.0,medium (500–1000),91,1,1.0880648065934064,91,0.017839358582417583,91,31.875574088361404,91,35.43866604395605,91,29.938015428571433,91,9.925854816849819,91,0.1903739135346786,-0.0004958883612040111,-0.005023800000000023,-0.003994543,5.404739363636363,-0.02070238680333876,0.00022383059792099492,-0.04413321540827286,0.02070238680333876,accepted
batch1,19,788.0,medium (500–1000),91,0,1.088461991208791,91,0.01632328235164835,91,33.05124443483438,91,36.86821382417582,91,30.135285021978028,91,9.930555989010955,91,0.0006629371766193869,-2.0336293995851352e-05,-0.0015537000000001022,0.00010971300000000087,5.401562818181818,-0.020106274821769736,0.00023993476144574294,-0.04589269342650848,0.020106645660057924,accepted
batch1,20,534.0,medium (500–1000),91,0,1.0694118197802198,91,0.015181766511111111,90,32.126769964969824,91,34.907946274725276,91,29.93218830769231,91,9.027973278388265,91,0.004083147977975924,-0.00014945135531135723,-0.014476399999999945,-0.00019969800000000162,5.404611090909091,-0.03279598300714767,0.00042930168171296525,-0.06358042689660326,0.03279646484486227,accepted
batch1,21,559.0,medium (500–1000),91,0,1.082014156043956,91,0.015082251377777776,90,33.108983859799515,91,36.906906846153845,91,30.216419516483516,91,8.989637289377253,91,0.0026035155677663923,-9.035583054625644e-05,-0.009073200000000003,9.158700000000061e-05,5.412843909090909,-0.030657577112710634,0.00044633603224653485,-0.06472026276575493,0.030657577112710634,accepted
batch1,22,891.0,medium (500–1000),91,0,1.083091964835165,91,0.01658794456043956,91,32.852232837351465,91,36.67398565934067,91,30.040266923076924,91,11.46397212454215,91,0.0005728594088476201,-1.7057273451189287e-05,-0.0009717000000000198,0.00011442400000000186,6.002318636363636,-0.014716371313208602,0.00011164295598941376,-0.032147144008991324,0.014716371313208602,accepted
batch1,23,1014.0,long (>1000),91,0,1.0825457153846154,91,0.016821210637362635,91,32.00034414687629,91,34.896230802197806,91,29.80872817582418,91,11.459366483516485,91,0.0005149851408693616,-1.5297888198762094e-05,-0.0009636000000001754,0.0001342129999999976,6.0017915454545445,-0.013340620512360239,9.103457241110652e-05,-0.029953516931757296,0.013340620512360239,accepted
batch1,24,1017.0,long (>1000),91,0,1.0781712065934066,91,0.016586062043956042,91,33.38484421656355,91,36.88879486813187,91,30.495925857142854,91,12.126660659340681,91,0.000490953133043205,-7.558493390664127e-06,-7.259999999997824e-05,0.0001476269999999974,6.001735999999999,-0.013873507013282613,0.00011516949866350308,-0.03184213409789827,0.013873507013282613,accepted
batch1,25,854.0,medium (500–1000),91,0,1.0790000681318683,91,0.016593987428571426,91,33.853505991842376,91,38.01471573626374,91,30.577033043956046,91,12.136525805860803,91,0.00046585809185942755,-1.0512616658699725e-05,-0.0003018999999999661,0.0001323540000000012,6.007024636363636,-0.012406193052887388,9.378020536805894e-05,-0.02944117289056547,0.012406193052887388,accepted
batch1,26,870.0,medium (500–1000),91,0,1.0906411054945055,91,0.016284701835164835,91,33.16330819950574,91,36.44823171428571,91,30.381561923076923,91,10.80199225274729,91,0.0008160914655114259,-2.4660891861760114e-05,-0.0016640999999999462,0.00016220099999999724,6.003147454545454,-0.01785015712562481,0.00016024334542563112,-0.03835445363245393,0.01785015712562481,accepted
batch1,27,842.0,medium (500–1000),91,0,1.0821233186813186,91,0.01609961030769231,91,33.90301764657023,91,37.54564181318681,91,30.72637672527473,91,10.803581739926768,91,0.0006646735823632432,-2.0381876094918566e-05,-0.001266699999999954,0.00017213099999999898,6.004548545454545,-0.01551418714665611,0.00014005441374332457,-0.03583211964634625,0.015527662563825841,accepted
batch1,28,860.0,medium (500–1000),91,0,1.0807655351648353,91,0.01668118501098901,91,33.783317850109555,91,37.5288723076923,91,30.62929326373626,91,11.140097179487183,91,0.00046959808687231576,-1.5225352763173364e-05,-0.0012768000000000779,0.00020726000000000078,6.006039727272727,-0.016698122755162716,0.00014298424697322437,-0.03721348031974192,0.016698122755162716,accepted
batch1,29,917.0,medium (500–1000),91,0,1.082886863736264,91,0.01654609885714286,91,32.712959080800786,91,35.427925868131865,91,30.433158549450553,91,11.150356593406572,91,0.0004752434895261619,-1.4454562828473083e-05,-0.00098240000000005,0.00015906600000000284,6.002204181818182,-0.01660052342693117,0.0001451170011316565,-0.036868449881918286,0.016607171177101015,accepted
batch1,30,709.0,medium (500–1000),91,0,1.0828880054945054,91,0.016010600395604396,91,33.5489242218094,91,36.83326197802198,91,30.649895582417585,91,10.124216007326032,91,0.0007702651992604247,-2.5976043956036012e-05,-0.001953399999999883,0.00018518799999999933,6.002276999999999,-0.017719122166801278,0.00018001172021664107,-0.04081538502439652,0.017719122166801278,accepted
batch1,31,876.0,medium (500–1000),91,0,1.097077774725275,91,0.016864890659340662,91,30.379077738389338,91,30.718702252747253,91,30.006478978021978,91,10.126856282051266,91,0.0009711143436043589,-3.470540531931799e-05,-0.0027898000000001755,0.00013676699999999944,6.002852727272727,-0.017983588803246863,0.00016682739789842456,-0.03947820648424727,0.018005193347225473,accepted
batch1,32,731.0,medium (500–1000),91,0,1.0807376615384614,91,0.016168406296703297,91,33.08931799720783,91,36.253885373626375,91,30.379508868131875,91,10.131027032967076,91,0.0006314077032524134,-2.147387004299617e-05,-0.0016681999999998975,0.0001891890000000028,6.001510636363636,-0.020730273837007353,0.00022570256930208902,-0.04556628526257467,0.020730273837007353,accepted
batch1,33,757.0,medium (500–1000),91,0,1.0955389021978021,91,0.01648187286813187,91,33.68685615008,91,37.77036162637363,91,30.368518758241763,91,10.13019761904764,91,0.0009074774672412864,-3.1796946966077e-05,-0.002425699999999864,0.00012598700000000101,6.0042814545454535,-0.021651569301358076,0.00021524962445427153,-0.044901781211682756,0.021651569301358076,accepted
batch1,34,742.0,medium (500–1000),91,0,1.080205810989011,91,0.01685217797802198,91,32.67776155217216,91,36.123026857142854,91,29.99244921978022,91,11.033024743589756,91,0.0005219496126065496,-1.0398015607580281e-05,-0.00040940000000011523,0.00014472800000000022,7.001765818181818,-0.016080359430316875,0.00014170456557429945,-0.037218141748807665,0.016090340394818946,accepted
batch1,35,703.0,medium (500–1000),91,0,1.0746440626373626,91,0.016966658494505495,91,32.10924118315372,91,34.91010046153846,91,29.816913681318685,91,11.034964212454225,91,0.0004567853504287303,-5.950627488450408e-06,-0.00013669999999987859,0.00017966200000000057,7.001387818181818,-0.018223341654084003,0.00016880845085747467,-0.039152034335048436,0.018223341654084003,accepted
batch1,36,704.0,medium (500–1000),91,0,1.081370278021978,91,0.01644086768131868,91,32.05637589574224,91,34.00080305494505,91,30.27587756043956,91,11.556540054945067,91,0.0005702953591102677,-1.628153049849124e-05,-0.001297899999999963,0.00022208899999999823,7.001887272727272,-0.02104235085802675,0.00021404183097836082,-0.044621405961221994,0.02104235085802675,accepted
batch1,37,648.0,medium (500–1000),91,0,1.0781203780219781,91,0.016547135373626374,91,32.970580505501694,91,36.09006062637363,91,30.245684978021973,91,11.561057014652038,91,0.0006557288309460177,-1.9236196846627564e-05,-0.001513400000000109,0.00019665099999999908,7.002528818181817,-0.019436824634916583,0.00021186592167101386,-0.044544784957630146,0.019436824634916583,accepted
batch1,38,617.0,medium (500–1000),91,0,1.0758881659340662,91,0.01621557298901099,91,33.7083853223586,91,37.35178607692307,91,30.441398428571436,91,10.232226025641044,91,0.0005309892579411022,-1.8634390826566925e-05,-0.0010924999999999407,0.0002285550000000018,7.006967727272727,-0.026764193834967424,0.00036893667248310104,-0.05641559694699583,0.02676701782749305,accepted
batch1,39,625.0,medium (500–1000),91,0,1.0857844021978023,91,0.0166943950989011,91,33.518377207907015,91,37.454642736263736,91,30.336582890109895,91,10.24095256410253,91,0.00046148940399007467,-1.355503105589223e-05,-0.0008420000000000094,0.00023965600000000128,7.007713272727273,-0.024440041487006035,0.0003129437479421444,-0.053143954091811496,0.024440041487006035,accepted
batch1,40,966.0,medium (500–1000),91,0,1.0870351164835166,91,0.016680402087912084,91,33.466994147224064,91,37.795234417582414,91,30.269126076923076,91,12.08827020146521,91,0.0005683676588390407,-1.8422352285391665e-05,-0.0014332999999999707,0.0002280269999999987,8.009307181818182,-0.012628807847703542,8.806174658415387e-05,-0.02909570881628587,0.012628807847703542,accepted
batch1,41,1051.0,long (>1000),91,0,1.0830145516483514,91,0.01674448792307692,91,33.07975773547041,91,36.85310638461539,91,30.23430705494506,91,12.091806996337025,91,0.00038233385392659675,-9.669214843125774e-06,-0.0005790000000001072,0.00017737599999999992,8.009869,-0.012358568562846162,8.48176100238975e-05,-0.02850629135902205,0.012359103287035352,accepted
batch1,42,702.0,medium (500–1000),91,0,1.0840217505494507,91,0.016718749989010993,91,33.59841781906345,91,37.72481587912088,91,30.34802504395605,91,11.17802357142863,91,0.0003262953336315009,-7.099162286985007e-06,-0.0004695000000001226,0.0002665859999999992,8.009719818181818,-0.020599210252813277,0.00021584610431745794,-0.04470964572873015,0.020599210252813277,accepted
batch1,43,651.0,medium (500–1000),91,0,1.070536932967033,91,0.016110037076923076,91,33.34349274550026,91,36.85097164835165,91,30.2513779010989,91,11.178613589743591,91,0.0008796534542464738,-3.225106864150365e-05,-0.002598499999999948,0.00024833199999999694,8.01088509090909,-0.019165626778476195,0.00021489233671107995,-0.044605890152637384,0.019165626778476195,accepted
batch1,44,616.0,medium (500–1000),91,0,1.0868232010989012,91,0.017418254494505497,91,32.56778256742335,91,35.839557087912084,91,29.956760549450546,91,10.257643589743598,91,0.001135550242392995,-4.222089504697998e-05,-0.0035061000000000675,0.0002842720000000021,8.007968545454546,-0.029329092901317067,0.0003795770928016619,-0.05879707165403769,0.029329092901317067,accepted
batch1,45,599.0,medium (500–1000),91,0,1.087237353846154,91,0.016679850505494507,91,33.01980626490123,91,36.75081394505495,91,29.918866,91,10.258617820512795,91,0.0006784801283109259,-2.2526972447838818e-05,-0.0016899999999999693,0.0002745330000000004,8.007060000000001,-0.02886609052113574,0.0003755845892835457,-0.059403509916114317,0.028871611048348598,accepted
batch2,0,477.0,short (<500),91,0,1.1051915692307694,91,0.017336257527472528,91,31.819665574752385,91,35.404461904902924,91,29.831552425806088,91,10.17323098901111,91,0.0032117580269895186,1.0050197483675751e-05,0.0015544999999999032,4.996200000000062e-05,5.207814272727272,-0.025801000173386008,0.0003256380937000854,-0.055061277717081025,0.025801000173386008,accepted
batch2,1,491.0,short (<500),91,0,1.1047745615384614,91,0.01751523134065934,91,33.61477334899051,91,36.49876153078584,91,30.61408715640623,91,10.196931703296583,91,0.0035348341445539254,-3.1866625258790506e-05,-0.006769200000000142,-0.0003204049999999993,5.606765727272727,-0.035595007639683186,0.0005034410615908589,-0.0661147205894651,0.035599270684251665,accepted
batch2,2,424.0,short (<500),91,0,1.074652533186813,91,0.01644493075824176,91,33.17156277120817,91,37.454011393963896,91,30.77337781751349,91,10.175011208791272,91,0.011783138474162591,-6.105121197639826e-06,-0.005759800000000093,0.00018452299999999894,5.2027684545454544,-0.025013386420214043,0.00034653861464528006,-0.052717818544041395,0.025013386420214043,accepted
batch2,3,499.0,short (<500),91,0,1.1018037263736262,91,0.01591295997802198,91,33.93865768577528,91,38.788880974567746,91,30.81781942695631,91,10.173155128205178,91,0.0029518845013100374,7.46289679885362e-05,0.001900600000000141,0.0002611299999999983,5.001529363636363,-0.020089882918698704,0.000318975262145792,-0.05586845261151374,0.020089882918698704,accepted
batch2,4,444.0,short (<500),91,0,1.085633720879121,91,0.016138183263736266,91,33.03890158683338,91,37.44301280768703,91,30.399031705345784,91,10.232924780219733,91,0.0031975782160363797,-6.578035355948732e-05,-0.009355000000000002,-0.00026122500000000035,6.00075809090909,-0.034781796484889084,0.0005854545529657333,-0.07029720690084085,0.03479286913315801,accepted
batch2,5,416.0,short (<500),91,0,1.0870349604395604,91,0.015255637516483518,91,32.999161656222306,91,37.68384374561755,91,30.48866432629005,91,10.200482527472545,91,0.01314832095867824,-0.00018602243828634072,-0.02270519999999987,-0.00025567799999999877,6.0023290909090905,-0.04648540460048997,0.0008205749892219913,-0.08615002847927744,0.04648594220297168,accepted
batch2,6,393.0,short (<500),91,0,1.093291446153846,91,0.016014700373626373,91,33.81706063663985,91,39.80772646051718,91,30.481255077258837,91,10.179308040293128,91,0.0028086952903165026,5.756180124223628e-05,0.00025420000000009324,3.471400000000166e-05,5.000090181818182,-0.02082479246051704,0.00029509395529212125,-0.04987247893740465,0.020829630464071762,accepted
batch2,7,777.0,medium (500–1000),91,0,1.0931936494505494,91,0.014788525,91,33.787848323118595,91,37.18154029055139,91,30.756023043032545,91,10.035669322344315,91,0.002511680712209057,5.744192705845211e-05,0.00692769999999987,2.429600000000004e-05,4.804680545454545,-0.008823099834708447,5.865835912266468e-05,-0.021737979924043582,0.008867753886646014,accepted
batch2,8,904.0,medium (500–1000),91,0,1.090031861868132,91,0.016463798230769232,91,33.60846715529092,91,35.6865351902541,91,31.619425649080586,91,10.039861630036631,91,0.012738622797687432,-5.30790716674609e-05,-0.0007699999999999374,4.834999999999909e-05,5.203517545454544,-0.011203415580045945,7.899098323286501e-05,-0.027841110945332148,0.011222306571166357,accepted
batch2,9,791.0,medium (500–1000),91,0,1.0974771593406594,91,0.015394564857142858,91,32.347053674564215,91,33.58567747411306,91,31.356329871674863,91,10.039853992673986,91,0.0019204567954860094,-3.945754419493187e-05,-0.0010336999999998042,-9.521499999999919e-05,5.604012272727273,-0.007446960333569007,4.5245388051825846e-05,-0.019754152325308416,0.008102861355073059,accepted
batch2,10,492.0,short (<500),91,0,1.1112652248351647,91,0.017046631582417583,91,31.73077993571125,91,34.382358261819455,91,29.964367995803368,91,10.169334908424842,91,0.012160755258217342,6.384393725116053e-05,0.006365199999999849,-7.38219999999977e-05,4.803074909090909,-0.02952029629956943,0.00035407876899738185,-0.05580244986198335,0.02952029629956943,accepted
batch2,11,449.0,short (<500),91,0,1.1013911505494507,91,0.0172252149010989,91,33.1363899537519,91,37.998486960470515,91,30.626124688076477,91,10.173903791208817,91,0.014948011670946396,0.00012643977384934718,0.010471899999999978,0.00039378500000000066,5.206142727272727,-0.024012633467613776,0.000327044446642087,-0.05489875594719695,0.024012633467613776,accepted
batch2,12,466.0,short (<500),91,0,1.1042473527472525,91,0.0164848649010989,91,31.300384352318062,91,33.59966671239308,91,29.993953008653154,91,10.174880036630089,91,0.002154763923771418,3.275929447364646e-05,0.0038705999999999463,-0.0004050379999999999,5.002077272727272,-0.03939759227215439,0.0006792531042316953,-0.07733124344865683,0.039398117949145404,accepted
batch2,13,460.0,short (<500),91,0,1.0948487373626374,91,0.01601688472527472,91,31.940231375546322,91,35.0931665036066,91,30.10554808978084,91,10.214825879120806,91,0.0014935939618285602,-8.52741041567002e-06,-0.001671499999999826,-0.0003938470000000027,6.002027363636363,-0.0340700221226121,0.00045243092034126796,-0.06467448840609535,0.03407116449841186,accepted
batch2,14,426.0,short (<500),91,0,1.0788299714285712,91,0.016210692912087914,91,32.12032476841645,91,35.20250746058758,91,30.372037661583892,91,53.36722245421255,91,0.003362047622912292,-0.0001001943749004632,-0.007291900000000018,-0.00024404999999999913,6.004558909090909,-0.04455576451036339,0.0007611671443129553,-0.0837144352028476,0.04455576451036339,accepted
batch2,15,396.0,short (<500),91,0,1.075459543956044,91,0.016251632197802197,91,32.8583349352744,91,36.09072056043012,91,31.220296718739995,91,10.17295906593412,91,0.0028017104723606374,8.864344640866963e-05,0.0058939000000000075,-0.00025458399999999867,5.003433272727272,-0.024135288352654265,0.0003046127470747836,-0.05093467639415561,0.024135288352654265,accepted
batch2,16,472.0,short (<500),91,0,1.0970696681318683,91,0.01747787212087912,91,32.77880302075412,91,37.04035396343241,91,30.509564230968003,91,10.171597252747269,91,0.002049440759539541,-2.2458525242871458e-05,-0.0024861000000000466,-4.860000000009301e-07,4.803158181818182,-0.026244652410942607,0.0003199771811309943,-0.0532543676756424,0.026244652410942607,accepted
batch2,17,471.0,short (<500),91,0,1.094076401098901,91,0.017066323923076922,91,32.98745273638719,91,34.764372319836056,91,30.872457222726588,91,10.181669194139298,91,0.0022651415859350032,3.920608058608689e-05,0.0018574999999998454,-0.0001418240000000022,5.6077818181818175,-0.024346340387445996,0.0003159772910980138,-0.05256239657553352,0.024346340387445996,accepted
batch2,18,449.0,short (<500),91,0,1.0830098956043959,91,0.01664530532967033,91,32.888914245448206,91,36.4298613577482,91,30.66999234728433,91,10.174119505494547,91,0.0032317999293792923,0.00010981586399107856,0.007177800000000012,0.0001612269999999999,5.2028170909090905,-0.016640891110932497,0.00019619921427892916,-0.03974566910430133,0.016641648264370923,accepted
batch2,19,392.0,short (<500),91,0,1.0949763263736263,91,0.01672315553846154,91,32.77247428690546,91,36.597218578792585,91,30.484255290876288,91,10.17362760073265,91,0.0028561490525544813,1.2324980092367542e-05,0.0006085999999998482,0.00018874200000000216,6.003362454545454,-0.03430820779792184,0.0005105543672328962,-0.06565175087353758,0.03431051699871947,accepted
batch2,20,489.0,short (<500),91,0,1.1002067373626374,91,0.016612389571428573,91,33.62125729062964,91,36.911298724852614,91,31.421703249976893,91,53.2764745970696,91,0.002150290155648164,2.7545793916224386e-05,0.0038581999999998118,0.00022230099999999767,5.208181909090909,-0.024435139451588442,0.0003619883290668569,-0.06050408803806073,0.024435139451588442,accepted
batch2,21,408.0,short (<500),91,0,1.101203652967033,91,0.017202596604395607,91,33.62046949381312,91,38.73104950098303,91,30.632955685321786,91,10.174717582417612,91,0.011578240111817566,3.9052729096991255e-05,-0.002316299999999938,0.00032434599999999966,6.00535309090909,-0.03328855261100499,0.0004713254868518693,-0.06446758204398206,0.03328855261100499,accepted
batch2,22,,unavailable life,91,1,1.102986986043956,91,0.021770682,91,34.49611332566944,91,38.1144337379883,91,31.259409427769437,91,34.49778465201456,91,0.11344775533218976,0.0007476909772256729,-0.009375200000000028,0.0,2.000556454545454,-0.002618816303222525,2.2847111406387513e-05,-0.006779169322993939,0.004552858359521979,accepted
batch2,23,,unavailable life,91,1,1.0966435163736266,91,0.021160888999999992,91,34.14808267074589,91,35.53042783267769,91,31.65558038755762,91,22.62894368131869,91,0.112963454923765,0.0006328918507724239,-0.016581300000000132,0.0,4.002062181818181,-0.011590160361131023,4.4029699642585154e-05,-0.01921756649136097,0.011694520372353686,accepted
batch2,24,514.0,medium (500–1000),91,0,1.0965198076923075,91,0.0165101892967033,91,33.21702458756963,91,38.24827157717099,91,30.23416835847165,91,10.169970677655682,91,0.002390984112044941,4.004748686096753e-05,0.00628659999999992,1.9290000000001667e-05,4.804257454545454,-0.02277147977476359,0.00022862026926774183,-0.04572997432532899,0.022773487296834143,accepted
batch2,25,493.0,short (<500),91,0,1.102427543956044,91,0.016742088362637367,91,32.24100069749957,91,34.46886471025039,91,30.60287004268567,91,10.172898333333311,91,0.0024446152560364904,3.655321070234296e-05,0.005356099999999975,0.00017835399999999862,5.206673363636363,-0.023610982444417374,0.0002920936192579677,-0.05050846489030969,0.023610982444417374,accepted
batch2,26,450.0,short (<500),91,0,1.1040673912087913,91,0.01765810278021978,91,33.695869210067514,91,36.826825391778556,91,30.60643675485992,91,53.303939358974326,91,0.002224509231151319,-8.591318681323915e-06,4.099999999995774e-05,-0.00043664500000000286,5.603110545454546,-0.03803854165400029,0.0005997170447101127,-0.0733087791289827,0.03803854165400029,accepted
batch2,27,474.0,short (<500),91,0,1.0988598538461538,91,0.017591365967032965,91,33.307932151861586,91,38.15734851243812,91,30.512820075544564,91,10.174668223443103,91,0.00258218016594538,8.367819397993538e-05,0.006948799999999977,0.00026327699999999926,5.2055739999999995,-0.02468392780224258,0.0003264347368865592,-0.05449125756065937,0.02468392780224258,accepted
batch2,28,437.0,short (<500),91,0,1.0953680318681318,91,0.016246950296703297,91,32.1423761423245,91,35.363978951304524,91,30.25546474374817,91,53.28949512820504,91,0.002306434409544025,5.108195572543323e-05,0.005930200000000108,-0.00024183800000000116,4.801469272727273,-0.027989332592662373,0.00037721489290159214,-0.05649138678277321,0.027989332592662373,accepted
batch2,29,452.0,short (<500),91,0,1.110589825274725,91,0.016734517087912088,91,31.793738230497542,91,34.44886956112214,91,30.23331213824923,91,10.173047326007305,91,0.003309860432156339,0.00011401295747730604,0.010227500000000056,0.00026262200000000055,5.205525454545454,-0.02532223237657199,0.0003102785983552323,-0.05263352953614442,0.02532223237657199,accepted
batch2,30,412.0,short (<500),91,0,1.0926990395604397,91,0.01682596767032967,91,33.81905122348488,91,37.3725867014557,91,30.381291128928403,91,53.31188326007324,91,0.003459444867504976,-8.940455964325517e-05,-0.005918899999999949,-0.0005068639999999992,5.605024818181818,-0.03965588948997046,0.0006525149114268708,-0.07552303651130998,0.03965664830797304,accepted
batch2,31,425.0,short (<500),91,0,1.0999095824175824,91,0.016292768164835165,91,33.36490461513517,91,35.67206685007865,91,31.02242211502357,91,10.19509214285708,91,0.0018411540152000966,4.7088318203547896e-05,0.002072800000000097,-0.00045043999999999987,5.603557909090909,-0.030624456764042955,0.00044426404704274566,-0.06422883358208353,0.03073857262302911,accepted
batch2,32,809.0,medium (500–1000),91,0,1.090116698901099,91,0.014808498252747252,91,32.17084948990925,91,33.94776618670259,91,30.54015830017822,91,53.15537093406601,91,0.003161331145243683,-7.674978818282664e-05,-0.003806299999999929,-7.121700000000016e-05,4.800657818181818,-0.013389939833647101,7.388118368069333e-05,-0.02746120651303563,0.013389939833647101,accepted
batch2,33,1140.0,long (>1000),91,0,1.0702855604395605,91,0.01498708175824176,91,32.75110583059949,91,34.30960017028763,91,31.035494139317212,91,10.039593333333256,91,0.01564414896853616,-0.00013961106864150057,-0.005766399999999949,3.687999999999955e-06,5.206912636363636,-0.011579541007786182,5.866400117176798e-05,-0.024084742136216253,0.011642651665769381,accepted
batch2,34,1186.0,long (>1000),91,0,1.0670593274725275,91,0.014949122846153847,91,35.67966274463535,91,38.966040174522085,91,31.823347892226767,91,53.16224424908428,91,0.002169415057468303,-6.514612836439189e-05,-0.0043455999999999495,-1.720199999999915e-05,5.606394636363636,-0.008120054579074073,3.5597117054099105e-05,-0.01914294964399932,0.008202697022062439,accepted
batch2,35,,unavailable life,91,1,1.055408595164835,91,0.020666521,91,36.52310164180982,91,38.39184523605599,91,32.80433226298537,91,18.557187472527463,91,0.10839600579034182,0.0003064950651377601,-0.03594419999999987,0.0,6.0027313636363635,-0.044821244304517734,0.000604075245598287,-0.07570840765806064,0.04484594893580815,accepted
batch2,36,,unavailable life,91,1,1.0407606787912087,91,0.02033557,91,38.600933865467184,91,41.42709901534495,91,33.35055208140908,91,17.265190238095265,91,0.1057153151105202,-5.349455263576996e-05,-0.06289379999999989,0.0,8.00883209090909,-0.08442876531435932,0.002065771068001692,-0.1360257368450053,0.08442881472449687,accepted
batch2,37,,unavailable life,91,1,1.0961025515384615,91,0.01724756624175824,91,32.92755112744068,91,38.009254551121046,91,30.282466025909518,91,18.634506538461693,91,0.11391161635762949,0.0007803050179964966,1.0824838,0.010226066999999998,3.6009953636363634,-0.0029820466170849703,1.695856550878882e-05,-0.028681743378075525,0.0029833160464743996,accepted
batch2,38,,unavailable life,91,1,1.0958567989010988,91,0.016575177461538464,91,32.211428812132965,91,400.0,91,-270.0,91,15.334740054945106,91,0.11305704458790065,0.0007141847443860426,1.0762544,0.009355351000000001,4.8102742727272725,-0.013148209711945616,6.0904550971893996e-05,-0.03614952540357205,0.013148209711945616,accepted
batch2,39,,unavailable life,91,1,1.0827062296703296,91,0.01678890668131868,91,32.89630213564834,91,37.685452286269765,91,30.15512729339204,91,15.339982912087837,91,0.11071852590481114,0.000680541896798857,1.0532462,0.008335282999999999,5.002715363636363,-0.03455301965015995,0.0004339268330283632,-0.06095179783518334,0.03455301965015995,accepted
batch2,40,,unavailable life,91,1,1.0974547285714287,91,,0,32.4766687726498,91,36.77439844682266,91,30.064410120843203,91,58.44570928571431,91,0.1128044372519729,0.0007476598901098912,1.0758262,,5.204436545454545,-0.02547583082825176,0.0002514390480151275,-0.048163210220580344,0.02547583082825176,accepted
batch2,41,442.0,short (<500),91,0,1.1060005835164834,91,,0,30.168518108923273,91,32.67568137954914,91,28.87487702121466,91,53.30479223443221,91,0.0018394256897354166,2.763353240961766e-05,0.003105399999999925,,5.60672409090909,-0.037768291495701274,0.0006724100406155343,-0.08093104924483763,0.037768291495701274,accepted
batch2,42,474.0,short (<500),91,0,1.1074603032967034,91,,0,31.703853328856898,91,35.61174824671309,91,29.674007982032464,91,10.175137216117209,91,0.003376852893464587,8.673744545309738e-05,0.00849040000000012,,5.203767272727272,-0.02934071492636848,0.0003291640157368037,-0.054167624970645756,0.02934071492636848,accepted
batch2,43,1029.0,long (>1000),91,0,1.0984949758241755,91,,0,33.9996775960074,91,37.098467474036276,91,30.862318548573196,91,10.036811593406627,91,0.0032942903029447262,-8.207105590061978e-05,-0.0031058000000001584,,4.802859909090909,-0.00777834835139346,5.3483284647826735e-05,-0.019164842112240565,0.008793714465857192,accepted
batch2,44,841.0,medium (500–1000),91,0,1.0975979263736264,91,,0,33.97846626034563,91,36.9191521602275,91,30.993070810483346,91,53.14453857142855,91,0.001326953197435985,-2.9368394648826308e-05,-0.0010189000000000448,,5.203742999999999,-0.008750572617170911,4.3199281110227894e-05,-0.020302277620516618,0.00876089532252464,accepted
batch2,45,997.0,medium (500–1000),91,0,1.1010167824175823,91,,0,35.26189324143087,91,37.8542321823867,91,32.536514802164724,91,10.04019712454209,91,0.008687516532135744,-8.36388612836361e-05,-0.0035545999999999633,,5.603183363636363,-0.011157666285585534,6.680132101075869e-05,-0.026670418787086536,0.01116306629285677,accepted
batch2,46,503.0,medium (500–1000),91,0,1.1026365945054946,91,,0,29.892159474125208,91,31.030537126617812,91,28.630896933787287,91,53.28706027472527,91,0.002382554934768911,1.981349259437136e-05,-0.001817100000000016,,4.806192545454545,-0.02283429863191323,0.00030983099889204734,-0.05286240500828243,0.02304951669972013,accepted
batch3,0,1009.0,long (>1000),91,0,1.070498301098901,91,0.015228889351648355,91,32.20608790756306,91,33.58057561048983,91,30.863653980715334,91,10.042506868131868,91,0.0004890810392959083,-1.5158867654082956e-05,-0.0009647000000001515,2.0575000000000107e-05,5.007712636363636,-0.01010217739369119,5.687024898905241e-05,-0.02331165742747432,0.010110736452058799,accepted
batch3,1,1063.0,long (>1000),91,0,1.0677745901098903,91,0.014977933208791205,91,34.85069370345211,91,38.01941639228508,91,31.591863438461406,91,10.041386007325949,91,0.0006439276857354674,-2.3035981844234756e-05,-0.001784299999999961,9.884200000000003e-05,5.3054359090909085,-0.009621018929360837,5.181521321780508e-05,-0.022324177554068236,0.009621018929360837,accepted
batch3,2,1267.0,long (>1000),91,0,1.0620831197802199,91,0.014607483439560438,91,36.83768238936076,91,40.57642356099609,91,32.382108166681206,91,10.04364670329666,91,0.000744486528677434,-2.7150113075325063e-05,-0.0021739999999998982,-0.00011229199999999995,5.603086272727272,-0.0026131423354832516,1.6619555727408117e-05,-0.008648038341613706,0.0039609848629265955,accepted
batch3,3,1115.0,long (>1000),91,0,1.0646975626373627,91,0.01500278831868132,91,36.077997165743646,91,39.42741030025635,91,32.18163253779588,91,10.041500054945082,91,0.0005751834222708306,-1.969855709507913e-05,-0.0015107999999999233,0.00011141699999999907,5.611776909090908,-0.010705414352713173,7.645259474220121e-05,-0.026836614735112785,0.010720837897382686,accepted
batch3,4,1048.0,long (>1000),91,0,1.0746053164835165,91,0.01512416971428571,91,32.12557596502858,91,32.986251006637424,91,31.185301794570634,91,10.045643296703325,91,0.00039972819578188963,-1.1781070234118693e-05,-0.0006804999999998618,3.0350999999999642e-05,5.601279545454545,-0.01010643886890673,6.630317519564988e-05,-0.024810275761238065,0.01010643886890673,accepted
batch3,5,828.0,medium (500–1000),91,0,1.0531787692307693,91,0.015171881615384616,91,35.59140516360937,91,39.72348330869698,91,32.28426586778585,91,10.042010677655755,91,0.0006341328990908799,-2.237926580665397e-05,-0.0018407000000000284,1.5261000000000788e-05,5.609262636363636,-0.011445765437692483,7.683799523990656e-05,-0.025445098246365427,0.011511014676139613,accepted
batch3,6,667.0,medium (500–1000),91,0,1.0529569846153846,91,0.013746279076923077,91,34.115817620720705,91,37.01743090956861,91,31.43104686423182,91,10.082544725274769,91,0.0053645684656088675,-0.0002030154196528045,-0.01867390000000002,0.0002643309999999996,5.90107309090909,-0.028517561100453784,0.00029805183986089944,-0.05320164659124538,0.028583375430279123,accepted
batch3,7,1836.0,long (>1000),91,0,1.0702813296703297,91,0.015424254714285714,91,32.808879475206744,91,34.28913968958037,91,31.259379424839622,91,11.040780219780252,91,0.0004918251198895157,-1.0694795349574862e-05,-0.0018107999999998903,5.844999999999982e-05,4.368764727272727,-0.007037779014879844,3.2453221357996856e-05,-0.017059021835070354,0.007086030472687243,accepted
batch3,8,828.0,medium (500–1000),91,0,1.0681321461538462,91,0.015244694604395606,91,33.068549203584894,91,35.097737468481,91,31.27462993695713,91,10.043185439560489,91,0.00046133017684557717,-1.3573261665868152e-05,-0.0009093000000000018,-2.2286999999999307e-05,5.003187,-0.011806368426415048,8.094615840627263e-05,-0.026848970612832312,0.011806392300921615,accepted
batch3,9,1039.0,long (>1000),91,0,1.0729908626373625,91,0.015794970285714287,91,33.09866042369786,91,35.115827682084735,91,31.314089364855324,91,10.04111170329672,91,0.0002848554813500835,-8.854330307374407e-06,-0.00033180000000010423,7.507400000000136e-05,5.303317,-0.01447801181075607,0.00010416049784765705,-0.0295752747869662,0.01447801181075607,accepted
batch3,10,1078.0,long (>1000),91,0,1.0644749285714286,91,0.015365414164835167,91,32.54399223428314,91,34.8049718788191,91,30.701990520122433,91,11.038963479853486,91,0.00048320161315169006,-1.0829767478889913e-05,-0.0019160000000000288,2.1705000000000335e-05,4.366635454545454,-0.008335183582489896,3.8783238947594476e-05,-0.019093025885229542,0.008335183582489896,accepted
batch3,11,817.0,medium (500–1000),91,0,1.0698716164835165,91,0.015521386307692309,91,34.21806492719247,91,37.644616364481685,91,31.37971658410665,91,10.042474047619098,91,0.0007197069881036828,-2.6095773212293817e-05,-0.002304900000000165,1.9944000000000905e-05,5.604650363636363,-0.015620691175653465,0.00013034033579521087,-0.034087374997818,0.015646978202667382,accepted
batch3,12,932.0,medium (500–1000),91,0,1.0764089472527474,91,0.016044263395604396,91,33.23519248947025,91,35.574348927373805,91,31.23959468223829,91,10.042464597069563,91,0.00040589249051131606,-1.403298136645261e-05,-0.001004299999999958,3.557799999999792e-05,5.602399636363637,-0.01531489306361951,0.00011303424118898805,-0.03173492178819726,0.01531489306361951,accepted
batch3,13,816.0,medium (500–1000),91,0,1.0688204197802196,91,0.015122703373626372,91,34.130941749387844,91,37.257621839520205,91,31.338305665400796,91,10.042348919413891,91,0.0006895107064223441,-2.3632121356909914e-05,-0.0016103999999999008,-9.288699999999983e-05,5.603689727272727,-0.01176548019743392,8.045138308284514e-05,-0.027646083960900736,0.01176548019743392,accepted
batch3,14,858.0,medium (500–1000),91,0,1.0771955813186813,91,0.015546697032967037,91,33.13147973943754,91,35.51498902890774,91,31.083632749232976,91,10.041892417582439,91,0.00038468013809804736,-7.178810320113945e-06,7.359999999989597e-05,8.781000000001107e-06,5.604952,-0.013203557332650977,0.00010007654534836023,-0.029282360362737236,0.013214247691073173,accepted
batch3,15,876.0,medium (500–1000),91,0,1.0706127043956042,91,0.015300798483516483,91,33.52853845600545,91,36.84860843164023,91,30.892344757535895,91,10.041694835164904,91,0.0005858602717205475,-1.980556458034287e-05,-0.001545099999999966,-1.5318000000000276e-05,5.907599727272727,-0.013340330831580071,9.984253014088351e-05,-0.02948434500233621,0.013363938562854305,accepted
batch3,16,1638.0,long (>1000),91,0,1.0635941010989012,91,0.015303965516483517,91,34.95522704674217,91,37.84986899726886,91,31.991540662333605,91,11.04023639194139,91,0.0006256901395871405,-1.883284280936714e-05,-0.0010419999999999874,1.1260000000005987e-06,4.365435545454544,-0.005323302354980101,2.020628622431914e-05,-0.013451995639618852,0.00565275994909071,accepted
batch3,17,1315.0,long (>1000),91,0,1.0669601131868132,91,0.01544088182417582,91,35.095867839816854,91,37.43470808452706,91,32.47602651274004,91,10.042097307692295,91,0.0013982274957331422,-1.4394919573166945e-06,-0.002462699999999929,-7.325099999999987e-05,5.306667,-0.007236216829825155,3.633180045384266e-05,-0.017882391550413823,0.007728819990955394,accepted
batch3,18,1146.0,long (>1000),91,0,1.0688358879120878,91,0.015012516714285716,91,35.30985537838845,91,37.99532327372496,91,32.412012714711054,91,10.043114267399245,91,0.0009626280387950832,-3.550209428252919e-05,-0.003002799999999972,5.100400000000033e-05,5.602683999999999,-0.010342257243667845,5.571190370898626e-05,-0.02345576998165999,0.010342257243667845,accepted
batch3,19,1155.0,long (>1000),91,0,1.0726756901098902,91,0.015460329428571428,91,35.11627590175709,91,37.90750564567227,91,32.13535380733202,91,10.043198241758194,91,0.0009421201627835551,-3.5161089345438536e-05,-0.003026999999999891,4.6941e-05,5.6024794545454535,-0.011545479663150093,6.730667325120848e-05,-0.025293657704202555,0.011545630999741914,accepted
batch3,20,813.0,medium (500–1000),91,0,1.0675296890109889,91,0.015258267032967034,91,33.11391708302053,91,35.760750013088355,91,30.866544154804785,91,10.043402454212483,91,0.00045277597635783414,-1.5147082337950086e-05,-0.0010921000000001513,7.372899999999981e-05,5.007868636363636,-0.011919383387319954,8.583320053473407e-05,-0.028071993572476917,0.011919383387319954,accepted
batch3,21,772.0,medium (500–1000),91,0,1.0614211648351646,91,0.014105092043956045,91,34.92716014483845,91,37.930041643508495,91,32.075242149135455,91,10.080266025641029,91,0.004373894298102308,-0.00016548362478102064,-0.01478619999999986,0.00020128499999999896,5.901506636363636,-0.02353870422305198,0.00019754830798491912,-0.04327614857800555,0.023544676440333704,accepted
batch3,22,1002.0,long (>1000),91,0,1.0581935967032965,91,0.015677054527472527,91,34.63132729414493,91,37.551694195239676,91,31.64945617274125,91,10.042516941391874,91,0.0006521453165345199,-2.3564351011294978e-05,-0.0015982999999999414,2.3399999999826337e-07,5.902782818181818,-0.013722550516362944,8.977958692912617e-05,-0.028409329718630083,0.013722550516362944,accepted
batch3,23,,unavailable life,91,0,1.0681548208791212,91,0.01525682895604396,91,34.94510048395426,91,38.2149795451217,91,31.805413872732235,91,11.038425604395592,91,0.0005424568864622563,-1.0243317407231193e-05,-0.0014676000000000133,-4.934999999999315e-06,4.366715181818181,-0.006808658684372332,2.8589729471192788e-05,-0.01560831972082899,0.007100924720511469,accepted
batch3,24,825.0,medium (500–1000),91,0,1.0506127439560438,91,0.015544138791208792,91,34.700446770400006,91,37.26471307820583,91,32.0984039315807,91,10.041816959706937,91,0.000308776931424182,-2.15247650899136e-07,0.00012279999999997848,4.869100000000001e-05,5.005732454545455,-0.010345482795288031,6.994312062017459e-05,-0.0247723986145858,0.010345482795288031,accepted
batch3,25,989.0,medium (500–1000),91,0,1.064983831868132,91,0.015638550835164834,91,35.59607204985471,91,38.92090922380145,91,32.24536147779434,91,10.042504725274737,91,0.00035102017823579083,-2.9054260232480894e-06,0.00016020000000005474,7.419100000000123e-05,5.301728727272727,-0.010925821646167616,7.135743905511085e-05,-0.026576249209760316,0.010925821646167616,accepted
batch3,26,1028.0,long (>1000),91,0,1.0752355,91,0.01558993423076923,91,35.76291274854084,91,39.16431080920562,91,32.34210502268337,91,10.042283937728902,91,0.00035741270356083246,-9.675868768901348e-06,-0.0005151999999999379,6.278499999999923e-05,5.605451454545454,-0.01013959278346487,6.032434097872005e-05,-0.02417913926788795,0.010148708347051123,accepted
batch3,27,850.0,medium (500–1000),91,0,1.0638216736263735,91,0.014913976747252746,91,35.324266419529465,91,38.4786412703192,91,32.18328230954632,91,10.045011721611743,91,0.0004467149085478606,-1.3569039655995085e-05,-0.0010832000000000619,6.352599999999951e-05,5.602541818181818,-0.01070991087322853,7.410844302086189e-05,-0.026600290807078597,0.010754138401352918,accepted
batch3,28,541.0,medium (500–1000),91,0,1.0438209593406593,91,0.013441283329670331,91,35.72293765850798,91,39.566122209843854,91,32.312166137425436,91,10.091233113553178,91,0.005414313691708062,-0.00020474461697721804,-0.018448300000000195,0.0003840980000000011,5.90237009090909,-0.03025611921470947,0.00035346149253269254,-0.05783112055064066,0.0302595764323368,accepted
batch3,29,858.0,medium (500–1000),91,0,1.0706823153846154,91,0.0148153801978022,91,31.270035996854823,91,31.681090867679043,91,30.851009411771035,91,10.041987307692274,91,0.00043573345316274013,-8.117663640705664e-06,-0.00021099999999996122,-9.631900000000096e-05,5.905182545454545,-0.011300575148553208,8.638212824469724e-05,-0.028921475161164945,0.01137731839524486,accepted
batch3,30,935.0,medium (500–1000),91,0,1.0718096351648352,91,0.01556645408791209,91,32.251224165061636,91,33.96309272318298,91,30.748356023515697,91,10.043419908424884,91,0.00037526796155802253,-1.2096585443535233e-05,-0.0006960999999998663,3.9950999999999876e-05,5.303289272727272,-0.011137570899382837,7.939158148811134e-05,-0.026737169755743473,0.01115328087715061,accepted
batch3,31,731.0,medium (500–1000),91,0,1.070885821978022,91,0.0158726897032967,91,34.01108300144201,91,36.77937665931109,91,31.325665569928564,91,10.045659761904709,91,0.0005506441022015792,-1.799799808886109e-05,-0.0010414000000000811,9.08969999999995e-05,5.900500909090908,-0.01635054856148944,0.00014467616046037193,-0.035619409739265695,0.016358199246413203,accepted
batch3,32,,unavailable life,91,0,1.0743559043956044,91,0.015361375945054942,91,35.46623729799321,91,38.151163414056384,91,32.252182745469476,91,11.039413772893797,91,0.000545630297079973,-1.5948668577794883e-05,-0.0012216999999998812,-5.8759999999999715e-05,4.369850181818181,-0.0032569008987653743,2.1215204766387927e-05,-0.01012140041626175,0.004638779073009866,accepted
batch3,33,1284.0,long (>1000),91,0,1.062204853846154,91,0.015333166769230772,91,33.12068377442862,91,34.29304593262315,91,31.691829969176155,91,10.043273534798557,91,0.0005656988239352372,-1.9696050326486636e-05,-0.0015305000000001012,3.306999999999269e-06,5.006016818181818,-0.00784867836178756,4.0188487978171294e-05,-0.019885925647910252,0.007873178305526697,accepted
batch3,34,1158.0,long (>1000),91,0,1.0632662000000002,91,0.015296991153846156,91,35.79776713861069,91,39.01722722500728,91,32.25191118054439,91,10.043507087912095,91,0.0007869744361229876,-2.89226739926711e-05,-0.002482799999999896,2.3565000000001432e-05,5.303351636363636,-0.00955200556777299,4.946983882423062e-05,-0.02150989276991433,0.00955399955960868,accepted
batch3,35,1093.0,long (>1000),91,0,1.0645070571428574,91,0.015369017175824177,91,35.55319918303348,91,38.563815675168215,91,32.25979813449367,91,10.04362437728935,91,0.0007007666156341177,-2.5849850294632247e-05,-0.0019807000000000574,2.9447000000000154e-05,5.606952999999999,-0.009826425701495065,5.8229318902417414e-05,-0.02302807515263361,0.009837641474179594,accepted
batch3,36,923.0,medium (500–1000),91,0,1.0594015769230771,91,0.015127845087912088,91,35.895392837699205,91,39.414892824678624,91,32.18943806209024,91,10.043489890109916,91,0.0008511785827867596,-3.125922599139511e-05,-0.0022610000000000685,3.5846999999998574e-05,5.605191272727272,-0.009908357469924613,5.5788165335225655e-05,-0.022981813517992444,0.009951677584541883,accepted
batch3,37,1390.0,long (>1000),91,0,1.0495570802197802,91,0.014704729593406594,91,35.01801023180783,91,37.831503043531505,91,31.988575022144108,91,11.038430769230729,91,0.0019361995747810108,-1.1054983277591191e-05,-0.0003543000000001406,2.4874999999998856e-05,4.373390909090909,-0.001076797766325731,7.96423654716803e-06,-0.008439822988718593,0.0021765420090845886,accepted
batch3,38,1935.0,long (>1000),91,0,1.0720267340659342,91,0.01582874486813187,91,34.76766970582287,91,37.76934088392071,91,31.52627232457487,91,10.043664212454173,91,0.00041066029086495395,-1.464993948081487e-05,-0.0012724000000001734,-6.540000000002794e-06,5.003679454545455,-0.008693083372975452,4.5493249228224246e-05,-0.020147005721674938,0.008911695339998004,accepted
batch3,39,1156.0,long (>1000),91,0,1.0507221032967033,91,0.015556197747252747,91,33.897654387505355,91,36.09066646701555,91,31.405427510862598,91,10.043042142857145,91,0.0005887008905586609,-1.8707799012583198e-05,-0.0009133999999999531,-1.0096999999998843e-05,5.303251090909091,-0.006428438589560583,3.510467231268054e-05,-0.017457917694832736,0.006769579865140696,accepted
batch3,40,796.0,medium (500–1000),91,0,1.063136730769231,91,0.015379819956043957,91,34.080462713172146,91,37.56402713275497,91,30.956309723645514,91,10.043786648351642,91,0.0005901350325123,-2.0118948877207218e-05,-0.001472299999999871,-0.0001511389999999998,5.605437545454545,-0.009078861478925766,5.068643250322407e-05,-0.022053794482172262,0.009097182735125102,accepted
batch3,41,786.0,medium (500–1000),91,0,1.0545433,91,0.018295542824175826,91,33.654851088210236,91,36.65721354600144,91,30.83048852655739,91,10.043180164835102,91,0.0002636533119247449,1.1853320593366783e-07,0.0003908999999999718,5.2467000000000485e-05,5.603984454545453,-0.009748050525024678,6.03240691683163e-05,-0.024192993699098664,0.00975037938924494,accepted
batch3,42,1642.0,long (>1000),91,0,1.0696212681318682,91,0.016114627791208796,91,33.06488737559217,91,35.611333339810955,91,30.708071479849178,91,11.03845604395602,91,0.000268571224933029,-5.098993470293996e-06,-0.00015739999999997423,-0.0004827960000000006,4.366198454545454,0.0007845194706261452,4.5061465820542114e-05,-0.005609789046358671,0.004010436875421514,accepted
batch3,43,1046.0,long (>1000),91,0,1.0729930351648351,91,0.015829450307692308,91,33.91226835365639,91,36.977022027000615,91,30.8868078263697,91,10.043630366300306,91,0.00020319629172777708,-4.090297818121304e-06,-0.0001888000000001,-0.0002333639999999998,5.021840909090908,-0.003266056933426803,4.822275074444368e-05,-0.01297639899175873,0.006027034341898461,accepted
batch3,44,940.0,medium (500–1000),91,0,1.0734825934065935,91,0.01556615469230769,91,33.363634157603535,91,36.35874897390992,91,30.6474392130435,91,10.043224322344285,91,0.00030460822079889224,-6.09089345437082e-06,0.00018009999999990534,9.350999999999457e-06,5.303420999999999,-0.011231061096491921,7.387618796699746e-05,-0.02598513188750473,0.011231061096491921,accepted
batch3,45,1801.0,long (>1000),91,0,1.071540015384615,91,0.01561267565934066,91,32.7403094734237,91,34.700079574516664,91,30.865563883661157,91,11.038641739926762,91,0.0003682617613489021,-5.629530179966145e-06,-0.00020569999999997535,6.607000000002222e-06,4.367783272727273,-0.007131752461986142,3.014041303195534e-05,-0.016477960740300612,0.007131752461986142,accepted
