config_id,model,feature_set,target,alpha,fold,train_n,valid_n,mape_pct,mae_cycles,rmse_cycles,nonpositive_prediction_n,max_depth,n_estimators
linear_regression,ols,variance_only,raw,,1,23,6,6.493499163051972,53.41930926154871,69.62938293757543,0,,
linear_regression,ols,variance_only,raw,,2,23,6,10.996752792131934,81.34241856010128,96.61011589355834,0,,
linear_regression,ols,variance_only,raw,,3,23,6,7.643788435194161,64.62927621097418,81.84422257023785,0,,
linear_regression,ols,variance_only,raw,,4,23,6,10.473711241204175,95.5371424157313,107.2353945933898,0,,
linear_regression,ols,variance_only,raw,,5,24,5,7.476106121378942,54.51929763932412,85.07218357726072,0,,
ridge_a0.1,ridge,variance_only,raw,0.1,1,23,6,6.449654980898504,53.14900169275224,69.51503004214929,0,,
ridge_a0.1,ridge,variance_only,raw,0.1,2,23,6,10.985725795636975,81.24039667161098,96.44429535011898,0,,
ridge_a0.1,ridge,variance_only,raw,0.1,3,23,6,7.624591841408153,64.46004225284902,81.85132527737555,0,,
ridge_a0.1,ridge,variance_only,raw,0.1,4,23,6,10.491076648653513,95.72168581075704,107.50568801315495,0,,
ridge_a0.1,ridge,variance_only,raw,0.1,5,24,5,7.510724216607367,54.62997136972801,84.82314083706598,0,,
boosting_d1_n50,gradient_boosting,variance_only,raw,,1,23,6,8.748406430670592,63.86832434514804,72.14138449043678,0,1.0,50.0
boosting_d1_n50,gradient_boosting,variance_only,raw,,2,23,6,8.467118792981394,65.56353009657111,97.95975366664075,0,1.0,50.0
boosting_d1_n50,gradient_boosting,variance_only,raw,,3,23,6,4.163934824318189,37.333333333333336,66.13328701895405,0,1.0,50.0
boosting_d1_n50,gradient_boosting,variance_only,raw,,4,23,6,12.42641774572356,108.5,130.01556403765164,0,1.0,50.0
boosting_d1_n50,gradient_boosting,variance_only,raw,,5,24,5,15.689004203215221,96.7974028646091,105.5941638679046,0,1.0,50.0
boosting_d1_n100,gradient_boosting,variance_only,raw,,1,23,6,8.79954527118216,64.93034709979516,72.78209151003374,0,1.0,100.0
boosting_d1_n100,gradient_boosting,variance_only,raw,,2,23,6,8.828850730242593,68.56387813099445,100.81941830506464,0,1.0,100.0
boosting_d1_n100,gradient_boosting,variance_only,raw,,3,23,6,4.420169024304072,39.47034287191203,63.67396162647138,0,1.0,100.0
boosting_d1_n100,gradient_boosting,variance_only,raw,,4,23,6,12.542761484319845,108.5,129.20004756235602,0,1.0,100.0
boosting_d1_n100,gradient_boosting,variance_only,raw,,5,24,5,15.700588449921964,98.07056976166079,104.28156013723164,0,1.0,100.0
boosting_d2_n50,gradient_boosting,variance_only,raw,,1,23,6,8.748406430670592,63.86832434514804,72.14138449043678,0,2.0,50.0
boosting_d2_n50,gradient_boosting,variance_only,raw,,2,23,6,8.467118792981394,65.56353009657111,97.95975366664075,0,2.0,50.0
boosting_d2_n50,gradient_boosting,variance_only,raw,,3,23,6,4.163934824318189,37.333333333333336,66.13328701895405,0,2.0,50.0
boosting_d2_n50,gradient_boosting,variance_only,raw,,4,23,6,12.42641774572356,108.5,130.01556403765164,0,2.0,50.0
boosting_d2_n50,gradient_boosting,variance_only,raw,,5,24,5,15.689004203215221,96.7974028646091,105.5941638679046,0,2.0,50.0
boosting_d2_n100,gradient_boosting,variance_only,raw,,1,23,6,8.79954527118216,64.93034709979516,72.78209151003374,0,2.0,100.0
boosting_d2_n100,gradient_boosting,variance_only,raw,,2,23,6,8.828850730242593,68.56387813099445,100.81941830506464,0,2.0,100.0
boosting_d2_n100,gradient_boosting,variance_only,raw,,3,23,6,4.420169024304072,39.47034287191203,63.67396162647138,0,2.0,100.0
boosting_d2_n100,gradient_boosting,variance_only,raw,,4,23,6,12.542761484319845,108.5,129.20004756235602,0,2.0,100.0
boosting_d2_n100,gradient_boosting,variance_only,raw,,5,24,5,15.700588449921964,98.07056976166079,104.28156013723164,0,2.0,100.0
