config_id,model,feature_set,target,alpha,fold,feature,coefficient_scaled_input,coefficient_original_input,intercept_scaled_input,intercept_original_input
linear_regression,ols,variance_only,raw,,1,log10_deltaQ_var,-102.4212758940042,-480.87364280549673,785.7826086956524,-1050.9031038277726
linear_regression,ols,variance_only,raw,,2,log10_deltaQ_var,-115.9891875996457,-501.97967859604034,782.9130434782608,-1109.9181739263915
linear_regression,ols,variance_only,raw,,3,log10_deltaQ_var,-103.51121414840156,-469.85134733285025,765.3043478260872,-996.993133345122
linear_regression,ols,variance_only,raw,,4,log10_deltaQ_var,-93.72798437294658,-408.8744241382811,753.0000000000002,-780.752257091759
linear_regression,ols,variance_only,raw,,5,log10_deltaQ_var,-95.90542995669881,-512.4272377416158,798.9583333333333,-1154.0074716629892
ridge_a0.1,ridge,variance_only,raw,0.1,1,log10_deltaQ_var,-101.97789374727688,-478.7919387240875,785.7826086956524,-1042.952083427238
ridge_a0.1,ridge,variance_only,raw,0.1,2,log10_deltaQ_var,-115.4870699044092,-499.80660639432614,782.9130434782608,-1101.7240993921732
ridge_a0.1,ridge,variance_only,raw,0.1,3,log10_deltaQ_var,-103.0631136542526,-467.81735881625764,765.3043478260872,-989.3641399201376
ridge_a0.1,ridge,variance_only,raw,0.1,4,log10_deltaQ_var,-93.32223552284721,-407.10440498616714,753.0000000000002,-774.112636931188
ridge_a0.1,ridge,variance_only,raw,0.1,5,log10_deltaQ_var,-95.50748211455485,-510.300983643103,798.9583333333333,-1145.9038791111375
