config_id,model,feature_set,target,alpha,fold,batch,cell_id,barcode_key,protocol_key,actual_life,predicted_life,error_cycles,absolute_error_cycles,ape_pct,max_depth,n_estimators
linear_regression,ols,variance_only,raw,,1,batch1,18,EL150800453240,5.4C(70%)-3C,691.0,704.3244244539169,13.32442445391689,13.32442445391689,1.9282813970936166,,
linear_regression,ols,variance_only,raw,,1,batch1,19,EL150800464881,5.4C(70%)-3C,788.0,689.8146788983042,-98.18532110169576,98.18532110169576,12.460066129656823,,
linear_regression,ols,variance_only,raw,,1,batch1,28,EL150800460507,6C(50%)-3C,860.0,797.9174685802658,-62.08253141973421,62.08253141973421,7.218899002294675,,
linear_regression,ols,variance_only,raw,,1,batch1,29,EL150800460644,6C(50%)-3C,917.0,794.8254017515961,-122.17459824840387,122.17459824840387,13.323293156859746,,
linear_regression,ols,variance_only,raw,,1,batch1,44,EL150800460485,8C(35%)-3.6C,616.0,594.0213684283142,-21.97863157168581,21.97863157168581,3.5679596707282157,,
linear_regression,ols,variance_only,raw,,1,batch1,45,EL150800460656,8C(35%)-3.6C,599.0,596.2296512261443,-2.770348773855744,2.770348773855744,0.4624956216787553,,
linear_regression,ols,variance_only,raw,,2,batch1,14,EL150800463838,5.4C(60%)-3C,880.0,921.1266639290611,41.126663929061124,41.126663929061124,4.67348453739331,,
linear_regression,ols,variance_only,raw,,2,batch1,15,EL150800453113,5.4C(60%)-3C,719.0,907.0106254969322,188.01062549693222,188.01062549693222,26.148904797904343,,
linear_regression,ols,variance_only,raw,,2,batch1,30,EL150800460615,6C(50%)-3.6C,709.0,769.8447359130945,60.844735913094496,60.844735913094496,8.581768111861,,
linear_regression,ols,variance_only,raw,,2,batch1,31,EL150800460481,6C(50%)-3.6C,876.0,786.4268345351323,-89.57316546486766,89.57316546486766,10.225247199185805,,
linear_regression,ols,variance_only,raw,,2,batch1,42,EL150800460618,8C(25%)-3.6C,702.0,730.2669349424355,28.266934942435455,28.266934942435455,4.026628909178839,,
linear_regression,ols,variance_only,raw,,2,batch1,43,EL150800460636,8C(25%)-3.6C,651.0,731.2323856142167,80.2323856142167,80.2323856142167,12.324483197268309,,
linear_regression,ols,variance_only,raw,,3,batch1,16,EL150800460653,5.4C(60%)-3.6C,862.0,929.1219053368332,67.12190533683315,67.12190533683315,7.786763960189461,,
linear_regression,ols,variance_only,raw,,3,batch1,17,EL150800460522,5.4C(60%)-3.6C,857.0,868.3916339098673,11.391633909867323,11.391633909867323,1.3292454970673657,,
linear_regression,ols,variance_only,raw,,3,batch1,24,EL150800460630,6C(40%)-3C,1017.0,853.5927600843102,-163.40723991568984,163.40723991568984,16.067575212948853,,
linear_regression,ols,variance_only,raw,,3,batch1,25,EL150800460617,6C(40%)-3C,854.0,895.5158558926437,41.515855892643685,41.515855892643685,4.861341439419635,,
linear_regression,ols,variance_only,raw,,3,batch1,36,EL150800460506,7C(40%)-3C,704.0,727.1270165133434,23.127016513343392,23.127016513343392,3.2850875729180955,,
linear_regression,ols,variance_only,raw,,3,batch1,37,EL150800460601,7C(40%)-3C,648.0,729.2120056974677,81.2120056974677,81.2120056974677,12.532716928621559,,
linear_regression,ols,variance_only,raw,,4,batch1,9,EL150800460468,5.4C(40%)-3.6C,1054.0,879.0259065126012,-174.97409348739882,174.97409348739882,16.6009576363756,,
linear_regression,ols,variance_only,raw,,4,batch1,23,EL150800460477,6C(30%)-3.6C,1014.0,871.4249168855586,-142.57508311444144,142.57508311444144,14.060659084264442,,
linear_regression,ols,variance_only,raw,,4,batch1,26,EL150800460659,6C(40%)-3.6C,870.0,771.0161335719715,-98.98386642802848,98.98386642802848,11.377455911267642,,
linear_regression,ols,variance_only,raw,,4,batch1,27,EL150800463198,6C(40%)-3.6C,842.0,794.9284196309952,-47.07158036900478,47.07158036900478,5.590448974941185,,
linear_regression,ols,variance_only,raw,,4,batch1,34,EL150800460525,7C(30%)-3.6C,742.0,792.848457834638,50.848457834638,50.848457834638,6.852891891460646,,
linear_regression,ols,variance_only,raw,,4,batch1,35,EL150800460622,7C(30%)-3.6C,703.0,761.7697732608763,58.76977326087626,58.76977326087626,8.359853948915543,,
linear_regression,ols,variance_only,raw,,5,batch1,11,EL150800463882,5.4C(50%)-3C,788.0,970.9752626625373,182.97526266253726,182.97526266253726,23.22021099778392,,
linear_regression,ols,variance_only,raw,,5,batch1,20,EL150800464002,5.4C(80%)-5.4C,534.0,571.4566932895613,37.45669328956126,37.45669328956126,7.014362039243681,,
linear_regression,ols,variance_only,raw,,5,batch1,21,EL150800463871,5.4C(80%)-5.4C,559.0,562.7970016188319,3.7970016188319278,3.7970016188319278,0.6792489479126883,,
linear_regression,ols,variance_only,raw,,5,batch1,32,EL150800460640,6C(60%)-3C,731.0,714.5397456664966,-16.46025433350337,16.46025433350337,2.25174477886503,,
linear_regression,ols,variance_only,raw,,5,batch1,33,EL150800460436,6C(60%)-3C,757.0,725.0927237078132,-31.907276292186793,31.907276292186793,4.2149638430894045,,
ridge_a0.1,ridge,variance_only,raw,0.1,1,batch1,18,EL150800453240,5.4C(70%)-3C,691.0,704.6770572861321,13.67705728613214,13.67705728613214,1.979313644881641,,
ridge_a0.1,ridge,variance_only,raw,0.1,1,batch1,19,EL150800464881,5.4C(70%)-3C,788.0,690.2301244818426,-97.76987551815739,97.76987551815739,12.407344608903221,,
ridge_a0.1,ridge,variance_only,raw,0.1,1,batch1,28,EL150800460507,6C(50%)-3C,860.0,797.8649367192934,-62.13506328070662,62.13506328070662,7.2250073582217,,
ridge_a0.1,ridge,variance_only,raw,0.1,1,batch1,29,EL150800460644,6C(50%)-3C,917.0,794.7862554613106,-122.21374453868941,122.21374453868941,13.327562108908332,,
ridge_a0.1,ridge,variance_only,raw,0.1,1,batch1,44,EL150800460485,8C(35%)-3.6C,616.0,594.8515036675668,-21.148496332433183,21.148496332433183,3.4331974565638284,,
ridge_a0.1,ridge,variance_only,raw,0.1,1,batch1,45,EL150800460656,8C(35%)-3.6C,599.0,597.0502267996053,-1.9497732003947021,1.9497732003947021,0.3255047079123042,,
ridge_a0.1,ridge,variance_only,raw,0.1,2,batch1,14,EL150800463838,5.4C(60%)-3C,880.0,920.5283365678024,40.5283365678024,40.5283365678024,4.605492791795727,,
ridge_a0.1,ridge,variance_only,raw,0.1,2,batch1,15,EL150800453113,5.4C(60%)-3C,719.0,906.4734065271545,187.47340652715445,187.47340652715445,26.07418727776835,,
ridge_a0.1,ridge,variance_only,raw,0.1,2,batch1,30,EL150800460615,6C(50%)-3.6C,709.0,769.9013086731168,60.90130867311677,60.90130867311677,8.589747344586288,,
ridge_a0.1,ridge,variance_only,raw,0.1,2,batch1,31,EL150800460481,6C(50%)-3.6C,876.0,786.411623318436,-89.588376681564,89.588376681564,10.226983639447946,,
ridge_a0.1,ridge,variance_only,raw,0.1,2,batch1,42,EL150800460618,8C(25%)-3.6C,702.0,730.4948401741923,28.49484017419229,28.49484017419229,4.059094041907734,,
ridge_a0.1,ridge,variance_only,raw,0.1,2,batch1,43,EL150800460636,8C(25%)-3.6C,651.0,731.4561114058359,80.45611140583594,80.45611140583594,12.358849678315813,,
ridge_a0.1,ridge,variance_only,raw,0.1,3,batch1,16,EL150800460653,5.4C(60%)-3.6C,862.0,928.4127384212022,66.41273842120222,66.41273842120222,7.704494016380768,,
ridge_a0.1,ridge,variance_only,raw,0.1,3,batch1,17,EL150800460522,5.4C(60%)-3.6C,857.0,867.9453686021453,10.945368602145322,10.945368602145322,1.2771725323390108,,
ridge_a0.1,ridge,variance_only,raw,0.1,3,batch1,24,EL150800460630,6C(40%)-3C,1017.0,853.2105591654433,-163.78944083455667,163.78944083455667,16.105156424243525,,
ridge_a0.1,ridge,variance_only,raw,0.1,3,batch1,25,EL150800460617,6C(40%)-3C,854.0,894.9521697105373,40.952169710537305,40.952169710537305,4.795336031678842,,
ridge_a0.1,ridge,variance_only,raw,0.1,3,batch1,36,EL150800460506,7C(40%)-3C,704.0,727.2922863458662,23.29228634586616,23.29228634586616,3.308563401401443,,
ridge_a0.1,ridge,variance_only,raw,0.1,3,batch1,37,EL150800460601,7C(40%)-3C,648.0,729.3682496027865,81.36824960278648,81.36824960278648,12.55682864240532,,
ridge_a0.1,ridge,variance_only,raw,0.1,4,batch1,9,EL150800460468,5.4C(40%)-3.6C,1054.0,878.4803398177414,-175.51966018225858,175.51966018225858,16.652719182377474,,
ridge_a0.1,ridge,variance_only,raw,0.1,4,batch1,23,EL150800460477,6C(30%)-3.6C,1014.0,870.9122549076989,-143.08774509230113,143.08774509230113,14.111217464723978,,
ridge_a0.1,ridge,variance_only,raw,0.1,4,batch1,26,EL150800460659,6C(40%)-3.6C,870.0,770.9381416517466,-99.0618583482534,99.0618583482534,11.38642049979924,,
ridge_a0.1,ridge,variance_only,raw,0.1,4,batch1,27,EL150800463198,6C(40%)-3.6C,842.0,794.7469113209042,-47.253088679095754,47.253088679095754,5.6120057813652915,,
ridge_a0.1,ridge,variance_only,raw,0.1,4,batch1,34,EL150800460525,7C(30%)-3.6C,742.0,792.6759536881677,50.67595368816774,50.67595368816774,6.8296433542005035,,
ridge_a0.1,ridge,variance_only,raw,0.1,4,batch1,35,EL150800460622,7C(30%)-3.6C,703.0,761.7318088744656,58.73180887446563,58.73180887446563,8.35445360945457,,
ridge_a0.1,ridge,variance_only,raw,0.1,5,batch1,11,EL150800463882,5.4C(50%)-3C,788.0,970.2614994702999,182.2614994702999,182.2614994702999,23.129631912474608,,
ridge_a0.1,ridge,variance_only,raw,0.1,5,batch1,20,EL150800464002,5.4C(80%)-5.4C,534.0,572.4006834972117,38.40068349721173,38.40068349721173,7.19113923168759,,
ridge_a0.1,ridge,variance_only,raw,0.1,5,batch1,21,EL150800463871,5.4C(80%)-5.4C,559.0,563.7769241570663,4.7769241570663326,4.7769241570663326,0.85454814974353,,
ridge_a0.1,ridge,variance_only,raw,0.1,5,batch1,32,EL150800460640,6C(60%)-3C,731.0,714.8900302626246,-16.109969737375422,16.109969737375422,2.203826229463122,,
ridge_a0.1,ridge,variance_only,raw,0.1,5,batch1,33,EL150800460436,6C(60%)-3C,757.0,725.3992200133133,-31.60077998668669,31.60077998668669,4.17447555966799,,
boosting_d1_n50,gradient_boosting,variance_only,raw,,1,batch1,18,EL150800453240,5.4C(70%)-3C,691.0,680.9711196629111,-10.028880337088935,10.028880337088935,1.4513575017494842,1.0,50.0
boosting_d1_n50,gradient_boosting,variance_only,raw,,1,batch1,19,EL150800464881,5.4C(70%)-3C,788.0,680.9711196629111,-107.02888033708894,107.02888033708894,13.58234522044276,1.0,50.0
boosting_d1_n50,gradient_boosting,variance_only,raw,,1,batch1,28,EL150800460507,6C(50%)-3C,860.0,828.8950269645559,-31.104973035444118,31.104973035444118,3.6168573297028046,1.0,50.0
boosting_d1_n50,gradient_boosting,variance_only,raw,,1,batch1,29,EL150800460644,6C(50%)-3C,917.0,828.8950269645559,-88.10497303544412,88.10497303544412,9.607957801029894,1.0,50.0
boosting_d1_n50,gradient_boosting,variance_only,raw,,1,batch1,44,EL150800460485,8C(35%)-3.6C,616.0,680.9711196629111,64.97111966291106,64.97111966291106,10.54725968553751,1.0,50.0
boosting_d1_n50,gradient_boosting,variance_only,raw,,1,batch1,45,EL150800460656,8C(35%)-3.6C,599.0,680.9711196629111,81.97111966291106,81.97111966291106,13.684661045561112,1.0,50.0
boosting_d1_n50,gradient_boosting,variance_only,raw,,2,batch1,14,EL150800463838,5.4C(60%)-3C,880.0,881.6820781926741,1.682078192674112,1.682078192674112,0.19114524916751272,1.0,50.0
boosting_d1_n50,gradient_boosting,variance_only,raw,,2,batch1,15,EL150800453113,5.4C(60%)-3C,719.0,881.6820781926741,162.6820781926741,162.6820781926741,22.626158302179988,1.0,50.0
boosting_d1_n50,gradient_boosting,variance_only,raw,,2,batch1,30,EL150800460615,6C(50%)-3.6C,709.0,703.4914879029608,-5.508512097039215,5.508512097039215,0.7769410574103266,1.0,50.0
boosting_d1_n50,gradient_boosting,variance_only,raw,,2,batch1,31,EL150800460481,6C(50%)-3.6C,876.0,703.4914879029608,-172.50851209703922,172.50851209703922,19.69275252249306,1.0,50.0
boosting_d1_n50,gradient_boosting,variance_only,raw,,2,batch1,42,EL150800460618,8C(25%)-3.6C,702.0,673.4700142754082,-28.529985724591825,28.529985724591825,4.064100530568636,1.0,50.0
boosting_d1_n50,gradient_boosting,variance_only,raw,,2,batch1,43,EL150800460636,8C(25%)-3.6C,651.0,673.4700142754082,22.470014275408175,22.470014275408175,3.4516150960688443,1.0,50.0
boosting_d1_n50,gradient_boosting,variance_only,raw,,3,batch1,16,EL150800460653,5.4C(60%)-3.6C,862.0,860.1515298502253,-1.8484701497746983,1.8484701497746983,0.21443969254926895,1.0,50.0
boosting_d1_n50,gradient_boosting,variance_only,raw,,3,batch1,17,EL150800460522,5.4C(60%)-3.6C,857.0,860.1515298502253,3.1515298502253017,3.1515298502253017,0.3677397724883666,1.0,50.0
boosting_d1_n50,gradient_boosting,variance_only,raw,,3,batch1,24,EL150800460630,6C(40%)-3C,1017.0,860.1515298502253,-156.8484701497747,156.8484701497747,15.42266176497293,1.0,50.0
boosting_d1_n50,gradient_boosting,variance_only,raw,,3,batch1,25,EL150800460617,6C(40%)-3C,854.0,860.1515298502253,6.151529850225302,6.151529850225302,0.7203196545931266,1.0,50.0
boosting_d1_n50,gradient_boosting,variance_only,raw,,3,batch1,36,EL150800460506,7C(40%)-3C,704.0,672.7567746398308,-31.243225360169163,31.243225360169163,4.437958147751302,1.0,50.0
boosting_d1_n50,gradient_boosting,variance_only,raw,,3,batch1,37,EL150800460601,7C(40%)-3C,648.0,672.7567746398308,24.756774639830837,24.756774639830837,3.8204899135541415,1.0,50.0
boosting_d1_n50,gradient_boosting,variance_only,raw,,4,batch1,9,EL150800460468,5.4C(40%)-3.6C,1054.0,853.6119898954225,-200.38801010457746,200.38801010457746,19.012145171212286,1.0,50.0
boosting_d1_n50,gradient_boosting,variance_only,raw,,4,batch1,23,EL150800460477,6C(30%)-3.6C,1014.0,853.6119898954225,-160.38801010457746,160.38801010457746,15.81735799847904,1.0,50.0
boosting_d1_n50,gradient_boosting,variance_only,raw,,4,batch1,26,EL150800460659,6C(40%)-3.6C,870.0,853.6119898954225,-16.38801010457746,16.38801010457746,1.8836793223652253,1.0,50.0
boosting_d1_n50,gradient_boosting,variance_only,raw,,4,batch1,27,EL150800463198,6C(40%)-3.6C,842.0,853.6119898954225,11.61198989542254,11.61198989542254,1.3790961871048146,1.0,50.0
boosting_d1_n50,gradient_boosting,variance_only,raw,,4,batch1,34,EL150800460525,7C(30%)-3.6C,742.0,853.6119898954225,111.61198989542254,111.61198989542254,15.042047155717324,1.0,50.0
boosting_d1_n50,gradient_boosting,variance_only,raw,,4,batch1,35,EL150800460622,7C(30%)-3.6C,703.0,853.6119898954225,150.61198989542254,150.61198989542254,21.424180639462666,1.0,50.0
boosting_d1_n50,gradient_boosting,variance_only,raw,,5,batch1,11,EL150800463882,5.4C(50%)-3C,788.0,876.9870143230455,88.98701432304551,88.98701432304551,11.292768315107299,1.0,50.0
boosting_d1_n50,gradient_boosting,variance_only,raw,,5,batch1,20,EL150800464002,5.4C(80%)-5.4C,534.0,690.4584021413043,156.4584021413043,156.4584021413043,29.299326243689944,1.0,50.0
boosting_d1_n50,gradient_boosting,variance_only,raw,,5,batch1,21,EL150800463871,5.4C(80%)-5.4C,559.0,690.4584021413043,131.4584021413043,131.4584021413043,23.516708790931002,1.0,50.0
boosting_d1_n50,gradient_boosting,variance_only,raw,,5,batch1,32,EL150800460640,6C(60%)-3C,731.0,690.4584021413043,-40.541597858695695,40.541597858695695,5.546046218699821,1.0,50.0
boosting_d1_n50,gradient_boosting,variance_only,raw,,5,batch1,33,EL150800460436,6C(60%)-3C,757.0,690.4584021413043,-66.5415978586957,66.5415978586957,8.790171447648044,1.0,50.0
boosting_d1_n100,gradient_boosting,variance_only,raw,,1,batch1,18,EL150800453240,5.4C(70%)-3C,691.0,673.8418086187039,-17.158191381296092,17.158191381296092,2.483095713646323,1.0,100.0
boosting_d1_n100,gradient_boosting,variance_only,raw,,1,batch1,19,EL150800464881,5.4C(70%)-3C,788.0,673.8418086187039,-114.15819138129609,114.15819138129609,14.48708012452996,1.0,100.0
boosting_d1_n100,gradient_boosting,variance_only,raw,,1,batch1,28,EL150800460507,6C(50%)-3C,860.0,825.7089587006145,-34.29104129938548,34.29104129938548,3.987330383649475,1.0,100.0
boosting_d1_n100,gradient_boosting,variance_only,raw,,1,batch1,29,EL150800460644,6C(50%)-3C,917.0,825.7089587006145,-91.29104129938548,91.29104129938548,9.955402540827206,1.0,100.0
boosting_d1_n100,gradient_boosting,variance_only,raw,,1,batch1,44,EL150800460485,8C(35%)-3.6C,616.0,673.8418086187039,57.84180861870391,57.84180861870391,9.389903996542841,1.0,100.0
boosting_d1_n100,gradient_boosting,variance_only,raw,,1,batch1,45,EL150800460656,8C(35%)-3.6C,599.0,673.8418086187039,74.84180861870391,74.84180861870391,12.494458867897146,1.0,100.0
boosting_d1_n100,gradient_boosting,variance_only,raw,,2,batch1,14,EL150800463838,5.4C(60%)-3C,880.0,890.2845965532099,10.284596553209894,10.284596553209894,1.1687041537738516,1.0,100.0
boosting_d1_n100,gradient_boosting,variance_only,raw,,2,batch1,15,EL150800453113,5.4C(60%)-3C,719.0,890.2845965532099,171.2845965532099,171.2845965532099,23.82261426331153,1.0,100.0
boosting_d1_n100,gradient_boosting,variance_only,raw,,2,batch1,30,EL150800460615,6C(50%)-3.6C,709.0,703.0929621602265,-5.907037839773466,5.907037839773466,0.8331506120978089,1.0,100.0
boosting_d1_n100,gradient_boosting,variance_only,raw,,2,batch1,31,EL150800460481,6C(50%)-3.6C,876.0,703.0929621602265,-172.90703783977347,172.90703783977347,19.738246328741266,1.0,100.0
boosting_d1_n100,gradient_boosting,variance_only,raw,,2,batch1,42,EL150800460618,8C(25%)-3.6C,702.0,664.0318832415221,-37.96811675847789,37.96811675847789,5.408563640808817,1.0,100.0
boosting_d1_n100,gradient_boosting,variance_only,raw,,2,batch1,43,EL150800460636,8C(25%)-3.6C,651.0,664.0318832415221,13.03188324152211,13.03188324152211,2.00182538272229,1.0,100.0
boosting_d1_n100,gradient_boosting,variance_only,raw,,3,batch1,16,EL150800460653,5.4C(60%)-3.6C,862.0,868.4110286157361,6.411028615736086,6.411028615736086,0.7437388185308684,1.0,100.0
boosting_d1_n100,gradient_boosting,variance_only,raw,,3,batch1,17,EL150800460522,5.4C(60%)-3.6C,857.0,868.4110286157361,11.411028615736086,11.411028615736086,1.3315085899341992,1.0,100.0
boosting_d1_n100,gradient_boosting,variance_only,raw,,3,batch1,24,EL150800460630,6C(40%)-3C,1017.0,868.4110286157361,-148.5889713842639,148.5889713842639,14.610518326869608,1.0,100.0
boosting_d1_n100,gradient_boosting,variance_only,raw,,3,batch1,25,EL150800460617,6C(40%)-3C,854.0,868.4110286157361,14.411028615736086,14.411028615736086,1.687474076784085,1.0,100.0
boosting_d1_n100,gradient_boosting,variance_only,raw,,3,batch1,36,EL150800460506,7C(40%)-3C,704.0,663.7409765789032,-40.2590234210968,40.2590234210968,5.718611281405796,1.0,100.0
boosting_d1_n100,gradient_boosting,variance_only,raw,,3,batch1,37,EL150800460601,7C(40%)-3C,648.0,663.7409765789032,15.7409765789032,15.7409765789032,2.429163052299877,1.0,100.0
boosting_d1_n100,gradient_boosting,variance_only,raw,,4,batch1,9,EL150800460468,5.4C(40%)-3.6C,1054.0,861.6040284899102,-192.3959715100898,192.3959715100898,18.25388724004647,1.0,100.0
boosting_d1_n100,gradient_boosting,variance_only,raw,,4,batch1,23,EL150800460477,6C(30%)-3.6C,1014.0,861.6040284899102,-152.3959715100898,152.3959715100898,15.029188511843175,1.0,100.0
boosting_d1_n100,gradient_boosting,variance_only,raw,,4,batch1,26,EL150800460659,6C(40%)-3.6C,870.0,861.6040284899102,-8.395971510089794,8.395971510089794,0.9650541965620453,1.0,100.0
boosting_d1_n100,gradient_boosting,variance_only,raw,,4,batch1,27,EL150800463198,6C(40%)-3.6C,842.0,861.6040284899102,19.604028489910206,19.604028489910206,2.3282694168539435,1.0,100.0
boosting_d1_n100,gradient_boosting,variance_only,raw,,4,batch1,34,EL150800460525,7C(30%)-3.6C,742.0,861.6040284899102,119.6040284899102,119.6040284899102,16.119141305917815,1.0,100.0
boosting_d1_n100,gradient_boosting,variance_only,raw,,4,batch1,35,EL150800460622,7C(30%)-3.6C,703.0,861.6040284899102,158.6040284899102,158.6040284899102,22.56102823469562,1.0,100.0
boosting_d1_n100,gradient_boosting,variance_only,raw,,5,batch1,11,EL150800463882,5.4C(50%)-3C,788.0,883.352848808304,95.35284880830397,95.35284880830397,12.100615331003041,1.0,100.0
boosting_d1_n100,gradient_boosting,variance_only,raw,,5,batch1,20,EL150800464002,5.4C(80%)-5.4C,534.0,682.7476770861076,148.74767708610761,148.74767708610761,27.855370240844124,1.0,100.0
boosting_d1_n100,gradient_boosting,variance_only,raw,,5,batch1,21,EL150800463871,5.4C(80%)-5.4C,559.0,682.7476770861076,123.74767708610761,123.74767708610761,22.137330426852884,1.0,100.0
boosting_d1_n100,gradient_boosting,variance_only,raw,,5,batch1,32,EL150800460640,6C(60%)-3C,731.0,682.7476770861076,-48.252322913892385,48.252322913892385,6.600864967700737,1.0,100.0
boosting_d1_n100,gradient_boosting,variance_only,raw,,5,batch1,33,EL150800460436,6C(60%)-3C,757.0,682.7476770861076,-74.25232291389239,74.25232291389239,9.808761283209034,1.0,100.0
boosting_d2_n50,gradient_boosting,variance_only,raw,,1,batch1,18,EL150800453240,5.4C(70%)-3C,691.0,680.9711196629111,-10.028880337088935,10.028880337088935,1.4513575017494842,2.0,50.0
boosting_d2_n50,gradient_boosting,variance_only,raw,,1,batch1,19,EL150800464881,5.4C(70%)-3C,788.0,680.9711196629111,-107.02888033708894,107.02888033708894,13.58234522044276,2.0,50.0
boosting_d2_n50,gradient_boosting,variance_only,raw,,1,batch1,28,EL150800460507,6C(50%)-3C,860.0,828.8950269645559,-31.104973035444118,31.104973035444118,3.6168573297028046,2.0,50.0
boosting_d2_n50,gradient_boosting,variance_only,raw,,1,batch1,29,EL150800460644,6C(50%)-3C,917.0,828.8950269645559,-88.10497303544412,88.10497303544412,9.607957801029894,2.0,50.0
boosting_d2_n50,gradient_boosting,variance_only,raw,,1,batch1,44,EL150800460485,8C(35%)-3.6C,616.0,680.9711196629111,64.97111966291106,64.97111966291106,10.54725968553751,2.0,50.0
boosting_d2_n50,gradient_boosting,variance_only,raw,,1,batch1,45,EL150800460656,8C(35%)-3.6C,599.0,680.9711196629111,81.97111966291106,81.97111966291106,13.684661045561112,2.0,50.0
boosting_d2_n50,gradient_boosting,variance_only,raw,,2,batch1,14,EL150800463838,5.4C(60%)-3C,880.0,881.6820781926741,1.682078192674112,1.682078192674112,0.19114524916751272,2.0,50.0
boosting_d2_n50,gradient_boosting,variance_only,raw,,2,batch1,15,EL150800453113,5.4C(60%)-3C,719.0,881.6820781926741,162.6820781926741,162.6820781926741,22.626158302179988,2.0,50.0
boosting_d2_n50,gradient_boosting,variance_only,raw,,2,batch1,30,EL150800460615,6C(50%)-3.6C,709.0,703.4914879029608,-5.508512097039215,5.508512097039215,0.7769410574103266,2.0,50.0
boosting_d2_n50,gradient_boosting,variance_only,raw,,2,batch1,31,EL150800460481,6C(50%)-3.6C,876.0,703.4914879029608,-172.50851209703922,172.50851209703922,19.69275252249306,2.0,50.0
boosting_d2_n50,gradient_boosting,variance_only,raw,,2,batch1,42,EL150800460618,8C(25%)-3.6C,702.0,673.4700142754082,-28.529985724591825,28.529985724591825,4.064100530568636,2.0,50.0
boosting_d2_n50,gradient_boosting,variance_only,raw,,2,batch1,43,EL150800460636,8C(25%)-3.6C,651.0,673.4700142754082,22.470014275408175,22.470014275408175,3.4516150960688443,2.0,50.0
boosting_d2_n50,gradient_boosting,variance_only,raw,,3,batch1,16,EL150800460653,5.4C(60%)-3.6C,862.0,860.1515298502253,-1.8484701497746983,1.8484701497746983,0.21443969254926895,2.0,50.0
boosting_d2_n50,gradient_boosting,variance_only,raw,,3,batch1,17,EL150800460522,5.4C(60%)-3.6C,857.0,860.1515298502253,3.1515298502253017,3.1515298502253017,0.3677397724883666,2.0,50.0
boosting_d2_n50,gradient_boosting,variance_only,raw,,3,batch1,24,EL150800460630,6C(40%)-3C,1017.0,860.1515298502253,-156.8484701497747,156.8484701497747,15.42266176497293,2.0,50.0
boosting_d2_n50,gradient_boosting,variance_only,raw,,3,batch1,25,EL150800460617,6C(40%)-3C,854.0,860.1515298502253,6.151529850225302,6.151529850225302,0.7203196545931266,2.0,50.0
boosting_d2_n50,gradient_boosting,variance_only,raw,,3,batch1,36,EL150800460506,7C(40%)-3C,704.0,672.7567746398308,-31.243225360169163,31.243225360169163,4.437958147751302,2.0,50.0
boosting_d2_n50,gradient_boosting,variance_only,raw,,3,batch1,37,EL150800460601,7C(40%)-3C,648.0,672.7567746398308,24.756774639830837,24.756774639830837,3.8204899135541415,2.0,50.0
boosting_d2_n50,gradient_boosting,variance_only,raw,,4,batch1,9,EL150800460468,5.4C(40%)-3.6C,1054.0,853.6119898954225,-200.38801010457746,200.38801010457746,19.012145171212286,2.0,50.0
boosting_d2_n50,gradient_boosting,variance_only,raw,,4,batch1,23,EL150800460477,6C(30%)-3.6C,1014.0,853.6119898954225,-160.38801010457746,160.38801010457746,15.81735799847904,2.0,50.0
boosting_d2_n50,gradient_boosting,variance_only,raw,,4,batch1,26,EL150800460659,6C(40%)-3.6C,870.0,853.6119898954225,-16.38801010457746,16.38801010457746,1.8836793223652253,2.0,50.0
boosting_d2_n50,gradient_boosting,variance_only,raw,,4,batch1,27,EL150800463198,6C(40%)-3.6C,842.0,853.6119898954225,11.61198989542254,11.61198989542254,1.3790961871048146,2.0,50.0
boosting_d2_n50,gradient_boosting,variance_only,raw,,4,batch1,34,EL150800460525,7C(30%)-3.6C,742.0,853.6119898954225,111.61198989542254,111.61198989542254,15.042047155717324,2.0,50.0
boosting_d2_n50,gradient_boosting,variance_only,raw,,4,batch1,35,EL150800460622,7C(30%)-3.6C,703.0,853.6119898954225,150.61198989542254,150.61198989542254,21.424180639462666,2.0,50.0
boosting_d2_n50,gradient_boosting,variance_only,raw,,5,batch1,11,EL150800463882,5.4C(50%)-3C,788.0,876.9870143230455,88.98701432304551,88.98701432304551,11.292768315107299,2.0,50.0
boosting_d2_n50,gradient_boosting,variance_only,raw,,5,batch1,20,EL150800464002,5.4C(80%)-5.4C,534.0,690.4584021413043,156.4584021413043,156.4584021413043,29.299326243689944,2.0,50.0
boosting_d2_n50,gradient_boosting,variance_only,raw,,5,batch1,21,EL150800463871,5.4C(80%)-5.4C,559.0,690.4584021413043,131.4584021413043,131.4584021413043,23.516708790931002,2.0,50.0
boosting_d2_n50,gradient_boosting,variance_only,raw,,5,batch1,32,EL150800460640,6C(60%)-3C,731.0,690.4584021413043,-40.541597858695695,40.541597858695695,5.546046218699821,2.0,50.0
boosting_d2_n50,gradient_boosting,variance_only,raw,,5,batch1,33,EL150800460436,6C(60%)-3C,757.0,690.4584021413043,-66.5415978586957,66.5415978586957,8.790171447648044,2.0,50.0
boosting_d2_n100,gradient_boosting,variance_only,raw,,1,batch1,18,EL150800453240,5.4C(70%)-3C,691.0,673.8418086187039,-17.158191381296092,17.158191381296092,2.483095713646323,2.0,100.0
boosting_d2_n100,gradient_boosting,variance_only,raw,,1,batch1,19,EL150800464881,5.4C(70%)-3C,788.0,673.8418086187039,-114.15819138129609,114.15819138129609,14.48708012452996,2.0,100.0
boosting_d2_n100,gradient_boosting,variance_only,raw,,1,batch1,28,EL150800460507,6C(50%)-3C,860.0,825.7089587006145,-34.29104129938548,34.29104129938548,3.987330383649475,2.0,100.0
boosting_d2_n100,gradient_boosting,variance_only,raw,,1,batch1,29,EL150800460644,6C(50%)-3C,917.0,825.7089587006145,-91.29104129938548,91.29104129938548,9.955402540827206,2.0,100.0
boosting_d2_n100,gradient_boosting,variance_only,raw,,1,batch1,44,EL150800460485,8C(35%)-3.6C,616.0,673.8418086187039,57.84180861870391,57.84180861870391,9.389903996542841,2.0,100.0
boosting_d2_n100,gradient_boosting,variance_only,raw,,1,batch1,45,EL150800460656,8C(35%)-3.6C,599.0,673.8418086187039,74.84180861870391,74.84180861870391,12.494458867897146,2.0,100.0
boosting_d2_n100,gradient_boosting,variance_only,raw,,2,batch1,14,EL150800463838,5.4C(60%)-3C,880.0,890.2845965532099,10.284596553209894,10.284596553209894,1.1687041537738516,2.0,100.0
boosting_d2_n100,gradient_boosting,variance_only,raw,,2,batch1,15,EL150800453113,5.4C(60%)-3C,719.0,890.2845965532099,171.2845965532099,171.2845965532099,23.82261426331153,2.0,100.0
boosting_d2_n100,gradient_boosting,variance_only,raw,,2,batch1,30,EL150800460615,6C(50%)-3.6C,709.0,703.0929621602265,-5.907037839773466,5.907037839773466,0.8331506120978089,2.0,100.0
boosting_d2_n100,gradient_boosting,variance_only,raw,,2,batch1,31,EL150800460481,6C(50%)-3.6C,876.0,703.0929621602265,-172.90703783977347,172.90703783977347,19.738246328741266,2.0,100.0
boosting_d2_n100,gradient_boosting,variance_only,raw,,2,batch1,42,EL150800460618,8C(25%)-3.6C,702.0,664.0318832415221,-37.96811675847789,37.96811675847789,5.408563640808817,2.0,100.0
boosting_d2_n100,gradient_boosting,variance_only,raw,,2,batch1,43,EL150800460636,8C(25%)-3.6C,651.0,664.0318832415221,13.03188324152211,13.03188324152211,2.00182538272229,2.0,100.0
boosting_d2_n100,gradient_boosting,variance_only,raw,,3,batch1,16,EL150800460653,5.4C(60%)-3.6C,862.0,868.4110286157361,6.411028615736086,6.411028615736086,0.7437388185308684,2.0,100.0
boosting_d2_n100,gradient_boosting,variance_only,raw,,3,batch1,17,EL150800460522,5.4C(60%)-3.6C,857.0,868.4110286157361,11.411028615736086,11.411028615736086,1.3315085899341992,2.0,100.0
boosting_d2_n100,gradient_boosting,variance_only,raw,,3,batch1,24,EL150800460630,6C(40%)-3C,1017.0,868.4110286157361,-148.5889713842639,148.5889713842639,14.610518326869608,2.0,100.0
boosting_d2_n100,gradient_boosting,variance_only,raw,,3,batch1,25,EL150800460617,6C(40%)-3C,854.0,868.4110286157361,14.411028615736086,14.411028615736086,1.687474076784085,2.0,100.0
boosting_d2_n100,gradient_boosting,variance_only,raw,,3,batch1,36,EL150800460506,7C(40%)-3C,704.0,663.7409765789032,-40.2590234210968,40.2590234210968,5.718611281405796,2.0,100.0
boosting_d2_n100,gradient_boosting,variance_only,raw,,3,batch1,37,EL150800460601,7C(40%)-3C,648.0,663.7409765789032,15.7409765789032,15.7409765789032,2.429163052299877,2.0,100.0
boosting_d2_n100,gradient_boosting,variance_only,raw,,4,batch1,9,EL150800460468,5.4C(40%)-3.6C,1054.0,861.6040284899102,-192.3959715100898,192.3959715100898,18.25388724004647,2.0,100.0
boosting_d2_n100,gradient_boosting,variance_only,raw,,4,batch1,23,EL150800460477,6C(30%)-3.6C,1014.0,861.6040284899102,-152.3959715100898,152.3959715100898,15.029188511843175,2.0,100.0
boosting_d2_n100,gradient_boosting,variance_only,raw,,4,batch1,26,EL150800460659,6C(40%)-3.6C,870.0,861.6040284899102,-8.395971510089794,8.395971510089794,0.9650541965620453,2.0,100.0
boosting_d2_n100,gradient_boosting,variance_only,raw,,4,batch1,27,EL150800463198,6C(40%)-3.6C,842.0,861.6040284899102,19.604028489910206,19.604028489910206,2.3282694168539435,2.0,100.0
boosting_d2_n100,gradient_boosting,variance_only,raw,,4,batch1,34,EL150800460525,7C(30%)-3.6C,742.0,861.6040284899102,119.6040284899102,119.6040284899102,16.119141305917815,2.0,100.0
boosting_d2_n100,gradient_boosting,variance_only,raw,,4,batch1,35,EL150800460622,7C(30%)-3.6C,703.0,861.6040284899102,158.6040284899102,158.6040284899102,22.56102823469562,2.0,100.0
boosting_d2_n100,gradient_boosting,variance_only,raw,,5,batch1,11,EL150800463882,5.4C(50%)-3C,788.0,883.352848808304,95.35284880830397,95.35284880830397,12.100615331003041,2.0,100.0
boosting_d2_n100,gradient_boosting,variance_only,raw,,5,batch1,20,EL150800464002,5.4C(80%)-5.4C,534.0,682.7476770861076,148.74767708610761,148.74767708610761,27.855370240844124,2.0,100.0
boosting_d2_n100,gradient_boosting,variance_only,raw,,5,batch1,21,EL150800463871,5.4C(80%)-5.4C,559.0,682.7476770861076,123.74767708610761,123.74767708610761,22.137330426852884,2.0,100.0
boosting_d2_n100,gradient_boosting,variance_only,raw,,5,batch1,32,EL150800460640,6C(60%)-3C,731.0,682.7476770861076,-48.252322913892385,48.252322913892385,6.600864967700737,2.0,100.0
boosting_d2_n100,gradient_boosting,variance_only,raw,,5,batch1,33,EL150800460436,6C(60%)-3C,757.0,682.7476770861076,-74.25232291389239,74.25232291389239,9.808761283209034,2.0,100.0
