config_id,model,feature_set,target,alpha,fold,feature,train_mean,train_scale,max_depth,n_estimators
linear_regression,ols,variance_only,raw,,1,log10_deltaQ_var,-3.819476779404867,0.21298999732333312,,
linear_regression,ols,variance_only,raw,,2,log10_deltaQ_var,-3.7707327569486657,0.23106351222035432,,
linear_regression,ols,variance_only,raw,,3,log10_deltaQ_var,-3.750755406311029,0.22030630482596564,,
linear_regression,ols,variance_only,raw,,4,log10_deltaQ_var,-3.7511572417966774,0.22923415806816969,,
linear_regression,ols,variance_only,raw,,5,log10_deltaQ_var,-3.8112060818692814,0.18715911819866562,,
ridge_a0.1,ridge,variance_only,raw,0.1,1,log10_deltaQ_var,-3.819476779404867,0.21298999732333312,,
ridge_a0.1,ridge,variance_only,raw,0.1,2,log10_deltaQ_var,-3.7707327569486657,0.23106351222035432,,
ridge_a0.1,ridge,variance_only,raw,0.1,3,log10_deltaQ_var,-3.750755406311029,0.22030630482596564,,
ridge_a0.1,ridge,variance_only,raw,0.1,4,log10_deltaQ_var,-3.7511572417966774,0.22923415806816969,,
ridge_a0.1,ridge,variance_only,raw,0.1,5,log10_deltaQ_var,-3.8112060818692814,0.18715911819866562,,
boosting_d1_n50,gradient_boosting,variance_only,raw,,1,log10_deltaQ_var,-3.819476779404867,0.21298999732333312,1.0,50.0
boosting_d1_n50,gradient_boosting,variance_only,raw,,2,log10_deltaQ_var,-3.7707327569486657,0.23106351222035432,1.0,50.0
boosting_d1_n50,gradient_boosting,variance_only,raw,,3,log10_deltaQ_var,-3.750755406311029,0.22030630482596564,1.0,50.0
boosting_d1_n50,gradient_boosting,variance_only,raw,,4,log10_deltaQ_var,-3.7511572417966774,0.22923415806816969,1.0,50.0
boosting_d1_n50,gradient_boosting,variance_only,raw,,5,log10_deltaQ_var,-3.8112060818692814,0.18715911819866562,1.0,50.0
boosting_d1_n100,gradient_boosting,variance_only,raw,,1,log10_deltaQ_var,-3.819476779404867,0.21298999732333312,1.0,100.0
boosting_d1_n100,gradient_boosting,variance_only,raw,,2,log10_deltaQ_var,-3.7707327569486657,0.23106351222035432,1.0,100.0
boosting_d1_n100,gradient_boosting,variance_only,raw,,3,log10_deltaQ_var,-3.750755406311029,0.22030630482596564,1.0,100.0
boosting_d1_n100,gradient_boosting,variance_only,raw,,4,log10_deltaQ_var,-3.7511572417966774,0.22923415806816969,1.0,100.0
boosting_d1_n100,gradient_boosting,variance_only,raw,,5,log10_deltaQ_var,-3.8112060818692814,0.18715911819866562,1.0,100.0
boosting_d2_n50,gradient_boosting,variance_only,raw,,1,log10_deltaQ_var,-3.819476779404867,0.21298999732333312,2.0,50.0
boosting_d2_n50,gradient_boosting,variance_only,raw,,2,log10_deltaQ_var,-3.7707327569486657,0.23106351222035432,2.0,50.0
boosting_d2_n50,gradient_boosting,variance_only,raw,,3,log10_deltaQ_var,-3.750755406311029,0.22030630482596564,2.0,50.0
boosting_d2_n50,gradient_boosting,variance_only,raw,,4,log10_deltaQ_var,-3.7511572417966774,0.22923415806816969,2.0,50.0
boosting_d2_n50,gradient_boosting,variance_only,raw,,5,log10_deltaQ_var,-3.8112060818692814,0.18715911819866562,2.0,50.0
boosting_d2_n100,gradient_boosting,variance_only,raw,,1,log10_deltaQ_var,-3.819476779404867,0.21298999732333312,2.0,100.0
boosting_d2_n100,gradient_boosting,variance_only,raw,,2,log10_deltaQ_var,-3.7707327569486657,0.23106351222035432,2.0,100.0
boosting_d2_n100,gradient_boosting,variance_only,raw,,3,log10_deltaQ_var,-3.750755406311029,0.22030630482596564,2.0,100.0
boosting_d2_n100,gradient_boosting,variance_only,raw,,4,log10_deltaQ_var,-3.7511572417966774,0.22923415806816969,2.0,100.0
boosting_d2_n100,gradient_boosting,variance_only,raw,,5,log10_deltaQ_var,-3.8112060818692814,0.18715911819866562,2.0,100.0
